2026-10-07 12:07:15,934 | INFO | 
2026-10-07 12:07:15,934 | INFO | ################################################################################
2026-10-07 12:07:15,934 | INFO | LOCAL RETAIL DATA PIPELINE STARTED
2026-10-07 12:07:15,934 | INFO | ################################################################################
2026-10-07 12:07:15,934 | INFO | Start time: 2026-10-07 12:07:15.934247
2026-10-07 12:07:15,934 | INFO | ================================================================================
2026-10-07 12:07:15,934 | INFO | VALIDATING PROJECT CONFIGURATION
2026-10-07 12:07:15,934 | INFO | ================================================================================
2026-10-07 12:07:15,935 | INFO | Project root: D:\airflow_etl
2026-10-07 12:07:15,935 | INFO | Python executable: D:\airflow_etl\.venv\Scripts\python.exe
2026-10-07 12:07:15,936 | INFO | Raw folder: D:\airflow_etl\raw
2026-10-07 12:07:15,936 | INFO | Configuration validation completed.
2026-10-07 12:07:15,936 | INFO | ================================================================================
2026-10-07 12:07:15,938 | INFO | CHECKING RAW FOLDER FOR CSV FILES
2026-10-07 12:07:15,938 | INFO | ================================================================================
2026-10-07 12:07:16,042 | INFO | Found 1974 CSV file(s).
2026-10-07 12:07:16,045 | INFO | Input file: D:\airflow_etl\raw\products\products.csv | Size: 11046 bytes
2026-10-07 12:07:16,045 | INFO | Input file: D:\airflow_etl\raw\orders_enriched\2025-01-01\orders_enriched.csv | Size: 13786 bytes
2026-10-07 12:07:16,045 | INFO | Input file: D:\airflow_etl\raw\orders_enriched\2025-01-02\orders_enriched.csv | Size: 13501 bytes
2026-10-07 12:07:16,045 | INFO | Input file: D:\airflow_etl\raw\orders_enriched\2025-01-03\orders_enriched.csv | Size: 17448 bytes
2026-10-07 12:07:16,045 | INFO | Input file: D:\airflow_etl\raw\orders_enriched\2025-01-04\orders_enriched.csv | Size: 11655 bytes
2026-10-07 12:07:16,045 | INFO | Input file: D:\airflow_etl\raw\orders_enriched\2025-01-05\orders_enriched.csv | Size: 16830 bytes
2026-10-07 12:07:16,046 | INFO | Input file: D:\airflow_etl\raw\orders_enriched\2025-01-06\orders_enriched.csv | Size: 14390 bytes
2026-10-07 12:07:16,046 | INFO | Input file: D:\airflow_etl\raw\orders_enriched\2025-01-07\orders_enriched.csv | Size: 13691 bytes
2026-10-07 12:07:16,046 | INFO | Input file: D:\airflow_etl\raw\orders_enriched\2025-01-08\orders_enriched.csv | Size: 14940 bytes
2026-10-07 12:07:16,046 | INFO | Input file: D:\airflow_etl\raw\orders_enriched\2025-01-09\orders_enriched.csv | Size: 13354 bytes
2026-10-07 12:07:16,046 | INFO | Input file: D:\airflow_etl\raw\orders_enriched\2025-01-10\orders_enriched.csv | Size: 15030 bytes
2026-10-07 12:07:16,046 | INFO | Input file: D:\airflow_etl\raw\orders_enriched\2025-01-11\orders_enriched.csv | Size: 12811 bytes
2026-10-07 12:07:16,046 | INFO | Input file: D:\airflow_etl\raw\orders_enriched\2025-01-12\orders_enriched.csv | Size: 14378 bytes
2026-10-07 12:07:16,047 | INFO | Input file: D:\airflow_etl\raw\orders_enriched\2025-01-13\orders_enriched.csv | Size: 15267 bytes
2026-10-07 12:07:16,047 | INFO | Input file: D:\airflow_etl\raw\orders_enriched\2025-01-14\orders_enriched.csv | Size: 14572 bytes
2026-10-07 12:07:16,047 | INFO | Input file: D:\airflow_etl\raw\orders_enriched\2025-01-15\orders_enriched.csv | Size: 16592 bytes
2026-10-07 12:07:16,047 | INFO | Input file: D:\airflow_etl\raw\orders_enriched\2025-01-16\orders_enriched.csv | Size: 15301 bytes
2026-10-07 12:07:16,047 | INFO | Input file: D:\airflow_etl\raw\orders_enriched\2025-01-17\orders_enriched.csv | Size: 13574 bytes
2026-10-07 12:07:16,047 | INFO | Input file: D:\airflow_etl\raw\orders_enriched\2025-01-18\orders_enriched.csv | Size: 12238 bytes
2026-10-07 12:07:16,048 | INFO | Input file: D:\airflow_etl\raw\orders_enriched\2025-01-19\orders_enriched.csv | Size: 13027 bytes
2026-10-07 12:07:16,048 | INFO | Input file: D:\airflow_etl\raw\orders_enriched\2025-01-20\orders_enriched.csv | Size: 16854 bytes
2026-10-07 12:07:16,048 | INFO | Input file: D:\airflow_etl\raw\orders_enriched\2025-01-21\orders_enriched.csv | Size: 15508 bytes
2026-10-07 12:07:16,048 | INFO | Input file: D:\airflow_etl\raw\orders_enriched\2025-01-22\orders_enriched.csv | Size: 16822 bytes
2026-10-07 12:07:16,048 | INFO | Input file: D:\airflow_etl\raw\orders_enriched\2025-01-23\orders_enriched.csv | Size: 12160 bytes
2026-10-07 12:07:16,049 | INFO | Input file: D:\airflow_etl\raw\orders_enriched\2025-01-24\orders_enriched.csv | Size: 13122 bytes
2026-10-07 12:07:16,049 | INFO | Input file: D:\airflow_etl\raw\orders_enriched\2025-01-25\orders_enriched.csv | Size: 13116 bytes
2026-10-07 12:07:16,049 | INFO | Input file: D:\airflow_etl\raw\orders_enriched\2025-01-26\orders_enriched.csv | Size: 17419 bytes
2026-10-07 12:07:16,049 | INFO | Input file: D:\airflow_etl\raw\orders_enriched\2025-01-27\orders_enriched.csv | Size: 17597 bytes
2026-10-07 12:07:16,049 | INFO | Input file: D:\airflow_etl\raw\orders_enriched\2025-01-28\orders_enriched.csv | Size: 16589 bytes
2026-10-07 12:07:16,049 | INFO | Input file: D:\airflow_etl\raw\orders_enriched\2025-01-29\orders_enriched.csv | Size: 15788 bytes
2026-10-07 12:07:16,050 | INFO | Input file: D:\airflow_etl\raw\orders_enriched\2025-01-30\orders_enriched.csv | Size: 13425 bytes
2026-10-07 12:07:16,050 | INFO | Input file: D:\airflow_etl\raw\orders_enriched\2025-01-31\orders_enriched.csv | Size: 17065 bytes
2026-10-07 12:07:16,050 | INFO | Input file: D:\airflow_etl\raw\orders_enriched\2025-02-01\orders_enriched.csv | Size: 15642 bytes
2026-10-07 12:07:16,050 | INFO | Input file: D:\airflow_etl\raw\orders_enriched\2025-02-02\orders_enriched.csv | Size: 15101 bytes
2026-10-07 12:07:16,050 | INFO | Input file: D:\airflow_etl\raw\orders_enriched\2025-02-03\orders_enriched.csv | Size: 12507 bytes
2026-10-07 12:07:16,050 | INFO | Input file: D:\airflow_etl\raw\orders_enriched\2025-02-04\orders_enriched.csv | Size: 13954 bytes
2026-10-07 12:07:16,051 | INFO | Input file: D:\airflow_etl\raw\orders_enriched\2025-02-05\orders_enriched.csv | Size: 15101 bytes
2026-10-07 12:07:16,051 | INFO | Input file: D:\airflow_etl\raw\orders_enriched\2025-02-06\orders_enriched.csv | Size: 14754 bytes
2026-10-07 12:07:16,051 | INFO | Input file: D:\airflow_etl\raw\orders_enriched\2025-02-07\orders_enriched.csv | Size: 11876 bytes
2026-10-07 12:07:16,051 | INFO | Input file: D:\airflow_etl\raw\orders_enriched\2025-02-08\orders_enriched.csv | Size: 15885 bytes
2026-10-07 12:07:16,052 | INFO | Input file: D:\airflow_etl\raw\orders_enriched\2025-02-09\orders_enriched.csv | Size: 13845 bytes
2026-10-07 12:07:16,052 | INFO | Input file: D:\airflow_etl\raw\orders_enriched\2025-02-10\orders_enriched.csv | Size: 14645 bytes
2026-10-07 12:07:16,052 | INFO | Input file: D:\airflow_etl\raw\orders_enriched\2025-02-11\orders_enriched.csv | Size: 15927 bytes
2026-10-07 12:07:16,052 | INFO | Input file: D:\airflow_etl\raw\orders_enriched\2025-02-12\orders_enriched.csv | Size: 15965 bytes
2026-10-07 12:07:16,052 | INFO | Input file: D:\airflow_etl\raw\orders_enriched\2025-02-13\orders_enriched.csv | Size: 14014 bytes
2026-10-07 12:07:16,053 | INFO | Input file: D:\airflow_etl\raw\orders_enriched\2025-02-14\orders_enriched.csv | Size: 16695 bytes
2026-10-07 12:07:16,053 | INFO | Input file: D:\airflow_etl\raw\orders_enriched\2025-02-15\orders_enriched.csv | Size: 16256 bytes
2026-10-07 12:07:16,053 | INFO | Input file: D:\airflow_etl\raw\orders_enriched\2025-02-16\orders_enriched.csv | Size: 13860 bytes
2026-10-07 12:07:16,053 | INFO | Input file: D:\airflow_etl\raw\orders_enriched\2025-02-17\orders_enriched.csv | Size: 17468 bytes
2026-10-07 12:07:16,053 | INFO | Input file: D:\airflow_etl\raw\orders_enriched\2025-02-18\orders_enriched.csv | Size: 15674 bytes
2026-10-07 12:07:16,054 | INFO | Input file: D:\airflow_etl\raw\orders_enriched\2025-02-19\orders_enriched.csv | Size: 15239 bytes
2026-10-07 12:07:16,054 | INFO | Input file: D:\airflow_etl\raw\orders_enriched\2025-02-20\orders_enriched.csv | Size: 15099 bytes
2026-10-07 12:07:16,054 | INFO | Input file: D:\airflow_etl\raw\orders_enriched\2025-02-21\orders_enriched.csv | Size: 13393 bytes
2026-10-07 12:07:16,055 | INFO | Input file: D:\airflow_etl\raw\orders_enriched\2025-02-22\orders_enriched.csv | Size: 14369 bytes
2026-10-07 12:07:16,055 | INFO | Input file: D:\airflow_etl\raw\orders_enriched\2025-02-23\orders_enriched.csv | Size: 16277 bytes
2026-10-07 12:07:16,055 | INFO | Input file: D:\airflow_etl\raw\orders_enriched\2025-02-24\orders_enriched.csv | Size: 16224 bytes
2026-10-07 12:07:16,055 | INFO | Input file: D:\airflow_etl\raw\orders_enriched\2025-02-25\orders_enriched.csv | Size: 14404 bytes
2026-10-07 12:07:16,055 | INFO | Input file: D:\airflow_etl\raw\orders_enriched\2025-02-26\orders_enriched.csv | Size: 14604 bytes
2026-10-07 12:07:16,056 | INFO | Input file: D:\airflow_etl\raw\orders_enriched\2025-02-27\orders_enriched.csv | Size: 11230 bytes
2026-10-07 12:07:16,056 | INFO | Input file: D:\airflow_etl\raw\orders_enriched\2025-02-28\orders_enriched.csv | Size: 16856 bytes
2026-10-07 12:07:16,056 | INFO | Input file: D:\airflow_etl\raw\orders_enriched\2025-03-01\orders_enriched.csv | Size: 16346 bytes
2026-10-07 12:07:16,056 | INFO | Input file: D:\airflow_etl\raw\orders_enriched\2025-03-02\orders_enriched.csv | Size: 13771 bytes
2026-10-07 12:07:16,056 | INFO | Input file: D:\airflow_etl\raw\orders_enriched\2025-03-03\orders_enriched.csv | Size: 13900 bytes
2026-10-07 12:07:16,057 | INFO | Input file: D:\airflow_etl\raw\orders_enriched\2025-03-04\orders_enriched.csv | Size: 15922 bytes
2026-10-07 12:07:16,057 | INFO | Input file: D:\airflow_etl\raw\orders_enriched\2025-03-05\orders_enriched.csv | Size: 14645 bytes
2026-10-07 12:07:16,057 | INFO | Input file: D:\airflow_etl\raw\orders_enriched\2025-03-06\orders_enriched.csv | Size: 16415 bytes
2026-10-07 12:07:16,057 | INFO | Input file: D:\airflow_etl\raw\orders_enriched\2025-03-07\orders_enriched.csv | Size: 17459 bytes
2026-10-07 12:07:16,058 | INFO | Input file: D:\airflow_etl\raw\orders_enriched\2025-03-08\orders_enriched.csv | Size: 14791 bytes
2026-10-07 12:07:16,058 | INFO | Input file: D:\airflow_etl\raw\orders_enriched\2025-03-09\orders_enriched.csv | Size: 14269 bytes
2026-10-07 12:07:16,059 | INFO | Input file: D:\airflow_etl\raw\orders_enriched\2025-03-10\orders_enriched.csv | Size: 15148 bytes
2026-10-07 12:07:16,059 | INFO | Input file: D:\airflow_etl\raw\orders_enriched\2025-03-11\orders_enriched.csv | Size: 15833 bytes
2026-10-07 12:07:16,059 | INFO | Input file: D:\airflow_etl\raw\orders_enriched\2025-03-12\orders_enriched.csv | Size: 14338 bytes
2026-10-07 12:07:16,059 | INFO | Input file: D:\airflow_etl\raw\orders_enriched\2025-03-13\orders_enriched.csv | Size: 13784 bytes
2026-10-07 12:07:16,059 | INFO | Input file: D:\airflow_etl\raw\orders_enriched\2025-03-14\orders_enriched.csv | Size: 12494 bytes
2026-10-07 12:07:16,060 | INFO | Input file: D:\airflow_etl\raw\orders_enriched\2025-03-15\orders_enriched.csv | Size: 15077 bytes
2026-10-07 12:07:16,060 | INFO | Input file: D:\airflow_etl\raw\orders_enriched\2025-03-16\orders_enriched.csv | Size: 15875 bytes
2026-10-07 12:07:16,060 | INFO | Input file: D:\airflow_etl\raw\orders_enriched\2025-03-17\orders_enriched.csv | Size: 16669 bytes
2026-10-07 12:07:16,060 | INFO | Input file: D:\airflow_etl\raw\orders_enriched\2025-03-18\orders_enriched.csv | Size: 16735 bytes
2026-10-07 12:07:16,060 | INFO | Input file: D:\airflow_etl\raw\orders_enriched\2025-03-19\orders_enriched.csv | Size: 14997 bytes
2026-10-07 12:07:16,061 | INFO | Input file: D:\airflow_etl\raw\orders_enriched\2025-03-20\orders_enriched.csv | Size: 15420 bytes
2026-10-07 12:07:16,061 | INFO | Input file: D:\airflow_etl\raw\orders_enriched\2025-03-21\orders_enriched.csv | Size: 13233 bytes
2026-10-07 12:07:16,061 | INFO | Input file: D:\airflow_etl\raw\orders_enriched\2025-03-22\orders_enriched.csv | Size: 15364 bytes
2026-10-07 12:07:16,061 | INFO | Input file: D:\airflow_etl\raw\orders_enriched\2025-03-23\orders_enriched.csv | Size: 15438 bytes
2026-10-07 12:07:16,061 | INFO | Input file: D:\airflow_etl\raw\orders_enriched\2025-03-24\orders_enriched.csv | Size: 15852 bytes
2026-10-07 12:07:16,062 | INFO | Input file: D:\airflow_etl\raw\orders_enriched\2025-03-25\orders_enriched.csv | Size: 11813 bytes
2026-10-07 12:07:16,062 | INFO | Input file: D:\airflow_etl\raw\orders_enriched\2025-03-26\orders_enriched.csv | Size: 19056 bytes
2026-10-07 12:07:16,062 | INFO | Input file: D:\airflow_etl\raw\orders_enriched\2025-03-27\orders_enriched.csv | Size: 12999 bytes
2026-10-07 12:07:16,062 | INFO | Input file: D:\airflow_etl\raw\orders_enriched\2025-03-28\orders_enriched.csv | Size: 13913 bytes
2026-10-07 12:07:16,063 | INFO | Input file: D:\airflow_etl\raw\orders_enriched\2025-03-29\orders_enriched.csv | Size: 12534 bytes
2026-10-07 12:07:16,063 | INFO | Input file: D:\airflow_etl\raw\orders_enriched\2025-03-30\orders_enriched.csv | Size: 17489 bytes
2026-10-07 12:07:16,063 | INFO | Input file: D:\airflow_etl\raw\orders_enriched\2025-03-31\orders_enriched.csv | Size: 13973 bytes
2026-10-07 12:07:16,063 | INFO | Input file: D:\airflow_etl\raw\orders_enriched\2025-04-01\orders_enriched.csv | Size: 14717 bytes
2026-10-07 12:07:16,063 | INFO | Input file: D:\airflow_etl\raw\orders_enriched\2025-04-02\orders_enriched.csv | Size: 14322 bytes
2026-10-07 12:07:16,063 | INFO | Input file: D:\airflow_etl\raw\orders_enriched\2025-04-03\orders_enriched.csv | Size: 13645 bytes
2026-10-07 12:07:16,063 | INFO | Input file: D:\airflow_etl\raw\orders_enriched\2025-04-04\orders_enriched.csv | Size: 18677 bytes
2026-10-07 12:07:16,064 | INFO | Input file: D:\airflow_etl\raw\orders_enriched\2025-04-05\orders_enriched.csv | Size: 15782 bytes
2026-10-07 12:07:16,064 | INFO | Input file: D:\airflow_etl\raw\orders_enriched\2025-04-06\orders_enriched.csv | Size: 14327 bytes
2026-10-07 12:07:16,064 | INFO | Input file: D:\airflow_etl\raw\orders_enriched\2025-04-07\orders_enriched.csv | Size: 13127 bytes
2026-10-07 12:07:16,064 | INFO | Input file: D:\airflow_etl\raw\orders_enriched\2025-04-08\orders_enriched.csv | Size: 15460 bytes
2026-10-07 12:07:16,064 | INFO | Input file: D:\airflow_etl\raw\orders_enriched\2025-04-09\orders_enriched.csv | Size: 17276 bytes
2026-10-07 12:07:16,065 | INFO | Input file: D:\airflow_etl\raw\orders_enriched\2025-04-10\orders_enriched.csv | Size: 14499 bytes
2026-10-07 12:07:16,065 | INFO | Input file: D:\airflow_etl\raw\orders_enriched\2025-04-11\orders_enriched.csv | Size: 16359 bytes
2026-10-07 12:07:16,065 | INFO | Input file: D:\airflow_etl\raw\orders_enriched\2025-04-12\orders_enriched.csv | Size: 14675 bytes
2026-10-07 12:07:16,065 | INFO | Input file: D:\airflow_etl\raw\orders_enriched\2025-04-13\orders_enriched.csv | Size: 15884 bytes
2026-10-07 12:07:16,065 | INFO | Input file: D:\airflow_etl\raw\orders_enriched\2025-04-14\orders_enriched.csv | Size: 13930 bytes
2026-10-07 12:07:16,065 | INFO | Input file: D:\airflow_etl\raw\orders_enriched\2025-04-15\orders_enriched.csv | Size: 12519 bytes
2026-10-07 12:07:16,065 | INFO | Input file: D:\airflow_etl\raw\orders_enriched\2025-04-16\orders_enriched.csv | Size: 13279 bytes
2026-10-07 12:07:16,066 | INFO | Input file: D:\airflow_etl\raw\orders_enriched\2025-04-17\orders_enriched.csv | Size: 15128 bytes
2026-10-07 12:07:16,066 | INFO | Input file: D:\airflow_etl\raw\orders_enriched\2025-04-18\orders_enriched.csv | Size: 15543 bytes
2026-10-07 12:07:16,066 | INFO | Input file: D:\airflow_etl\raw\orders_enriched\2025-04-19\orders_enriched.csv | Size: 13897 bytes
2026-10-07 12:07:16,066 | INFO | Input file: D:\airflow_etl\raw\orders_enriched\2025-04-20\orders_enriched.csv | Size: 15248 bytes
2026-10-07 12:07:16,067 | INFO | Input file: D:\airflow_etl\raw\orders_enriched\2025-04-21\orders_enriched.csv | Size: 18908 bytes
2026-10-07 12:07:16,067 | INFO | Input file: D:\airflow_etl\raw\orders_enriched\2025-04-22\orders_enriched.csv | Size: 15452 bytes
2026-10-07 12:07:16,067 | INFO | Input file: D:\airflow_etl\raw\orders_enriched\2025-04-23\orders_enriched.csv | Size: 11956 bytes
2026-10-07 12:07:16,067 | INFO | Input file: D:\airflow_etl\raw\orders_enriched\2025-04-24\orders_enriched.csv | Size: 14934 bytes
2026-10-07 12:07:16,068 | INFO | Input file: D:\airflow_etl\raw\orders_enriched\2025-04-25\orders_enriched.csv | Size: 15961 bytes
2026-10-07 12:07:16,068 | INFO | Input file: D:\airflow_etl\raw\orders_enriched\2025-04-26\orders_enriched.csv | Size: 14758 bytes
2026-10-07 12:07:16,068 | INFO | Input file: D:\airflow_etl\raw\orders_enriched\2025-04-27\orders_enriched.csv | Size: 14861 bytes
2026-10-07 12:07:16,068 | INFO | Input file: D:\airflow_etl\raw\orders_enriched\2025-04-28\orders_enriched.csv | Size: 13776 bytes
2026-10-07 12:07:16,068 | INFO | Input file: D:\airflow_etl\raw\orders_enriched\2025-04-29\orders_enriched.csv | Size: 17034 bytes
2026-10-07 12:07:16,068 | INFO | Input file: D:\airflow_etl\raw\orders_enriched\2025-04-30\orders_enriched.csv | Size: 17457 bytes
2026-10-07 12:07:16,068 | INFO | Input file: D:\airflow_etl\raw\orders_enriched\2025-05-01\orders_enriched.csv | Size: 18539 bytes
2026-10-07 12:07:16,069 | INFO | Input file: D:\airflow_etl\raw\orders_enriched\2025-05-02\orders_enriched.csv | Size: 13193 bytes
2026-10-07 12:07:16,069 | INFO | Input file: D:\airflow_etl\raw\orders_enriched\2025-05-03\orders_enriched.csv | Size: 15145 bytes
2026-10-07 12:07:16,069 | INFO | Input file: D:\airflow_etl\raw\orders_enriched\2025-05-04\orders_enriched.csv | Size: 14142 bytes
2026-10-07 12:07:16,069 | INFO | Input file: D:\airflow_etl\raw\orders_enriched\2025-05-05\orders_enriched.csv | Size: 13538 bytes
2026-10-07 12:07:16,069 | INFO | Input file: D:\airflow_etl\raw\orders_enriched\2025-05-06\orders_enriched.csv | Size: 17092 bytes
2026-10-07 12:07:16,070 | INFO | Input file: D:\airflow_etl\raw\orders_enriched\2025-05-07\orders_enriched.csv | Size: 14726 bytes
2026-10-07 12:07:16,070 | INFO | Input file: D:\airflow_etl\raw\orders_enriched\2025-05-08\orders_enriched.csv | Size: 14085 bytes
2026-10-07 12:07:16,071 | INFO | Input file: D:\airflow_etl\raw\orders_enriched\2025-05-09\orders_enriched.csv | Size: 17723 bytes
2026-10-07 12:07:16,071 | INFO | Input file: D:\airflow_etl\raw\orders_enriched\2025-05-10\orders_enriched.csv | Size: 15086 bytes
2026-10-07 12:07:16,071 | INFO | Input file: D:\airflow_etl\raw\orders_enriched\2025-05-11\orders_enriched.csv | Size: 15337 bytes
2026-10-07 12:07:16,072 | INFO | Input file: D:\airflow_etl\raw\orders_enriched\2025-05-12\orders_enriched.csv | Size: 12620 bytes
2026-10-07 12:07:16,072 | INFO | Input file: D:\airflow_etl\raw\orders_enriched\2025-05-13\orders_enriched.csv | Size: 16159 bytes
2026-10-07 12:07:16,072 | INFO | Input file: D:\airflow_etl\raw\orders_enriched\2025-05-14\orders_enriched.csv | Size: 14624 bytes
2026-10-07 12:07:16,073 | INFO | Input file: D:\airflow_etl\raw\orders_enriched\2025-05-15\orders_enriched.csv | Size: 17684 bytes
2026-10-07 12:07:16,073 | INFO | Input file: D:\airflow_etl\raw\orders_enriched\2025-05-16\orders_enriched.csv | Size: 12633 bytes
2026-10-07 12:07:16,073 | INFO | Input file: D:\airflow_etl\raw\orders_enriched\2025-05-17\orders_enriched.csv | Size: 16987 bytes
2026-10-07 12:07:16,073 | INFO | Input file: D:\airflow_etl\raw\orders_enriched\2025-05-18\orders_enriched.csv | Size: 15494 bytes
2026-10-07 12:07:16,073 | INFO | Input file: D:\airflow_etl\raw\orders_enriched\2025-05-19\orders_enriched.csv | Size: 9989 bytes
2026-10-07 12:07:16,074 | INFO | Input file: D:\airflow_etl\raw\orders_enriched\2025-05-20\orders_enriched.csv | Size: 16719 bytes
2026-10-07 12:07:16,074 | INFO | Input file: D:\airflow_etl\raw\orders_enriched\2025-05-21\orders_enriched.csv | Size: 15948 bytes
2026-10-07 12:07:16,074 | INFO | Input file: D:\airflow_etl\raw\orders_enriched\2025-05-22\orders_enriched.csv | Size: 14623 bytes
2026-10-07 12:07:16,074 | INFO | Input file: D:\airflow_etl\raw\orders_enriched\2025-05-23\orders_enriched.csv | Size: 14617 bytes
2026-10-07 12:07:16,074 | INFO | Input file: D:\airflow_etl\raw\orders_enriched\2025-05-24\orders_enriched.csv | Size: 17301 bytes
2026-10-07 12:07:16,075 | INFO | Input file: D:\airflow_etl\raw\orders_enriched\2025-05-25\orders_enriched.csv | Size: 14354 bytes
2026-10-07 12:07:16,075 | INFO | Input file: D:\airflow_etl\raw\orders_enriched\2025-05-26\orders_enriched.csv | Size: 15934 bytes
2026-10-07 12:07:16,075 | INFO | Input file: D:\airflow_etl\raw\orders_enriched\2025-05-27\orders_enriched.csv | Size: 14271 bytes
2026-10-07 12:07:16,075 | INFO | Input file: D:\airflow_etl\raw\orders_enriched\2025-05-28\orders_enriched.csv | Size: 15039 bytes
2026-10-07 12:07:16,075 | INFO | Input file: D:\airflow_etl\raw\orders_enriched\2025-05-29\orders_enriched.csv | Size: 17093 bytes
2026-10-07 12:07:16,075 | INFO | Input file: D:\airflow_etl\raw\orders_enriched\2025-05-30\orders_enriched.csv | Size: 13799 bytes
2026-10-07 12:07:16,075 | INFO | Input file: D:\airflow_etl\raw\orders_enriched\2025-05-31\orders_enriched.csv | Size: 15551 bytes
2026-10-07 12:07:16,076 | INFO | Input file: D:\airflow_etl\raw\orders_enriched\2025-06-01\orders_enriched.csv | Size: 16397 bytes
2026-10-07 12:07:16,076 | INFO | Input file: D:\airflow_etl\raw\orders_enriched\2025-06-02\orders_enriched.csv | Size: 17758 bytes
2026-10-07 12:07:16,076 | INFO | Input file: D:\airflow_etl\raw\orders_enriched\2025-06-03\orders_enriched.csv | Size: 16718 bytes
2026-10-07 12:07:16,076 | INFO | Input file: D:\airflow_etl\raw\orders_enriched\2025-06-04\orders_enriched.csv | Size: 13750 bytes
2026-10-07 12:07:16,076 | INFO | Input file: D:\airflow_etl\raw\orders_enriched\2025-06-05\orders_enriched.csv | Size: 14341 bytes
2026-10-07 12:07:16,077 | INFO | Input file: D:\airflow_etl\raw\orders_enriched\2025-06-06\orders_enriched.csv | Size: 14384 bytes
2026-10-07 12:07:16,077 | INFO | Input file: D:\airflow_etl\raw\orders_enriched\2025-06-07\orders_enriched.csv | Size: 15333 bytes
2026-10-07 12:07:16,077 | INFO | Input file: D:\airflow_etl\raw\orders_enriched\2025-06-08\orders_enriched.csv | Size: 14791 bytes
2026-10-07 12:07:16,077 | INFO | Input file: D:\airflow_etl\raw\orders_enriched\2025-06-09\orders_enriched.csv | Size: 12072 bytes
2026-10-07 12:07:16,078 | INFO | Input file: D:\airflow_etl\raw\orders_enriched\2025-06-10\orders_enriched.csv | Size: 18022 bytes
2026-10-07 12:07:16,078 | INFO | Input file: D:\airflow_etl\raw\orders_enriched\2025-06-11\orders_enriched.csv | Size: 15604 bytes
2026-10-07 12:07:16,078 | INFO | Input file: D:\airflow_etl\raw\orders_enriched\2025-06-12\orders_enriched.csv | Size: 13946 bytes
2026-10-07 12:07:16,078 | INFO | Input file: D:\airflow_etl\raw\orders_enriched\2025-06-13\orders_enriched.csv | Size: 13736 bytes
2026-10-07 12:07:16,078 | INFO | Input file: D:\airflow_etl\raw\orders_enriched\2025-06-14\orders_enriched.csv | Size: 20077 bytes
2026-10-07 12:07:16,078 | INFO | Input file: D:\airflow_etl\raw\orders_enriched\2025-06-15\orders_enriched.csv | Size: 16384 bytes
2026-10-07 12:07:16,079 | INFO | Input file: D:\airflow_etl\raw\orders_enriched\2025-06-16\orders_enriched.csv | Size: 14781 bytes
2026-10-07 12:07:16,079 | INFO | Input file: D:\airflow_etl\raw\orders_enriched\2025-06-17\orders_enriched.csv | Size: 17395 bytes
2026-10-07 12:07:16,079 | INFO | Input file: D:\airflow_etl\raw\orders_enriched\2025-06-18\orders_enriched.csv | Size: 15398 bytes
2026-10-07 12:07:16,079 | INFO | Input file: D:\airflow_etl\raw\orders_enriched\2025-06-19\orders_enriched.csv | Size: 15535 bytes
2026-10-07 12:07:16,079 | INFO | Input file: D:\airflow_etl\raw\orders_enriched\2025-06-20\orders_enriched.csv | Size: 15870 bytes
2026-10-07 12:07:16,080 | INFO | Input file: D:\airflow_etl\raw\orders_enriched\2025-06-21\orders_enriched.csv | Size: 14429 bytes
2026-10-07 12:07:16,080 | INFO | Input file: D:\airflow_etl\raw\orders_enriched\2025-06-22\orders_enriched.csv | Size: 13924 bytes
2026-10-07 12:07:16,080 | INFO | Input file: D:\airflow_etl\raw\orders_enriched\2025-06-23\orders_enriched.csv | Size: 16025 bytes
2026-10-07 12:07:16,080 | INFO | Input file: D:\airflow_etl\raw\orders_enriched\2025-06-24\orders_enriched.csv | Size: 17024 bytes
2026-10-07 12:07:16,080 | INFO | Input file: D:\airflow_etl\raw\orders_enriched\2025-06-25\orders_enriched.csv | Size: 16580 bytes
2026-10-07 12:07:16,081 | INFO | Input file: D:\airflow_etl\raw\orders_enriched\2025-06-26\orders_enriched.csv | Size: 14063 bytes
2026-10-07 12:07:16,081 | INFO | Input file: D:\airflow_etl\raw\orders_enriched\2025-06-27\orders_enriched.csv | Size: 15526 bytes
2026-10-07 12:07:16,081 | INFO | Input file: D:\airflow_etl\raw\orders_enriched\2025-06-28\orders_enriched.csv | Size: 15784 bytes
2026-10-07 12:07:16,081 | INFO | Input file: D:\airflow_etl\raw\orders_enriched\2025-06-29\orders_enriched.csv | Size: 14232 bytes
2026-10-07 12:07:16,081 | INFO | Input file: D:\airflow_etl\raw\orders_enriched\2025-06-30\orders_enriched.csv | Size: 13772 bytes
2026-10-07 12:07:16,081 | INFO | Input file: D:\airflow_etl\raw\orders_enriched\2025-07-01\orders_enriched.csv | Size: 17362 bytes
2026-10-07 12:07:16,082 | INFO | Input file: D:\airflow_etl\raw\orders_enriched\2025-07-02\orders_enriched.csv | Size: 14795 bytes
2026-10-07 12:07:16,082 | INFO | Input file: D:\airflow_etl\raw\orders_enriched\2025-07-03\orders_enriched.csv | Size: 15429 bytes
2026-10-07 12:07:16,082 | INFO | Input file: D:\airflow_etl\raw\orders_enriched\2025-07-04\orders_enriched.csv | Size: 15484 bytes
2026-10-07 12:07:16,082 | INFO | Input file: D:\airflow_etl\raw\orders_enriched\2025-07-05\orders_enriched.csv | Size: 18045 bytes
2026-10-07 12:07:16,082 | INFO | Input file: D:\airflow_etl\raw\orders_enriched\2025-07-06\orders_enriched.csv | Size: 14492 bytes
2026-10-07 12:07:16,082 | INFO | Input file: D:\airflow_etl\raw\orders_enriched\2025-07-07\orders_enriched.csv | Size: 15959 bytes
2026-10-07 12:07:16,082 | INFO | Input file: D:\airflow_etl\raw\orders_enriched\2025-07-08\orders_enriched.csv | Size: 13908 bytes
2026-10-07 12:07:16,083 | INFO | Input file: D:\airflow_etl\raw\orders_enriched\2025-07-09\orders_enriched.csv | Size: 15629 bytes
2026-10-07 12:07:16,083 | INFO | Input file: D:\airflow_etl\raw\orders_enriched\2025-07-10\orders_enriched.csv | Size: 15323 bytes
2026-10-07 12:07:16,083 | INFO | Input file: D:\airflow_etl\raw\orders_enriched\2025-07-11\orders_enriched.csv | Size: 14582 bytes
2026-10-07 12:07:16,083 | INFO | Input file: D:\airflow_etl\raw\orders_enriched\2025-07-12\orders_enriched.csv | Size: 13996 bytes
2026-10-07 12:07:16,083 | INFO | Input file: D:\airflow_etl\raw\orders_enriched\2025-07-13\orders_enriched.csv | Size: 18610 bytes
2026-10-07 12:07:16,083 | INFO | Input file: D:\airflow_etl\raw\orders_enriched\2025-07-14\orders_enriched.csv | Size: 13699 bytes
2026-10-07 12:07:16,084 | INFO | Input file: D:\airflow_etl\raw\orders_enriched\2025-07-15\orders_enriched.csv | Size: 14652 bytes
2026-10-07 12:07:16,084 | INFO | Input file: D:\airflow_etl\raw\orders_enriched\2025-07-16\orders_enriched.csv | Size: 15819 bytes
2026-10-07 12:07:16,084 | INFO | Input file: D:\airflow_etl\raw\orders_enriched\2025-07-17\orders_enriched.csv | Size: 15363 bytes
2026-10-07 12:07:16,084 | INFO | Input file: D:\airflow_etl\raw\orders_enriched\2025-07-18\orders_enriched.csv | Size: 12515 bytes
2026-10-07 12:07:16,084 | INFO | Input file: D:\airflow_etl\raw\orders_enriched\2025-07-19\orders_enriched.csv | Size: 14413 bytes
2026-10-07 12:07:16,084 | INFO | Input file: D:\airflow_etl\raw\orders_enriched\2025-07-20\orders_enriched.csv | Size: 16964 bytes
2026-10-07 12:07:16,085 | INFO | Input file: D:\airflow_etl\raw\orders_enriched\2025-07-21\orders_enriched.csv | Size: 14900 bytes
2026-10-07 12:07:16,085 | INFO | Input file: D:\airflow_etl\raw\orders_enriched\2025-07-22\orders_enriched.csv | Size: 12954 bytes
2026-10-07 12:07:16,085 | INFO | Input file: D:\airflow_etl\raw\orders_enriched\2025-07-23\orders_enriched.csv | Size: 15244 bytes
2026-10-07 12:07:16,085 | INFO | Input file: D:\airflow_etl\raw\orders_enriched\2025-07-24\orders_enriched.csv | Size: 15063 bytes
2026-10-07 12:07:16,085 | INFO | Input file: D:\airflow_etl\raw\orders_enriched\2025-07-25\orders_enriched.csv | Size: 15003 bytes
2026-10-07 12:07:16,086 | INFO | Input file: D:\airflow_etl\raw\orders_enriched\2025-07-26\orders_enriched.csv | Size: 12759 bytes
2026-10-07 12:07:16,086 | INFO | Input file: D:\airflow_etl\raw\orders_enriched\2025-07-27\orders_enriched.csv | Size: 15280 bytes
2026-10-07 12:07:16,086 | INFO | Input file: D:\airflow_etl\raw\orders_enriched\2025-07-28\orders_enriched.csv | Size: 16102 bytes
2026-10-07 12:07:16,086 | INFO | Input file: D:\airflow_etl\raw\orders_enriched\2025-07-29\orders_enriched.csv | Size: 13625 bytes
2026-10-07 12:07:16,086 | INFO | Input file: D:\airflow_etl\raw\orders_enriched\2025-07-30\orders_enriched.csv | Size: 11724 bytes
2026-10-07 12:07:16,087 | INFO | Input file: D:\airflow_etl\raw\orders_enriched\2025-07-31\orders_enriched.csv | Size: 16045 bytes
2026-10-07 12:07:16,087 | INFO | Input file: D:\airflow_etl\raw\orders_enriched\2025-08-01\orders_enriched.csv | Size: 17642 bytes
2026-10-07 12:07:16,087 | INFO | Input file: D:\airflow_etl\raw\orders_enriched\2025-08-02\orders_enriched.csv | Size: 14433 bytes
2026-10-07 12:07:16,087 | INFO | Input file: D:\airflow_etl\raw\orders_enriched\2025-08-03\orders_enriched.csv | Size: 13122 bytes
2026-10-07 12:07:16,088 | INFO | Input file: D:\airflow_etl\raw\orders_enriched\2025-08-04\orders_enriched.csv | Size: 16124 bytes
2026-10-07 12:07:16,088 | INFO | Input file: D:\airflow_etl\raw\orders_enriched\2025-08-05\orders_enriched.csv | Size: 17280 bytes
2026-10-07 12:07:16,088 | INFO | Input file: D:\airflow_etl\raw\orders_enriched\2025-08-06\orders_enriched.csv | Size: 16887 bytes
2026-10-07 12:07:16,088 | INFO | Input file: D:\airflow_etl\raw\orders_enriched\2025-08-07\orders_enriched.csv | Size: 15524 bytes
2026-10-07 12:07:16,089 | INFO | Input file: D:\airflow_etl\raw\orders_enriched\2025-08-08\orders_enriched.csv | Size: 19196 bytes
2026-10-07 12:07:16,089 | INFO | Input file: D:\airflow_etl\raw\orders_enriched\2025-08-09\orders_enriched.csv | Size: 18022 bytes
2026-10-07 12:07:16,089 | INFO | Input file: D:\airflow_etl\raw\orders_enriched\2025-08-10\orders_enriched.csv | Size: 15584 bytes
2026-10-07 12:07:16,089 | INFO | Input file: D:\airflow_etl\raw\orders_enriched\2025-08-11\orders_enriched.csv | Size: 16805 bytes
2026-10-07 12:07:16,090 | INFO | Input file: D:\airflow_etl\raw\orders_enriched\2025-08-12\orders_enriched.csv | Size: 14594 bytes
2026-10-07 12:07:16,090 | INFO | Input file: D:\airflow_etl\raw\orders_enriched\2025-08-13\orders_enriched.csv | Size: 14361 bytes
2026-10-07 12:07:16,090 | INFO | Input file: D:\airflow_etl\raw\orders_enriched\2025-08-14\orders_enriched.csv | Size: 14121 bytes
2026-10-07 12:07:16,090 | INFO | Input file: D:\airflow_etl\raw\orders_enriched\2025-08-15\orders_enriched.csv | Size: 13323 bytes
2026-10-07 12:07:16,090 | INFO | Input file: D:\airflow_etl\raw\orders_enriched\2025-08-16\orders_enriched.csv | Size: 17112 bytes
2026-10-07 12:07:16,090 | INFO | Input file: D:\airflow_etl\raw\orders_enriched\2025-08-17\orders_enriched.csv | Size: 14053 bytes
2026-10-07 12:07:16,090 | INFO | Input file: D:\airflow_etl\raw\orders_enriched\2025-08-18\orders_enriched.csv | Size: 13974 bytes
2026-10-07 12:07:16,090 | INFO | Input file: D:\airflow_etl\raw\orders_enriched\2025-08-19\orders_enriched.csv | Size: 16667 bytes
2026-10-07 12:07:16,091 | INFO | Input file: D:\airflow_etl\raw\orders_enriched\2025-08-20\orders_enriched.csv | Size: 17191 bytes
2026-10-07 12:07:16,091 | INFO | Input file: D:\airflow_etl\raw\orders_enriched\2025-08-21\orders_enriched.csv | Size: 15102 bytes
2026-10-07 12:07:16,091 | INFO | Input file: D:\airflow_etl\raw\orders_enriched\2025-08-22\orders_enriched.csv | Size: 14204 bytes
2026-10-07 12:07:16,091 | INFO | Input file: D:\airflow_etl\raw\orders_enriched\2025-08-23\orders_enriched.csv | Size: 13345 bytes
2026-10-07 12:07:16,091 | INFO | Input file: D:\airflow_etl\raw\orders_enriched\2025-08-24\orders_enriched.csv | Size: 13563 bytes
2026-10-07 12:07:16,091 | INFO | Input file: D:\airflow_etl\raw\orders_enriched\2025-08-25\orders_enriched.csv | Size: 16790 bytes
2026-10-07 12:07:16,092 | INFO | Input file: D:\airflow_etl\raw\orders_enriched\2025-08-26\orders_enriched.csv | Size: 14418 bytes
2026-10-07 12:07:16,092 | INFO | Input file: D:\airflow_etl\raw\orders_enriched\2025-08-27\orders_enriched.csv | Size: 13646 bytes
2026-10-07 12:07:16,092 | INFO | Input file: D:\airflow_etl\raw\orders_enriched\2025-08-28\orders_enriched.csv | Size: 14844 bytes
2026-10-07 12:07:16,092 | INFO | Input file: D:\airflow_etl\raw\orders_enriched\2025-08-29\orders_enriched.csv | Size: 16491 bytes
2026-10-07 12:07:16,092 | INFO | Input file: D:\airflow_etl\raw\orders_enriched\2025-08-30\orders_enriched.csv | Size: 15588 bytes
2026-10-07 12:07:16,092 | INFO | Input file: D:\airflow_etl\raw\orders_enriched\2025-08-31\orders_enriched.csv | Size: 17790 bytes
2026-10-07 12:07:16,092 | INFO | Input file: D:\airflow_etl\raw\orders_enriched\2025-09-01\orders_enriched.csv | Size: 14178 bytes
2026-10-07 12:07:16,093 | INFO | Input file: D:\airflow_etl\raw\orders_enriched\2025-09-02\orders_enriched.csv | Size: 15276 bytes
2026-10-07 12:07:16,093 | INFO | Input file: D:\airflow_etl\raw\orders_enriched\2025-09-03\orders_enriched.csv | Size: 16653 bytes
2026-10-07 12:07:16,093 | INFO | Input file: D:\airflow_etl\raw\orders_enriched\2025-09-04\orders_enriched.csv | Size: 17276 bytes
2026-10-07 12:07:16,093 | INFO | Input file: D:\airflow_etl\raw\orders_enriched\2025-09-05\orders_enriched.csv | Size: 17243 bytes
2026-10-07 12:07:16,093 | INFO | Input file: D:\airflow_etl\raw\orders_enriched\2025-09-06\orders_enriched.csv | Size: 13674 bytes
2026-10-07 12:07:16,093 | INFO | Input file: D:\airflow_etl\raw\orders_enriched\2025-09-07\orders_enriched.csv | Size: 15696 bytes
2026-10-07 12:07:16,093 | INFO | Input file: D:\airflow_etl\raw\orders_enriched\2025-09-08\orders_enriched.csv | Size: 14908 bytes
2026-10-07 12:07:16,094 | INFO | Input file: D:\airflow_etl\raw\orders_enriched\2025-09-09\orders_enriched.csv | Size: 13975 bytes
2026-10-07 12:07:16,094 | INFO | Input file: D:\airflow_etl\raw\orders_enriched\2025-09-10\orders_enriched.csv | Size: 16015 bytes
2026-10-07 12:07:16,094 | INFO | Input file: D:\airflow_etl\raw\orders_enriched\2025-09-11\orders_enriched.csv | Size: 13916 bytes
2026-10-07 12:07:16,094 | INFO | Input file: D:\airflow_etl\raw\orders_enriched\2025-09-12\orders_enriched.csv | Size: 17570 bytes
2026-10-07 12:07:16,094 | INFO | Input file: D:\airflow_etl\raw\orders_enriched\2025-09-13\orders_enriched.csv | Size: 16086 bytes
2026-10-07 12:07:16,094 | INFO | Input file: D:\airflow_etl\raw\orders_enriched\2025-09-14\orders_enriched.csv | Size: 18011 bytes
2026-10-07 12:07:16,095 | INFO | Input file: D:\airflow_etl\raw\orders_enriched\2025-09-15\orders_enriched.csv | Size: 12355 bytes
2026-10-07 12:07:16,095 | INFO | Input file: D:\airflow_etl\raw\orders_enriched\2025-09-16\orders_enriched.csv | Size: 16009 bytes
2026-10-07 12:07:16,095 | INFO | Input file: D:\airflow_etl\raw\orders_enriched\2025-09-17\orders_enriched.csv | Size: 13482 bytes
2026-10-07 12:07:16,095 | INFO | Input file: D:\airflow_etl\raw\orders_enriched\2025-09-18\orders_enriched.csv | Size: 14339 bytes
2026-10-07 12:07:16,095 | INFO | Input file: D:\airflow_etl\raw\orders_enriched\2025-09-19\orders_enriched.csv | Size: 14279 bytes
2026-10-07 12:07:16,096 | INFO | Input file: D:\airflow_etl\raw\orders_enriched\2025-09-20\orders_enriched.csv | Size: 19144 bytes
2026-10-07 12:07:16,096 | INFO | Input file: D:\airflow_etl\raw\orders_enriched\2025-09-21\orders_enriched.csv | Size: 14982 bytes
2026-10-07 12:07:16,096 | INFO | Input file: D:\airflow_etl\raw\orders_enriched\2025-09-22\orders_enriched.csv | Size: 16072 bytes
2026-10-07 12:07:16,096 | INFO | Input file: D:\airflow_etl\raw\orders_enriched\2025-09-23\orders_enriched.csv | Size: 17235 bytes
2026-10-07 12:07:16,096 | INFO | Input file: D:\airflow_etl\raw\orders_enriched\2025-09-24\orders_enriched.csv | Size: 15223 bytes
2026-10-07 12:07:16,097 | INFO | Input file: D:\airflow_etl\raw\orders_enriched\2025-09-25\orders_enriched.csv | Size: 14336 bytes
2026-10-07 12:07:16,097 | INFO | Input file: D:\airflow_etl\raw\orders_enriched\2025-09-26\orders_enriched.csv | Size: 17233 bytes
2026-10-07 12:07:16,097 | INFO | Input file: D:\airflow_etl\raw\orders_enriched\2025-09-27\orders_enriched.csv | Size: 13918 bytes
2026-10-07 12:07:16,097 | INFO | Input file: D:\airflow_etl\raw\orders_enriched\2025-09-28\orders_enriched.csv | Size: 15374 bytes
2026-10-07 12:07:16,097 | INFO | Input file: D:\airflow_etl\raw\orders_enriched\2025-09-29\orders_enriched.csv | Size: 15385 bytes
2026-10-07 12:07:16,097 | INFO | Input file: D:\airflow_etl\raw\orders_enriched\2025-09-30\orders_enriched.csv | Size: 13878 bytes
2026-10-07 12:07:16,098 | INFO | Input file: D:\airflow_etl\raw\orders_enriched\2025-10-01\orders_enriched.csv | Size: 16815 bytes
2026-10-07 12:07:16,098 | INFO | Input file: D:\airflow_etl\raw\orders_enriched\2025-10-02\orders_enriched.csv | Size: 13845 bytes
2026-10-07 12:07:16,098 | INFO | Input file: D:\airflow_etl\raw\orders_enriched\2025-10-03\orders_enriched.csv | Size: 17945 bytes
2026-10-07 12:07:16,098 | INFO | Input file: D:\airflow_etl\raw\orders_enriched\2025-10-04\orders_enriched.csv | Size: 13679 bytes
2026-10-07 12:07:16,098 | INFO | Input file: D:\airflow_etl\raw\orders_enriched\2025-10-05\orders_enriched.csv | Size: 16537 bytes
2026-10-07 12:07:16,098 | INFO | Input file: D:\airflow_etl\raw\orders_enriched\2025-10-06\orders_enriched.csv | Size: 13601 bytes
2026-10-07 12:07:16,098 | INFO | Input file: D:\airflow_etl\raw\orders_enriched\2025-10-07\orders_enriched.csv | Size: 16893 bytes
2026-10-07 12:07:16,099 | INFO | Input file: D:\airflow_etl\raw\orders_enriched\2025-10-08\orders_enriched.csv | Size: 17337 bytes
2026-10-07 12:07:16,099 | INFO | Input file: D:\airflow_etl\raw\orders_enriched\2025-10-09\orders_enriched.csv | Size: 9746 bytes
2026-10-07 12:07:16,099 | INFO | Input file: D:\airflow_etl\raw\orders_enriched\2025-10-10\orders_enriched.csv | Size: 15010 bytes
2026-10-07 12:07:16,099 | INFO | Input file: D:\airflow_etl\raw\orders_enriched\2025-10-11\orders_enriched.csv | Size: 14817 bytes
2026-10-07 12:07:16,099 | INFO | Input file: D:\airflow_etl\raw\orders_enriched\2025-10-12\orders_enriched.csv | Size: 14065 bytes
2026-10-07 12:07:16,099 | INFO | Input file: D:\airflow_etl\raw\orders_enriched\2025-10-13\orders_enriched.csv | Size: 15173 bytes
2026-10-07 12:07:16,099 | INFO | Input file: D:\airflow_etl\raw\orders_enriched\2025-10-14\orders_enriched.csv | Size: 15223 bytes
2026-10-07 12:07:16,099 | INFO | Input file: D:\airflow_etl\raw\orders_enriched\2025-10-15\orders_enriched.csv | Size: 17055 bytes
2026-10-07 12:07:16,100 | INFO | Input file: D:\airflow_etl\raw\orders_enriched\2025-10-16\orders_enriched.csv | Size: 17806 bytes
2026-10-07 12:07:16,100 | INFO | Input file: D:\airflow_etl\raw\orders_enriched\2025-10-17\orders_enriched.csv | Size: 12302 bytes
2026-10-07 12:07:16,100 | INFO | Input file: D:\airflow_etl\raw\orders_enriched\2025-10-18\orders_enriched.csv | Size: 13482 bytes
2026-10-07 12:07:16,100 | INFO | Input file: D:\airflow_etl\raw\orders_enriched\2025-10-19\orders_enriched.csv | Size: 15253 bytes
2026-10-07 12:07:16,100 | INFO | Input file: D:\airflow_etl\raw\orders_enriched\2025-10-20\orders_enriched.csv | Size: 17599 bytes
2026-10-07 12:07:16,100 | INFO | Input file: D:\airflow_etl\raw\orders_enriched\2025-10-21\orders_enriched.csv | Size: 10964 bytes
2026-10-07 12:07:16,100 | INFO | Input file: D:\airflow_etl\raw\orders_enriched\2025-10-22\orders_enriched.csv | Size: 16152 bytes
2026-10-07 12:07:16,101 | INFO | Input file: D:\airflow_etl\raw\orders_enriched\2025-10-23\orders_enriched.csv | Size: 16564 bytes
2026-10-07 12:07:16,101 | INFO | Input file: D:\airflow_etl\raw\orders_enriched\2025-10-24\orders_enriched.csv | Size: 18976 bytes
2026-10-07 12:07:16,101 | INFO | Input file: D:\airflow_etl\raw\orders_enriched\2025-10-25\orders_enriched.csv | Size: 15695 bytes
2026-10-07 12:07:16,101 | INFO | Input file: D:\airflow_etl\raw\orders_enriched\2025-10-26\orders_enriched.csv | Size: 16013 bytes
2026-10-07 12:07:16,101 | INFO | Input file: D:\airflow_etl\raw\orders_enriched\2025-10-27\orders_enriched.csv | Size: 13736 bytes
2026-10-07 12:07:16,101 | INFO | Input file: D:\airflow_etl\raw\orders_enriched\2025-10-28\orders_enriched.csv | Size: 13068 bytes
2026-10-07 12:07:16,102 | INFO | Input file: D:\airflow_etl\raw\orders_enriched\2025-10-29\orders_enriched.csv | Size: 13950 bytes
2026-10-07 12:07:16,102 | INFO | Input file: D:\airflow_etl\raw\orders_enriched\2025-10-30\orders_enriched.csv | Size: 14015 bytes
2026-10-07 12:07:16,102 | INFO | Input file: D:\airflow_etl\raw\orders_enriched\2025-10-31\orders_enriched.csv | Size: 12236 bytes
2026-10-07 12:07:16,102 | INFO | Input file: D:\airflow_etl\raw\orders_enriched\2025-11-01\orders_enriched.csv | Size: 14212 bytes
2026-10-07 12:07:16,103 | INFO | Input file: D:\airflow_etl\raw\orders_enriched\2025-11-02\orders_enriched.csv | Size: 16070 bytes
2026-10-07 12:07:16,103 | INFO | Input file: D:\airflow_etl\raw\orders_enriched\2025-11-03\orders_enriched.csv | Size: 15969 bytes
2026-10-07 12:07:16,103 | INFO | Input file: D:\airflow_etl\raw\orders_enriched\2025-11-04\orders_enriched.csv | Size: 11764 bytes
2026-10-07 12:07:16,103 | INFO | Input file: D:\airflow_etl\raw\orders_enriched\2025-11-05\orders_enriched.csv | Size: 16903 bytes
2026-10-07 12:07:16,104 | INFO | Input file: D:\airflow_etl\raw\orders_enriched\2025-11-06\orders_enriched.csv | Size: 15300 bytes
2026-10-07 12:07:16,104 | INFO | Input file: D:\airflow_etl\raw\orders_enriched\2025-11-07\orders_enriched.csv | Size: 14355 bytes
2026-10-07 12:07:16,104 | INFO | Input file: D:\airflow_etl\raw\orders_enriched\2025-11-08\orders_enriched.csv | Size: 14510 bytes
2026-10-07 12:07:16,104 | INFO | Input file: D:\airflow_etl\raw\orders_enriched\2025-11-09\orders_enriched.csv | Size: 14056 bytes
2026-10-07 12:07:16,104 | INFO | Input file: D:\airflow_etl\raw\orders_enriched\2025-11-10\orders_enriched.csv | Size: 15820 bytes
2026-10-07 12:07:16,105 | INFO | Input file: D:\airflow_etl\raw\orders_enriched\2025-11-11\orders_enriched.csv | Size: 15426 bytes
2026-10-07 12:07:16,105 | INFO | Input file: D:\airflow_etl\raw\orders_enriched\2025-11-12\orders_enriched.csv | Size: 15169 bytes
2026-10-07 12:07:16,105 | INFO | Input file: D:\airflow_etl\raw\orders_enriched\2025-11-13\orders_enriched.csv | Size: 14786 bytes
2026-10-07 12:07:16,105 | INFO | Input file: D:\airflow_etl\raw\orders_enriched\2025-11-14\orders_enriched.csv | Size: 15963 bytes
2026-10-07 12:07:16,106 | INFO | Input file: D:\airflow_etl\raw\orders_enriched\2025-11-15\orders_enriched.csv | Size: 16102 bytes
2026-10-07 12:07:16,106 | INFO | Input file: D:\airflow_etl\raw\orders_enriched\2025-11-16\orders_enriched.csv | Size: 12953 bytes
2026-10-07 12:07:16,106 | INFO | Input file: D:\airflow_etl\raw\orders_enriched\2025-11-17\orders_enriched.csv | Size: 12250 bytes
2026-10-07 12:07:16,106 | INFO | Input file: D:\airflow_etl\raw\orders_enriched\2025-11-18\orders_enriched.csv | Size: 15038 bytes
2026-10-07 12:07:16,107 | INFO | Input file: D:\airflow_etl\raw\orders_enriched\2025-11-19\orders_enriched.csv | Size: 14209 bytes
2026-10-07 12:07:16,107 | INFO | Input file: D:\airflow_etl\raw\orders_enriched\2025-11-20\orders_enriched.csv | Size: 15538 bytes
2026-10-07 12:07:16,107 | INFO | Input file: D:\airflow_etl\raw\orders_enriched\2025-11-21\orders_enriched.csv | Size: 14161 bytes
2026-10-07 12:07:16,107 | INFO | Input file: D:\airflow_etl\raw\orders_enriched\2025-11-22\orders_enriched.csv | Size: 14572 bytes
2026-10-07 12:07:16,107 | INFO | Input file: D:\airflow_etl\raw\orders_enriched\2025-11-23\orders_enriched.csv | Size: 12751 bytes
2026-10-07 12:07:16,108 | INFO | Input file: D:\airflow_etl\raw\orders_enriched\2025-11-24\orders_enriched.csv | Size: 15167 bytes
2026-10-07 12:07:16,108 | INFO | Input file: D:\airflow_etl\raw\orders_enriched\2025-11-25\orders_enriched.csv | Size: 13858 bytes
2026-10-07 12:07:16,109 | INFO | Input file: D:\airflow_etl\raw\orders_enriched\2025-11-26\orders_enriched.csv | Size: 14273 bytes
2026-10-07 12:07:16,110 | INFO | Input file: D:\airflow_etl\raw\orders_enriched\2025-11-27\orders_enriched.csv | Size: 12155 bytes
2026-10-07 12:07:16,110 | INFO | Input file: D:\airflow_etl\raw\orders_enriched\2025-11-28\orders_enriched.csv | Size: 14814 bytes
2026-10-07 12:07:16,111 | INFO | Input file: D:\airflow_etl\raw\orders_enriched\2025-11-29\orders_enriched.csv | Size: 16121 bytes
2026-10-07 12:07:16,111 | INFO | Input file: D:\airflow_etl\raw\orders_enriched\2025-11-30\orders_enriched.csv | Size: 16118 bytes
2026-10-07 12:07:16,111 | INFO | Input file: D:\airflow_etl\raw\orders_enriched\2025-12-01\orders_enriched.csv | Size: 15755 bytes
2026-10-07 12:07:16,111 | INFO | Input file: D:\airflow_etl\raw\orders_enriched\2025-12-02\orders_enriched.csv | Size: 15728 bytes
2026-10-07 12:07:16,111 | INFO | Input file: D:\airflow_etl\raw\orders_enriched\2025-12-03\orders_enriched.csv | Size: 15956 bytes
2026-10-07 12:07:16,112 | INFO | Input file: D:\airflow_etl\raw\orders_enriched\2025-12-04\orders_enriched.csv | Size: 15450 bytes
2026-10-07 12:07:16,112 | INFO | Input file: D:\airflow_etl\raw\orders_enriched\2025-12-05\orders_enriched.csv | Size: 13391 bytes
2026-10-07 12:07:16,112 | INFO | Input file: D:\airflow_etl\raw\orders_enriched\2025-12-06\orders_enriched.csv | Size: 17504 bytes
2026-10-07 12:07:16,112 | INFO | Input file: D:\airflow_etl\raw\orders_enriched\2025-12-07\orders_enriched.csv | Size: 15365 bytes
2026-10-07 12:07:16,112 | INFO | Input file: D:\airflow_etl\raw\orders_enriched\2025-12-08\orders_enriched.csv | Size: 16056 bytes
2026-10-07 12:07:16,112 | INFO | Input file: D:\airflow_etl\raw\orders_enriched\2025-12-09\orders_enriched.csv | Size: 15375 bytes
2026-10-07 12:07:16,113 | INFO | Input file: D:\airflow_etl\raw\orders_enriched\2025-12-10\orders_enriched.csv | Size: 17579 bytes
2026-10-07 12:07:16,113 | INFO | Input file: D:\airflow_etl\raw\orders_enriched\2025-12-11\orders_enriched.csv | Size: 16678 bytes
2026-10-07 12:07:16,113 | INFO | Input file: D:\airflow_etl\raw\orders_enriched\2025-12-12\orders_enriched.csv | Size: 15535 bytes
2026-10-07 12:07:16,113 | INFO | Input file: D:\airflow_etl\raw\orders_enriched\2025-12-13\orders_enriched.csv | Size: 14850 bytes
2026-10-07 12:07:16,113 | INFO | Input file: D:\airflow_etl\raw\orders_enriched\2025-12-14\orders_enriched.csv | Size: 12548 bytes
2026-10-07 12:07:16,113 | INFO | Input file: D:\airflow_etl\raw\orders_enriched\2025-12-15\orders_enriched.csv | Size: 12649 bytes
2026-10-07 12:07:16,114 | INFO | Input file: D:\airflow_etl\raw\orders_enriched\2025-12-16\orders_enriched.csv | Size: 15037 bytes
2026-10-07 12:07:16,114 | INFO | Input file: D:\airflow_etl\raw\orders_enriched\2025-12-17\orders_enriched.csv | Size: 12521 bytes
2026-10-07 12:07:16,114 | INFO | Input file: D:\airflow_etl\raw\orders_enriched\2025-12-18\orders_enriched.csv | Size: 18314 bytes
2026-10-07 12:07:16,114 | INFO | Input file: D:\airflow_etl\raw\orders_enriched\2025-12-19\orders_enriched.csv | Size: 14140 bytes
2026-10-07 12:07:16,114 | INFO | Input file: D:\airflow_etl\raw\orders_enriched\2025-12-20\orders_enriched.csv | Size: 14505 bytes
2026-10-07 12:07:16,114 | INFO | Input file: D:\airflow_etl\raw\orders_enriched\2025-12-21\orders_enriched.csv | Size: 13062 bytes
2026-10-07 12:07:16,114 | INFO | Input file: D:\airflow_etl\raw\orders_enriched\2025-12-22\orders_enriched.csv | Size: 17233 bytes
2026-10-07 12:07:16,115 | INFO | Input file: D:\airflow_etl\raw\orders_enriched\2025-12-23\orders_enriched.csv | Size: 16404 bytes
2026-10-07 12:07:16,115 | INFO | Input file: D:\airflow_etl\raw\orders_enriched\2025-12-24\orders_enriched.csv | Size: 16478 bytes
2026-10-07 12:07:16,115 | INFO | Input file: D:\airflow_etl\raw\orders_enriched\2025-12-25\orders_enriched.csv | Size: 12832 bytes
2026-10-07 12:07:16,115 | INFO | Input file: D:\airflow_etl\raw\orders_enriched\2025-12-26\orders_enriched.csv | Size: 15700 bytes
2026-10-07 12:07:16,115 | INFO | Input file: D:\airflow_etl\raw\orders_enriched\2025-12-27\orders_enriched.csv | Size: 12956 bytes
2026-10-07 12:07:16,115 | INFO | Input file: D:\airflow_etl\raw\orders_enriched\2025-12-28\orders_enriched.csv | Size: 13682 bytes
2026-10-07 12:07:16,115 | INFO | Input file: D:\airflow_etl\raw\orders_enriched\2025-12-29\orders_enriched.csv | Size: 17366 bytes
2026-10-07 12:07:16,115 | INFO | Input file: D:\airflow_etl\raw\orders_enriched\2025-12-30\orders_enriched.csv | Size: 12978 bytes
2026-10-07 12:07:16,116 | INFO | Input file: D:\airflow_etl\raw\orders_enriched\2025-12-31\orders_enriched.csv | Size: 16535 bytes
2026-10-07 12:07:16,116 | INFO | Input file: D:\airflow_etl\raw\orders_enriched\2026-01-01\orders_enriched.csv | Size: 13929 bytes
2026-10-07 12:07:16,116 | INFO | Input file: D:\airflow_etl\raw\orders_enriched\2026-01-02\orders_enriched.csv | Size: 15443 bytes
2026-10-07 12:07:16,116 | INFO | Input file: D:\airflow_etl\raw\orders_enriched\2026-01-03\orders_enriched.csv | Size: 13062 bytes
2026-10-07 12:07:16,116 | INFO | Input file: D:\airflow_etl\raw\orders_enriched\2026-01-04\orders_enriched.csv | Size: 13255 bytes
2026-10-07 12:07:16,117 | INFO | Input file: D:\airflow_etl\raw\orders_enriched\2026-01-05\orders_enriched.csv | Size: 16757 bytes
2026-10-07 12:07:16,117 | INFO | Input file: D:\airflow_etl\raw\orders_enriched\2026-01-06\orders_enriched.csv | Size: 15992 bytes
2026-10-07 12:07:16,118 | INFO | Input file: D:\airflow_etl\raw\orders_enriched\2026-01-07\orders_enriched.csv | Size: 15340 bytes
2026-10-07 12:07:16,118 | INFO | Input file: D:\airflow_etl\raw\orders_enriched\2026-01-08\orders_enriched.csv | Size: 14585 bytes
2026-10-07 12:07:16,119 | INFO | Input file: D:\airflow_etl\raw\orders_enriched\2026-01-09\orders_enriched.csv | Size: 15149 bytes
2026-10-07 12:07:16,119 | INFO | Input file: D:\airflow_etl\raw\orders_enriched\2026-01-10\orders_enriched.csv | Size: 15885 bytes
2026-10-07 12:07:16,119 | INFO | Input file: D:\airflow_etl\raw\orders_enriched\2026-01-11\orders_enriched.csv | Size: 16981 bytes
2026-10-07 12:07:16,120 | INFO | Input file: D:\airflow_etl\raw\orders_enriched\2026-01-12\orders_enriched.csv | Size: 13722 bytes
2026-10-07 12:07:16,120 | INFO | Input file: D:\airflow_etl\raw\orders_enriched\2026-01-13\orders_enriched.csv | Size: 14568 bytes
2026-10-07 12:07:16,121 | INFO | Input file: D:\airflow_etl\raw\orders_enriched\2026-01-14\orders_enriched.csv | Size: 13686 bytes
2026-10-07 12:07:16,121 | INFO | Input file: D:\airflow_etl\raw\orders_enriched\2026-01-15\orders_enriched.csv | Size: 15023 bytes
2026-10-07 12:07:16,123 | INFO | Input file: D:\airflow_etl\raw\orders_enriched\2026-01-16\orders_enriched.csv | Size: 13639 bytes
2026-10-07 12:07:16,126 | INFO | Input file: D:\airflow_etl\raw\orders_enriched\2026-01-17\orders_enriched.csv | Size: 17448 bytes
2026-10-07 12:07:16,126 | INFO | Input file: D:\airflow_etl\raw\orders_enriched\2026-01-18\orders_enriched.csv | Size: 17660 bytes
2026-10-07 12:07:16,126 | INFO | Input file: D:\airflow_etl\raw\orders_enriched\2026-01-19\orders_enriched.csv | Size: 16696 bytes
2026-10-07 12:07:16,127 | INFO | Input file: D:\airflow_etl\raw\orders_enriched\2026-01-20\orders_enriched.csv | Size: 16551 bytes
2026-10-07 12:07:16,127 | INFO | Input file: D:\airflow_etl\raw\orders_enriched\2026-01-21\orders_enriched.csv | Size: 15804 bytes
2026-10-07 12:07:16,128 | INFO | Input file: D:\airflow_etl\raw\orders_enriched\2026-01-22\orders_enriched.csv | Size: 15838 bytes
2026-10-07 12:07:16,128 | INFO | Input file: D:\airflow_etl\raw\orders_enriched\2026-01-23\orders_enriched.csv | Size: 16095 bytes
2026-10-07 12:07:16,128 | INFO | Input file: D:\airflow_etl\raw\orders_enriched\2026-01-24\orders_enriched.csv | Size: 17287 bytes
2026-10-07 12:07:16,128 | INFO | Input file: D:\airflow_etl\raw\orders_enriched\2026-01-25\orders_enriched.csv | Size: 17693 bytes
2026-10-07 12:07:16,129 | INFO | Input file: D:\airflow_etl\raw\orders_enriched\2026-01-26\orders_enriched.csv | Size: 13652 bytes
2026-10-07 12:07:16,129 | INFO | Input file: D:\airflow_etl\raw\orders_enriched\2026-01-27\orders_enriched.csv | Size: 14674 bytes
2026-10-07 12:07:16,129 | INFO | Input file: D:\airflow_etl\raw\orders_enriched\2026-01-28\orders_enriched.csv | Size: 15164 bytes
2026-10-07 12:07:16,129 | INFO | Input file: D:\airflow_etl\raw\orders_enriched\2026-01-29\orders_enriched.csv | Size: 17367 bytes
2026-10-07 12:07:16,129 | INFO | Input file: D:\airflow_etl\raw\orders_enriched\2026-01-30\orders_enriched.csv | Size: 14283 bytes
2026-10-07 12:07:16,130 | INFO | Input file: D:\airflow_etl\raw\orders_enriched\2026-01-31\orders_enriched.csv | Size: 14704 bytes
2026-10-07 12:07:16,130 | INFO | Input file: D:\airflow_etl\raw\orders_enriched\2026-02-01\orders_enriched.csv | Size: 14317 bytes
2026-10-07 12:07:16,130 | INFO | Input file: D:\airflow_etl\raw\orders_enriched\2026-02-02\orders_enriched.csv | Size: 19257 bytes
2026-10-07 12:07:16,130 | INFO | Input file: D:\airflow_etl\raw\orders_enriched\2026-02-03\orders_enriched.csv | Size: 16236 bytes
2026-10-07 12:07:16,131 | INFO | Input file: D:\airflow_etl\raw\orders_enriched\2026-02-04\orders_enriched.csv | Size: 14875 bytes
2026-10-07 12:07:16,131 | INFO | Input file: D:\airflow_etl\raw\orders_enriched\2026-02-05\orders_enriched.csv | Size: 15643 bytes
2026-10-07 12:07:16,131 | INFO | Input file: D:\airflow_etl\raw\orders_enriched\2026-02-06\orders_enriched.csv | Size: 14048 bytes
2026-10-07 12:07:16,131 | INFO | Input file: D:\airflow_etl\raw\orders_enriched\2026-02-07\orders_enriched.csv | Size: 19745 bytes
2026-10-07 12:07:16,131 | INFO | Input file: D:\airflow_etl\raw\orders_enriched\2026-02-08\orders_enriched.csv | Size: 13309 bytes
2026-10-07 12:07:16,132 | INFO | Input file: D:\airflow_etl\raw\orders_enriched\2026-02-09\orders_enriched.csv | Size: 15613 bytes
2026-10-07 12:07:16,132 | INFO | Input file: D:\airflow_etl\raw\orders_enriched\2026-02-10\orders_enriched.csv | Size: 15886 bytes
2026-10-07 12:07:16,132 | INFO | Input file: D:\airflow_etl\raw\orders_enriched\2026-02-11\orders_enriched.csv | Size: 14592 bytes
2026-10-07 12:07:16,132 | INFO | Input file: D:\airflow_etl\raw\orders_enriched\2026-02-12\orders_enriched.csv | Size: 14600 bytes
2026-10-07 12:07:16,133 | INFO | Input file: D:\airflow_etl\raw\orders_enriched\2026-02-13\orders_enriched.csv | Size: 15372 bytes
2026-10-07 12:07:16,133 | INFO | Input file: D:\airflow_etl\raw\orders_enriched\2026-02-14\orders_enriched.csv | Size: 16618 bytes
2026-10-07 12:07:16,133 | INFO | Input file: D:\airflow_etl\raw\orders_enriched\2026-02-15\orders_enriched.csv | Size: 17869 bytes
2026-10-07 12:07:16,133 | INFO | Input file: D:\airflow_etl\raw\orders_enriched\2026-02-16\orders_enriched.csv | Size: 13736 bytes
2026-10-07 12:07:16,133 | INFO | Input file: D:\airflow_etl\raw\orders_enriched\2026-02-17\orders_enriched.csv | Size: 13394 bytes
2026-10-07 12:07:16,134 | INFO | Input file: D:\airflow_etl\raw\orders_enriched\2026-02-18\orders_enriched.csv | Size: 17516 bytes
2026-10-07 12:07:16,134 | INFO | Input file: D:\airflow_etl\raw\orders_enriched\2026-02-19\orders_enriched.csv | Size: 15009 bytes
2026-10-07 12:07:16,134 | INFO | Input file: D:\airflow_etl\raw\orders_enriched\2026-02-20\orders_enriched.csv | Size: 14736 bytes
2026-10-07 12:07:16,134 | INFO | Input file: D:\airflow_etl\raw\orders_enriched\2026-02-21\orders_enriched.csv | Size: 14607 bytes
2026-10-07 12:07:16,134 | INFO | Input file: D:\airflow_etl\raw\orders_enriched\2026-02-22\orders_enriched.csv | Size: 14542 bytes
2026-10-07 12:07:16,134 | INFO | Input file: D:\airflow_etl\raw\orders_enriched\2026-02-23\orders_enriched.csv | Size: 15566 bytes
2026-10-07 12:07:16,134 | INFO | Input file: D:\airflow_etl\raw\orders_enriched\2026-02-24\orders_enriched.csv | Size: 15106 bytes
2026-10-07 12:07:16,135 | INFO | Input file: D:\airflow_etl\raw\orders_enriched\2026-02-25\orders_enriched.csv | Size: 12319 bytes
2026-10-07 12:07:16,135 | INFO | Input file: D:\airflow_etl\raw\orders_enriched\2026-02-26\orders_enriched.csv | Size: 16255 bytes
2026-10-07 12:07:16,135 | INFO | Input file: D:\airflow_etl\raw\orders_enriched\2026-02-27\orders_enriched.csv | Size: 14228 bytes
2026-10-07 12:07:16,135 | INFO | Input file: D:\airflow_etl\raw\orders_enriched\2026-02-28\orders_enriched.csv | Size: 14180 bytes
2026-10-07 12:07:16,136 | INFO | Input file: D:\airflow_etl\raw\orders_enriched\2026-03-01\orders_enriched.csv | Size: 15655 bytes
2026-10-07 12:07:16,136 | INFO | Input file: D:\airflow_etl\raw\orders_enriched\2026-03-02\orders_enriched.csv | Size: 15025 bytes
2026-10-07 12:07:16,136 | INFO | Input file: D:\airflow_etl\raw\orders_enriched\2026-03-03\orders_enriched.csv | Size: 17551 bytes
2026-10-07 12:07:16,136 | INFO | Input file: D:\airflow_etl\raw\orders_enriched\2026-03-04\orders_enriched.csv | Size: 15187 bytes
2026-10-07 12:07:16,136 | INFO | Input file: D:\airflow_etl\raw\orders_enriched\2026-03-05\orders_enriched.csv | Size: 16435 bytes
2026-10-07 12:07:16,136 | INFO | Input file: D:\airflow_etl\raw\orders_enriched\2026-03-06\orders_enriched.csv | Size: 14859 bytes
2026-10-07 12:07:16,137 | INFO | Input file: D:\airflow_etl\raw\orders_enriched\2026-03-07\orders_enriched.csv | Size: 15183 bytes
2026-10-07 12:07:16,137 | INFO | Input file: D:\airflow_etl\raw\orders_enriched\2026-03-08\orders_enriched.csv | Size: 16548 bytes
2026-10-07 12:07:16,137 | INFO | Input file: D:\airflow_etl\raw\orders_enriched\2026-03-09\orders_enriched.csv | Size: 14712 bytes
2026-10-07 12:07:16,137 | INFO | Input file: D:\airflow_etl\raw\orders_enriched\2026-03-10\orders_enriched.csv | Size: 14549 bytes
2026-10-07 12:07:16,137 | INFO | Input file: D:\airflow_etl\raw\orders_enriched\2026-03-11\orders_enriched.csv | Size: 14845 bytes
2026-10-07 12:07:16,138 | INFO | Input file: D:\airflow_etl\raw\orders_enriched\2026-03-12\orders_enriched.csv | Size: 13506 bytes
2026-10-07 12:07:16,138 | INFO | Input file: D:\airflow_etl\raw\orders_enriched\2026-03-13\orders_enriched.csv | Size: 15743 bytes
2026-10-07 12:07:16,138 | INFO | Input file: D:\airflow_etl\raw\orders_enriched\2026-03-14\orders_enriched.csv | Size: 18987 bytes
2026-10-07 12:07:16,138 | INFO | Input file: D:\airflow_etl\raw\orders_enriched\2026-03-15\orders_enriched.csv | Size: 14910 bytes
2026-10-07 12:07:16,139 | INFO | Input file: D:\airflow_etl\raw\orders_enriched\2026-03-16\orders_enriched.csv | Size: 15355 bytes
2026-10-07 12:07:16,139 | INFO | Input file: D:\airflow_etl\raw\orders_enriched\2026-03-17\orders_enriched.csv | Size: 15148 bytes
2026-10-07 12:07:16,140 | INFO | Input file: D:\airflow_etl\raw\orders_enriched\2026-03-18\orders_enriched.csv | Size: 18296 bytes
2026-10-07 12:07:16,142 | INFO | Input file: D:\airflow_etl\raw\orders_enriched\2026-03-19\orders_enriched.csv | Size: 13024 bytes
2026-10-07 12:07:16,142 | INFO | Input file: D:\airflow_etl\raw\orders_enriched\2026-03-20\orders_enriched.csv | Size: 17066 bytes
2026-10-07 12:07:16,142 | INFO | Input file: D:\airflow_etl\raw\orders_enriched\2026-03-21\orders_enriched.csv | Size: 14673 bytes
2026-10-07 12:07:16,143 | INFO | Input file: D:\airflow_etl\raw\orders_enriched\2026-03-22\orders_enriched.csv | Size: 15195 bytes
2026-10-07 12:07:16,143 | INFO | Input file: D:\airflow_etl\raw\orders_enriched\2026-03-23\orders_enriched.csv | Size: 16361 bytes
2026-10-07 12:07:16,143 | INFO | Input file: D:\airflow_etl\raw\orders_enriched\2026-03-24\orders_enriched.csv | Size: 13524 bytes
2026-10-07 12:07:16,143 | INFO | Input file: D:\airflow_etl\raw\orders_enriched\2026-03-25\orders_enriched.csv | Size: 14126 bytes
2026-10-07 12:07:16,144 | INFO | Input file: D:\airflow_etl\raw\orders_enriched\2026-03-26\orders_enriched.csv | Size: 14927 bytes
2026-10-07 12:07:16,144 | INFO | Input file: D:\airflow_etl\raw\orders_enriched\2026-03-27\orders_enriched.csv | Size: 14244 bytes
2026-10-07 12:07:16,144 | INFO | Input file: D:\airflow_etl\raw\orders_enriched\2026-03-28\orders_enriched.csv | Size: 16541 bytes
2026-10-07 12:07:16,144 | INFO | Input file: D:\airflow_etl\raw\orders_enriched\2026-03-29\orders_enriched.csv | Size: 16688 bytes
2026-10-07 12:07:16,144 | INFO | Input file: D:\airflow_etl\raw\orders_enriched\2026-03-30\orders_enriched.csv | Size: 15140 bytes
2026-10-07 12:07:16,144 | INFO | Input file: D:\airflow_etl\raw\orders_enriched\2026-03-31\orders_enriched.csv | Size: 14273 bytes
2026-10-07 12:07:16,145 | INFO | Input file: D:\airflow_etl\raw\orders_enriched\2026-04-01\orders_enriched.csv | Size: 14163 bytes
2026-10-07 12:07:16,145 | INFO | Input file: D:\airflow_etl\raw\orders_enriched\2026-04-02\orders_enriched.csv | Size: 13530 bytes
2026-10-07 12:07:16,145 | INFO | Input file: D:\airflow_etl\raw\orders_enriched\2026-04-03\orders_enriched.csv | Size: 15757 bytes
2026-10-07 12:07:16,145 | INFO | Input file: D:\airflow_etl\raw\orders_enriched\2026-04-04\orders_enriched.csv | Size: 13498 bytes
2026-10-07 12:07:16,145 | INFO | Input file: D:\airflow_etl\raw\orders_enriched\2026-04-05\orders_enriched.csv | Size: 14191 bytes
2026-10-07 12:07:16,145 | INFO | Input file: D:\airflow_etl\raw\orders_enriched\2026-04-06\orders_enriched.csv | Size: 13796 bytes
2026-10-07 12:07:16,146 | INFO | Input file: D:\airflow_etl\raw\orders_enriched\2026-04-07\orders_enriched.csv | Size: 12951 bytes
2026-10-07 12:07:16,146 | INFO | Input file: D:\airflow_etl\raw\orders_enriched\2026-04-08\orders_enriched.csv | Size: 17117 bytes
2026-10-07 12:07:16,146 | INFO | Input file: D:\airflow_etl\raw\orders_enriched\2026-04-09\orders_enriched.csv | Size: 12959 bytes
2026-10-07 12:07:16,146 | INFO | Input file: D:\airflow_etl\raw\orders_enriched\2026-04-10\orders_enriched.csv | Size: 18539 bytes
2026-10-07 12:07:16,146 | INFO | Input file: D:\airflow_etl\raw\orders_enriched\2026-04-11\orders_enriched.csv | Size: 18354 bytes
2026-10-07 12:07:16,146 | INFO | Input file: D:\airflow_etl\raw\orders_enriched\2026-04-12\orders_enriched.csv | Size: 15975 bytes
2026-10-07 12:07:16,146 | INFO | Input file: D:\airflow_etl\raw\orders_enriched\2026-04-13\orders_enriched.csv | Size: 17301 bytes
2026-10-07 12:07:16,147 | INFO | Input file: D:\airflow_etl\raw\orders_enriched\2026-04-14\orders_enriched.csv | Size: 16186 bytes
2026-10-07 12:07:16,147 | INFO | Input file: D:\airflow_etl\raw\orders_enriched\2026-04-15\orders_enriched.csv | Size: 15616 bytes
2026-10-07 12:07:16,147 | INFO | Input file: D:\airflow_etl\raw\orders_enriched\2026-04-16\orders_enriched.csv | Size: 12575 bytes
2026-10-07 12:07:16,147 | INFO | Input file: D:\airflow_etl\raw\orders_enriched\2026-04-17\orders_enriched.csv | Size: 12545 bytes
2026-10-07 12:07:16,147 | INFO | Input file: D:\airflow_etl\raw\orders_enriched\2026-04-18\orders_enriched.csv | Size: 18670 bytes
2026-10-07 12:07:16,147 | INFO | Input file: D:\airflow_etl\raw\orders_enriched\2026-04-19\orders_enriched.csv | Size: 14365 bytes
2026-10-07 12:07:16,148 | INFO | Input file: D:\airflow_etl\raw\orders_enriched\2026-04-20\orders_enriched.csv | Size: 15836 bytes
2026-10-07 12:07:16,148 | INFO | Input file: D:\airflow_etl\raw\orders_enriched\2026-04-21\orders_enriched.csv | Size: 13858 bytes
2026-10-07 12:07:16,148 | INFO | Input file: D:\airflow_etl\raw\orders_enriched\2026-04-22\orders_enriched.csv | Size: 16082 bytes
2026-10-07 12:07:16,148 | INFO | Input file: D:\airflow_etl\raw\orders_enriched\2026-04-23\orders_enriched.csv | Size: 13719 bytes
2026-10-07 12:07:16,148 | INFO | Input file: D:\airflow_etl\raw\orders_enriched\2026-04-24\orders_enriched.csv | Size: 13547 bytes
2026-10-07 12:07:16,148 | INFO | Input file: D:\airflow_etl\raw\orders_enriched\2026-04-25\orders_enriched.csv | Size: 14944 bytes
2026-10-07 12:07:16,148 | INFO | Input file: D:\airflow_etl\raw\orders_enriched\2026-04-26\orders_enriched.csv | Size: 12915 bytes
2026-10-07 12:07:16,149 | INFO | Input file: D:\airflow_etl\raw\orders_enriched\2026-04-27\orders_enriched.csv | Size: 18304 bytes
2026-10-07 12:07:16,149 | INFO | Input file: D:\airflow_etl\raw\orders_enriched\2026-04-28\orders_enriched.csv | Size: 12327 bytes
2026-10-07 12:07:16,149 | INFO | Input file: D:\airflow_etl\raw\orders_enriched\2026-04-29\orders_enriched.csv | Size: 15313 bytes
2026-10-07 12:07:16,149 | INFO | Input file: D:\airflow_etl\raw\orders_enriched\2026-04-30\orders_enriched.csv | Size: 16810 bytes
2026-10-07 12:07:16,149 | INFO | Input file: D:\airflow_etl\raw\orders_enriched\2026-05-01\orders_enriched.csv | Size: 14659 bytes
2026-10-07 12:07:16,150 | INFO | Input file: D:\airflow_etl\raw\orders_enriched\2026-05-02\orders_enriched.csv | Size: 17858 bytes
2026-10-07 12:07:16,150 | INFO | Input file: D:\airflow_etl\raw\orders_enriched\2026-05-03\orders_enriched.csv | Size: 17176 bytes
2026-10-07 12:07:16,150 | INFO | Input file: D:\airflow_etl\raw\orders_enriched\2026-05-04\orders_enriched.csv | Size: 12920 bytes
2026-10-07 12:07:16,150 | INFO | Input file: D:\airflow_etl\raw\orders_enriched\2026-05-05\orders_enriched.csv | Size: 17634 bytes
2026-10-07 12:07:16,150 | INFO | Input file: D:\airflow_etl\raw\orders_enriched\2026-05-06\orders_enriched.csv | Size: 15852 bytes
2026-10-07 12:07:16,150 | INFO | Input file: D:\airflow_etl\raw\orders_enriched\2026-05-07\orders_enriched.csv | Size: 14921 bytes
2026-10-07 12:07:16,151 | INFO | Input file: D:\airflow_etl\raw\orders_enriched\2026-05-08\orders_enriched.csv | Size: 15929 bytes
2026-10-07 12:07:16,151 | INFO | Input file: D:\airflow_etl\raw\orders_enriched\2026-05-09\orders_enriched.csv | Size: 11246 bytes
2026-10-07 12:07:16,151 | INFO | Input file: D:\airflow_etl\raw\orders_enriched\2026-05-10\orders_enriched.csv | Size: 19089 bytes
2026-10-07 12:07:16,151 | INFO | Input file: D:\airflow_etl\raw\orders_enriched\2026-05-11\orders_enriched.csv | Size: 17093 bytes
2026-10-07 12:07:16,151 | INFO | Input file: D:\airflow_etl\raw\orders_enriched\2026-05-12\orders_enriched.csv | Size: 10522 bytes
2026-10-07 12:07:16,151 | INFO | Input file: D:\airflow_etl\raw\orders_enriched\2026-05-13\orders_enriched.csv | Size: 13586 bytes
2026-10-07 12:07:16,151 | INFO | Input file: D:\airflow_etl\raw\orders_enriched\2026-05-14\orders_enriched.csv | Size: 13823 bytes
2026-10-07 12:07:16,151 | INFO | Input file: D:\airflow_etl\raw\orders_enriched\2026-05-15\orders_enriched.csv | Size: 19972 bytes
2026-10-07 12:07:16,152 | INFO | Input file: D:\airflow_etl\raw\orders_enriched\2026-05-16\orders_enriched.csv | Size: 15776 bytes
2026-10-07 12:07:16,152 | INFO | Input file: D:\airflow_etl\raw\orders_enriched\2026-05-17\orders_enriched.csv | Size: 16574 bytes
2026-10-07 12:07:16,152 | INFO | Input file: D:\airflow_etl\raw\orders_enriched\2026-05-18\orders_enriched.csv | Size: 14359 bytes
2026-10-07 12:07:16,152 | INFO | Input file: D:\airflow_etl\raw\orders_enriched\2026-05-19\orders_enriched.csv | Size: 10594 bytes
2026-10-07 12:07:16,152 | INFO | Input file: D:\airflow_etl\raw\orders_enriched\2026-05-20\orders_enriched.csv | Size: 15255 bytes
2026-10-07 12:07:16,152 | INFO | Input file: D:\airflow_etl\raw\orders_enriched\2026-05-21\orders_enriched.csv | Size: 17238 bytes
2026-10-07 12:07:16,152 | INFO | Input file: D:\airflow_etl\raw\orders_enriched\2026-05-22\orders_enriched.csv | Size: 13587 bytes
2026-10-07 12:07:16,152 | INFO | Input file: D:\airflow_etl\raw\orders_enriched\2026-05-23\orders_enriched.csv | Size: 15756 bytes
2026-10-07 12:07:16,153 | INFO | Input file: D:\airflow_etl\raw\orders_enriched\2026-05-24\orders_enriched.csv | Size: 15881 bytes
2026-10-07 12:07:16,153 | INFO | Input file: D:\airflow_etl\raw\orders_enriched\2026-05-25\orders_enriched.csv | Size: 12296 bytes
2026-10-07 12:07:16,153 | INFO | Input file: D:\airflow_etl\raw\orders_enriched\2026-05-26\orders_enriched.csv | Size: 15280 bytes
2026-10-07 12:07:16,153 | INFO | Input file: D:\airflow_etl\raw\orders_enriched\2026-05-27\orders_enriched.csv | Size: 13973 bytes
2026-10-07 12:07:16,153 | INFO | Input file: D:\airflow_etl\raw\orders_enriched\2026-05-28\orders_enriched.csv | Size: 14854 bytes
2026-10-07 12:07:16,154 | INFO | Input file: D:\airflow_etl\raw\orders_enriched\2026-05-29\orders_enriched.csv | Size: 13318 bytes
2026-10-07 12:07:16,154 | INFO | Input file: D:\airflow_etl\raw\orders_enriched\2026-05-30\orders_enriched.csv | Size: 15003 bytes
2026-10-07 12:07:16,154 | INFO | Input file: D:\airflow_etl\raw\orders_enriched\2026-05-31\orders_enriched.csv | Size: 15272 bytes
2026-10-07 12:07:16,155 | INFO | Input file: D:\airflow_etl\raw\orders_enriched\2026-06-01\orders_enriched.csv | Size: 15582 bytes
2026-10-07 12:07:16,156 | INFO | Input file: D:\airflow_etl\raw\orders_enriched\2026-06-02\orders_enriched.csv | Size: 13001 bytes
2026-10-07 12:07:16,157 | INFO | Input file: D:\airflow_etl\raw\orders_enriched\2026-06-03\orders_enriched.csv | Size: 12487 bytes
2026-10-07 12:07:16,158 | INFO | Input file: D:\airflow_etl\raw\orders_enriched\2026-06-04\orders_enriched.csv | Size: 14905 bytes
2026-10-07 12:07:16,158 | INFO | Input file: D:\airflow_etl\raw\orders_enriched\2026-06-05\orders_enriched.csv | Size: 18186 bytes
2026-10-07 12:07:16,158 | INFO | Input file: D:\airflow_etl\raw\orders_enriched\2026-06-06\orders_enriched.csv | Size: 15576 bytes
2026-10-07 12:07:16,159 | INFO | Input file: D:\airflow_etl\raw\orders_enriched\2026-06-07\orders_enriched.csv | Size: 17755 bytes
2026-10-07 12:07:16,159 | INFO | Input file: D:\airflow_etl\raw\orders_enriched\2026-06-08\orders_enriched.csv | Size: 13813 bytes
2026-10-07 12:07:16,159 | INFO | Input file: D:\airflow_etl\raw\orders_enriched\2026-06-09\orders_enriched.csv | Size: 15030 bytes
2026-10-07 12:07:16,159 | INFO | Input file: D:\airflow_etl\raw\orders_enriched\2026-06-10\orders_enriched.csv | Size: 12913 bytes
2026-10-07 12:07:16,160 | INFO | Input file: D:\airflow_etl\raw\orders_enriched\2026-06-11\orders_enriched.csv | Size: 15263 bytes
2026-10-07 12:07:16,160 | INFO | Input file: D:\airflow_etl\raw\orders_enriched\2026-06-12\orders_enriched.csv | Size: 15434 bytes
2026-10-07 12:07:16,160 | INFO | Input file: D:\airflow_etl\raw\orders_enriched\2026-06-13\orders_enriched.csv | Size: 18141 bytes
2026-10-07 12:07:16,160 | INFO | Input file: D:\airflow_etl\raw\orders_enriched\2026-06-14\orders_enriched.csv | Size: 15816 bytes
2026-10-07 12:07:16,160 | INFO | Input file: D:\airflow_etl\raw\orders_enriched\2026-06-15\orders_enriched.csv | Size: 14052 bytes
2026-10-07 12:07:16,160 | INFO | Input file: D:\airflow_etl\raw\orders_enriched\2026-06-16\orders_enriched.csv | Size: 15899 bytes
2026-10-07 12:07:16,160 | INFO | Input file: D:\airflow_etl\raw\orders_enriched\2026-06-17\orders_enriched.csv | Size: 15714 bytes
2026-10-07 12:07:16,161 | INFO | Input file: D:\airflow_etl\raw\orders_enriched\2026-06-18\orders_enriched.csv | Size: 14236 bytes
2026-10-07 12:07:16,161 | INFO | Input file: D:\airflow_etl\raw\orders_enriched\2026-06-19\orders_enriched.csv | Size: 14867 bytes
2026-10-07 12:07:16,161 | INFO | Input file: D:\airflow_etl\raw\orders_enriched\2026-06-20\orders_enriched.csv | Size: 15706 bytes
2026-10-07 12:07:16,161 | INFO | Input file: D:\airflow_etl\raw\orders_enriched\2026-06-21\orders_enriched.csv | Size: 15737 bytes
2026-10-07 12:07:16,161 | INFO | Input file: D:\airflow_etl\raw\orders_enriched\2026-06-22\orders_enriched.csv | Size: 15872 bytes
2026-10-07 12:07:16,161 | INFO | Input file: D:\airflow_etl\raw\orders_enriched\2026-06-23\orders_enriched.csv | Size: 13820 bytes
2026-10-07 12:07:16,161 | INFO | Input file: D:\airflow_etl\raw\orders_enriched\2026-06-24\orders_enriched.csv | Size: 10949 bytes
2026-10-07 12:07:16,162 | INFO | Input file: D:\airflow_etl\raw\orders_enriched\2026-06-25\orders_enriched.csv | Size: 12767 bytes
2026-10-07 12:07:16,162 | INFO | Input file: D:\airflow_etl\raw\orders_enriched\2026-06-26\orders_enriched.csv | Size: 16505 bytes
2026-10-07 12:07:16,162 | INFO | Input file: D:\airflow_etl\raw\orders_enriched\2026-06-27\orders_enriched.csv | Size: 17555 bytes
2026-10-07 12:07:16,162 | INFO | Input file: D:\airflow_etl\raw\orders_enriched\2026-06-28\orders_enriched.csv | Size: 15500 bytes
2026-10-07 12:07:16,162 | INFO | Input file: D:\airflow_etl\raw\orders_enriched\2026-06-29\orders_enriched.csv | Size: 13463 bytes
2026-10-07 12:07:16,162 | INFO | Input file: D:\airflow_etl\raw\orders_enriched\2026-06-30\orders_enriched.csv | Size: 12656 bytes
2026-10-07 12:07:16,162 | INFO | Input file: D:\airflow_etl\raw\orders_enriched\2026-07-01\orders_enriched.csv | Size: 14741 bytes
2026-10-07 12:07:16,162 | INFO | Input file: D:\airflow_etl\raw\orders_enriched\2026-07-02\orders_enriched.csv | Size: 17059 bytes
2026-10-07 12:07:16,162 | INFO | Input file: D:\airflow_etl\raw\orders_enriched\2026-07-03\orders_enriched.csv | Size: 16196 bytes
2026-10-07 12:07:16,163 | INFO | Input file: D:\airflow_etl\raw\orders_enriched\2026-07-04\orders_enriched.csv | Size: 13335 bytes
2026-10-07 12:07:16,163 | INFO | Input file: D:\airflow_etl\raw\orders_enriched\2026-07-05\orders_enriched.csv | Size: 14853 bytes
2026-10-07 12:07:16,163 | INFO | Input file: D:\airflow_etl\raw\orders_enriched\2026-07-06\orders_enriched.csv | Size: 17257 bytes
2026-10-07 12:07:16,163 | INFO | Input file: D:\airflow_etl\raw\orders_enriched\2026-07-07\orders_enriched.csv | Size: 16883 bytes
2026-10-07 12:07:16,163 | INFO | Input file: D:\airflow_etl\raw\orders_enriched\2026-07-08\orders_enriched.csv | Size: 15420 bytes
2026-10-07 12:07:16,163 | INFO | Input file: D:\airflow_etl\raw\orders_enriched\2026-07-09\orders_enriched.csv | Size: 13214 bytes
2026-10-07 12:07:16,163 | INFO | Input file: D:\airflow_etl\raw\orders_enriched\2026-07-10\orders_enriched.csv | Size: 14799 bytes
2026-10-07 12:07:16,163 | INFO | Input file: D:\airflow_etl\raw\orders_enriched\2026-07-11\orders_enriched.csv | Size: 13574 bytes
2026-10-07 12:07:16,164 | INFO | Input file: D:\airflow_etl\raw\orders_enriched\2026-07-12\orders_enriched.csv | Size: 18600 bytes
2026-10-07 12:07:16,164 | INFO | Input file: D:\airflow_etl\raw\orders_enriched\2026-07-13\orders_enriched.csv | Size: 13661 bytes
2026-10-07 12:07:16,164 | INFO | Input file: D:\airflow_etl\raw\orders_enriched\2026-07-14\orders_enriched.csv | Size: 15413 bytes
2026-10-07 12:07:16,164 | INFO | Input file: D:\airflow_etl\raw\orders_enriched\2026-07-15\orders_enriched.csv | Size: 15516 bytes
2026-10-07 12:07:16,164 | INFO | Input file: D:\airflow_etl\raw\orders_enriched\2026-07-16\orders_enriched.csv | Size: 12926 bytes
2026-10-07 12:07:16,164 | INFO | Input file: D:\airflow_etl\raw\orders_enriched\2026-07-17\orders_enriched.csv | Size: 14319 bytes
2026-10-07 12:07:16,164 | INFO | Input file: D:\airflow_etl\raw\orders_enriched\2026-07-18\orders_enriched.csv | Size: 15139 bytes
2026-10-07 12:07:16,164 | INFO | Input file: D:\airflow_etl\raw\orders_enriched\2026-07-19\orders_enriched.csv | Size: 17052 bytes
2026-10-07 12:07:16,165 | INFO | Input file: D:\airflow_etl\raw\orders_enriched\2026-07-20\orders_enriched.csv | Size: 15373 bytes
2026-10-07 12:07:16,165 | INFO | Input file: D:\airflow_etl\raw\orders_enriched\2026-07-21\orders_enriched.csv | Size: 12402 bytes
2026-10-07 12:07:16,165 | INFO | Input file: D:\airflow_etl\raw\orders_enriched\2026-07-22\orders_enriched.csv | Size: 14423 bytes
2026-10-07 12:07:16,165 | INFO | Input file: D:\airflow_etl\raw\orders_enriched\2026-07-23\orders_enriched.csv | Size: 14024 bytes
2026-10-07 12:07:16,165 | INFO | Input file: D:\airflow_etl\raw\orders_enriched\2026-07-24\orders_enriched.csv | Size: 15056 bytes
2026-10-07 12:07:16,165 | INFO | Input file: D:\airflow_etl\raw\orders_enriched\2026-07-25\orders_enriched.csv | Size: 16133 bytes
2026-10-07 12:07:16,165 | INFO | Input file: D:\airflow_etl\raw\orders_enriched\2026-07-26\orders_enriched.csv | Size: 14992 bytes
2026-10-07 12:07:16,166 | INFO | Input file: D:\airflow_etl\raw\orders_enriched\2026-07-27\orders_enriched.csv | Size: 14655 bytes
2026-10-07 12:07:16,166 | INFO | Input file: D:\airflow_etl\raw\orders_enriched\2026-07-28\orders_enriched.csv | Size: 14134 bytes
2026-10-07 12:07:16,166 | INFO | Input file: D:\airflow_etl\raw\orders_enriched\2026-07-29\orders_enriched.csv | Size: 13499 bytes
2026-10-07 12:07:16,166 | INFO | Input file: D:\airflow_etl\raw\orders_enriched\2026-07-30\orders_enriched.csv | Size: 17177 bytes
2026-10-07 12:07:16,166 | INFO | Input file: D:\airflow_etl\raw\orders_enriched\2026-07-31\orders_enriched.csv | Size: 15051 bytes
2026-10-07 12:07:16,166 | INFO | Input file: D:\airflow_etl\raw\orders_enriched\2026-08-01\orders_enriched.csv | Size: 15089 bytes
2026-10-07 12:07:16,166 | INFO | Input file: D:\airflow_etl\raw\orders_enriched\2026-08-02\orders_enriched.csv | Size: 14114 bytes
2026-10-07 12:07:16,166 | INFO | Input file: D:\airflow_etl\raw\orders_enriched\2026-08-03\orders_enriched.csv | Size: 15264 bytes
2026-10-07 12:07:16,166 | INFO | Input file: D:\airflow_etl\raw\orders_enriched\2026-08-04\orders_enriched.csv | Size: 16589 bytes
2026-10-07 12:07:16,167 | INFO | Input file: D:\airflow_etl\raw\orders_enriched\2026-08-05\orders_enriched.csv | Size: 16590 bytes
2026-10-07 12:07:16,167 | INFO | Input file: D:\airflow_etl\raw\orders_enriched\2026-08-06\orders_enriched.csv | Size: 14553 bytes
2026-10-07 12:07:16,167 | INFO | Input file: D:\airflow_etl\raw\orders_enriched\2026-08-07\orders_enriched.csv | Size: 16080 bytes
2026-10-07 12:07:16,167 | INFO | Input file: D:\airflow_etl\raw\orders_enriched\2026-08-08\orders_enriched.csv | Size: 19224 bytes
2026-10-07 12:07:16,167 | INFO | Input file: D:\airflow_etl\raw\orders_enriched\2026-08-09\orders_enriched.csv | Size: 13949 bytes
2026-10-07 12:07:16,167 | INFO | Input file: D:\airflow_etl\raw\orders_enriched\2026-08-10\orders_enriched.csv | Size: 15698 bytes
2026-10-07 12:07:16,167 | INFO | Input file: D:\airflow_etl\raw\orders_enriched\2026-08-11\orders_enriched.csv | Size: 16478 bytes
2026-10-07 12:07:16,167 | INFO | Input file: D:\airflow_etl\raw\orders_enriched\2026-08-12\orders_enriched.csv | Size: 14086 bytes
2026-10-07 12:07:16,167 | INFO | Input file: D:\airflow_etl\raw\orders_enriched\2026-08-13\orders_enriched.csv | Size: 17654 bytes
2026-10-07 12:07:16,167 | INFO | Input file: D:\airflow_etl\raw\orders_enriched\2026-08-14\orders_enriched.csv | Size: 17087 bytes
2026-10-07 12:07:16,167 | INFO | Input file: D:\airflow_etl\raw\orders_enriched\2026-08-15\orders_enriched.csv | Size: 17770 bytes
2026-10-07 12:07:16,168 | INFO | Input file: D:\airflow_etl\raw\orders_enriched\2026-08-16\orders_enriched.csv | Size: 13424 bytes
2026-10-07 12:07:16,168 | INFO | Input file: D:\airflow_etl\raw\orders_enriched\2026-08-17\orders_enriched.csv | Size: 15998 bytes
2026-10-07 12:07:16,168 | INFO | Input file: D:\airflow_etl\raw\orders_enriched\2026-08-18\orders_enriched.csv | Size: 16408 bytes
2026-10-07 12:07:16,168 | INFO | Input file: D:\airflow_etl\raw\orders_enriched\2026-08-19\orders_enriched.csv | Size: 14834 bytes
2026-10-07 12:07:16,168 | INFO | Input file: D:\airflow_etl\raw\orders_enriched\2026-08-20\orders_enriched.csv | Size: 16887 bytes
2026-10-07 12:07:16,168 | INFO | Input file: D:\airflow_etl\raw\orders_enriched\2026-08-21\orders_enriched.csv | Size: 15686 bytes
2026-10-07 12:07:16,168 | INFO | Input file: D:\airflow_etl\raw\orders_enriched\2026-08-22\orders_enriched.csv | Size: 18360 bytes
2026-10-07 12:07:16,168 | INFO | Input file: D:\airflow_etl\raw\orders_enriched\2026-08-23\orders_enriched.csv | Size: 15760 bytes
2026-10-07 12:07:16,168 | INFO | Input file: D:\airflow_etl\raw\orders_enriched\2026-08-24\orders_enriched.csv | Size: 17483 bytes
2026-10-07 12:07:16,169 | INFO | Input file: D:\airflow_etl\raw\orders_enriched\2026-08-25\orders_enriched.csv | Size: 14461 bytes
2026-10-07 12:07:16,169 | INFO | Input file: D:\airflow_etl\raw\orders_enriched\2026-08-26\orders_enriched.csv | Size: 14491 bytes
2026-10-07 12:07:16,169 | INFO | Input file: D:\airflow_etl\raw\orders_enriched\2026-08-27\orders_enriched.csv | Size: 14298 bytes
2026-10-07 12:07:16,169 | INFO | Input file: D:\airflow_etl\raw\orders_enriched\2026-08-28\orders_enriched.csv | Size: 15043 bytes
2026-10-07 12:07:16,169 | INFO | Input file: D:\airflow_etl\raw\orders_enriched\2026-08-29\orders_enriched.csv | Size: 14370 bytes
2026-10-07 12:07:16,169 | INFO | Input file: D:\airflow_etl\raw\orders_enriched\2026-08-30\orders_enriched.csv | Size: 14086 bytes
2026-10-07 12:07:16,169 | INFO | Input file: D:\airflow_etl\raw\orders\2025-01-01\orders.csv | Size: 6442 bytes
2026-10-07 12:07:16,169 | INFO | Input file: D:\airflow_etl\raw\orders\2025-01-02\orders.csv | Size: 6221 bytes
2026-10-07 12:07:16,169 | INFO | Input file: D:\airflow_etl\raw\orders\2025-01-03\orders.csv | Size: 8145 bytes
2026-10-07 12:07:16,170 | INFO | Input file: D:\airflow_etl\raw\orders\2025-01-04\orders.csv | Size: 5397 bytes
2026-10-07 12:07:16,170 | INFO | Input file: D:\airflow_etl\raw\orders\2025-01-05\orders.csv | Size: 7822 bytes
2026-10-07 12:07:16,170 | INFO | Input file: D:\airflow_etl\raw\orders\2025-01-06\orders.csv | Size: 6645 bytes
2026-10-07 12:07:16,170 | INFO | Input file: D:\airflow_etl\raw\orders\2025-01-07\orders.csv | Size: 6389 bytes
2026-10-07 12:07:16,170 | INFO | Input file: D:\airflow_etl\raw\orders\2025-01-08\orders.csv | Size: 6939 bytes
2026-10-07 12:07:16,171 | INFO | Input file: D:\airflow_etl\raw\orders\2025-01-09\orders.csv | Size: 6220 bytes
2026-10-07 12:07:16,171 | INFO | Input file: D:\airflow_etl\raw\orders\2025-01-10\orders.csv | Size: 7006 bytes
2026-10-07 12:07:16,171 | INFO | Input file: D:\airflow_etl\raw\orders\2025-01-11\orders.csv | Size: 5971 bytes
2026-10-07 12:07:16,172 | INFO | Input file: D:\airflow_etl\raw\orders\2025-01-12\orders.csv | Size: 6649 bytes
2026-10-07 12:07:16,173 | INFO | Input file: D:\airflow_etl\raw\orders\2025-01-13\orders.csv | Size: 7113 bytes
2026-10-07 12:07:16,173 | INFO | Input file: D:\airflow_etl\raw\orders\2025-01-14\orders.csv | Size: 6775 bytes
2026-10-07 12:07:16,174 | INFO | Input file: D:\airflow_etl\raw\orders\2025-01-15\orders.csv | Size: 7745 bytes
2026-10-07 12:07:16,174 | INFO | Input file: D:\airflow_etl\raw\orders\2025-01-16\orders.csv | Size: 7087 bytes
2026-10-07 12:07:16,175 | INFO | Input file: D:\airflow_etl\raw\orders\2025-01-17\orders.csv | Size: 6323 bytes
2026-10-07 12:07:16,175 | INFO | Input file: D:\airflow_etl\raw\orders\2025-01-18\orders.csv | Size: 5647 bytes
2026-10-07 12:07:16,175 | INFO | Input file: D:\airflow_etl\raw\orders\2025-01-19\orders.csv | Size: 6112 bytes
2026-10-07 12:07:16,175 | INFO | Input file: D:\airflow_etl\raw\orders\2025-01-20\orders.csv | Size: 7837 bytes
2026-10-07 12:07:16,175 | INFO | Input file: D:\airflow_etl\raw\orders\2025-01-21\orders.csv | Size: 7250 bytes
2026-10-07 12:07:16,176 | INFO | Input file: D:\airflow_etl\raw\orders\2025-01-22\orders.csv | Size: 7815 bytes
2026-10-07 12:07:16,176 | INFO | Input file: D:\airflow_etl\raw\orders\2025-01-23\orders.csv | Size: 5678 bytes
2026-10-07 12:07:16,176 | INFO | Input file: D:\airflow_etl\raw\orders\2025-01-24\orders.csv | Size: 6078 bytes
2026-10-07 12:07:16,176 | INFO | Input file: D:\airflow_etl\raw\orders\2025-01-25\orders.csv | Size: 6094 bytes
2026-10-07 12:07:16,176 | INFO | Input file: D:\airflow_etl\raw\orders\2025-01-26\orders.csv | Size: 8045 bytes
2026-10-07 12:07:16,176 | INFO | Input file: D:\airflow_etl\raw\orders\2025-01-27\orders.csv | Size: 8181 bytes
2026-10-07 12:07:16,176 | INFO | Input file: D:\airflow_etl\raw\orders\2025-01-28\orders.csv | Size: 7704 bytes
2026-10-07 12:07:16,176 | INFO | Input file: D:\airflow_etl\raw\orders\2025-01-29\orders.csv | Size: 7351 bytes
2026-10-07 12:07:16,177 | INFO | Input file: D:\airflow_etl\raw\orders\2025-01-30\orders.csv | Size: 6283 bytes
2026-10-07 12:07:16,177 | INFO | Input file: D:\airflow_etl\raw\orders\2025-01-31\orders.csv | Size: 7958 bytes
2026-10-07 12:07:16,177 | INFO | Input file: D:\airflow_etl\raw\orders\2025-02-01\orders.csv | Size: 7246 bytes
2026-10-07 12:07:16,177 | INFO | Input file: D:\airflow_etl\raw\orders\2025-02-02\orders.csv | Size: 7019 bytes
2026-10-07 12:07:16,177 | INFO | Input file: D:\airflow_etl\raw\orders\2025-02-03\orders.csv | Size: 5858 bytes
2026-10-07 12:07:16,177 | INFO | Input file: D:\airflow_etl\raw\orders\2025-02-04\orders.csv | Size: 6552 bytes
2026-10-07 12:07:16,177 | INFO | Input file: D:\airflow_etl\raw\orders\2025-02-05\orders.csv | Size: 6981 bytes
2026-10-07 12:07:16,177 | INFO | Input file: D:\airflow_etl\raw\orders\2025-02-06\orders.csv | Size: 6886 bytes
2026-10-07 12:07:16,177 | INFO | Input file: D:\airflow_etl\raw\orders\2025-02-07\orders.csv | Size: 5523 bytes
2026-10-07 12:07:16,178 | INFO | Input file: D:\airflow_etl\raw\orders\2025-02-08\orders.csv | Size: 7315 bytes
2026-10-07 12:07:16,178 | INFO | Input file: D:\airflow_etl\raw\orders\2025-02-09\orders.csv | Size: 6473 bytes
2026-10-07 12:07:16,178 | INFO | Input file: D:\airflow_etl\raw\orders\2025-02-10\orders.csv | Size: 6831 bytes
2026-10-07 12:07:16,178 | INFO | Input file: D:\airflow_etl\raw\orders\2025-02-11\orders.csv | Size: 7430 bytes
2026-10-07 12:07:16,178 | INFO | Input file: D:\airflow_etl\raw\orders\2025-02-12\orders.csv | Size: 7413 bytes
2026-10-07 12:07:16,178 | INFO | Input file: D:\airflow_etl\raw\orders\2025-02-13\orders.csv | Size: 6550 bytes
2026-10-07 12:07:16,178 | INFO | Input file: D:\airflow_etl\raw\orders\2025-02-14\orders.csv | Size: 7784 bytes
2026-10-07 12:07:16,178 | INFO | Input file: D:\airflow_etl\raw\orders\2025-02-15\orders.csv | Size: 7551 bytes
2026-10-07 12:07:16,178 | INFO | Input file: D:\airflow_etl\raw\orders\2025-02-16\orders.csv | Size: 6493 bytes
2026-10-07 12:07:16,178 | INFO | Input file: D:\airflow_etl\raw\orders\2025-02-17\orders.csv | Size: 8053 bytes
2026-10-07 12:07:16,179 | INFO | Input file: D:\airflow_etl\raw\orders\2025-02-18\orders.csv | Size: 7250 bytes
2026-10-07 12:07:16,179 | INFO | Input file: D:\airflow_etl\raw\orders\2025-02-19\orders.csv | Size: 7079 bytes
2026-10-07 12:07:16,179 | INFO | Input file: D:\airflow_etl\raw\orders\2025-02-20\orders.csv | Size: 7066 bytes
2026-10-07 12:07:16,179 | INFO | Input file: D:\airflow_etl\raw\orders\2025-02-21\orders.csv | Size: 6306 bytes
2026-10-07 12:07:16,179 | INFO | Input file: D:\airflow_etl\raw\orders\2025-02-22\orders.csv | Size: 6700 bytes
2026-10-07 12:07:16,179 | INFO | Input file: D:\airflow_etl\raw\orders\2025-02-23\orders.csv | Size: 7521 bytes
2026-10-07 12:07:16,179 | INFO | Input file: D:\airflow_etl\raw\orders\2025-02-24\orders.csv | Size: 7526 bytes
2026-10-07 12:07:16,179 | INFO | Input file: D:\airflow_etl\raw\orders\2025-02-25\orders.csv | Size: 6711 bytes
2026-10-07 12:07:16,179 | INFO | Input file: D:\airflow_etl\raw\orders\2025-02-26\orders.csv | Size: 6804 bytes
2026-10-07 12:07:16,180 | INFO | Input file: D:\airflow_etl\raw\orders\2025-02-27\orders.csv | Size: 5234 bytes
2026-10-07 12:07:16,180 | INFO | Input file: D:\airflow_etl\raw\orders\2025-02-28\orders.csv | Size: 7865 bytes
2026-10-07 12:07:16,180 | INFO | Input file: D:\airflow_etl\raw\orders\2025-03-01\orders.csv | Size: 7572 bytes
2026-10-07 12:07:16,180 | INFO | Input file: D:\airflow_etl\raw\orders\2025-03-02\orders.csv | Size: 6393 bytes
2026-10-07 12:07:16,180 | INFO | Input file: D:\airflow_etl\raw\orders\2025-03-03\orders.csv | Size: 6479 bytes
2026-10-07 12:07:16,180 | INFO | Input file: D:\airflow_etl\raw\orders\2025-03-04\orders.csv | Size: 7421 bytes
2026-10-07 12:07:16,180 | INFO | Input file: D:\airflow_etl\raw\orders\2025-03-05\orders.csv | Size: 6784 bytes
2026-10-07 12:07:16,181 | INFO | Input file: D:\airflow_etl\raw\orders\2025-03-06\orders.csv | Size: 7649 bytes
2026-10-07 12:07:16,181 | INFO | Input file: D:\airflow_etl\raw\orders\2025-03-07\orders.csv | Size: 8137 bytes
2026-10-07 12:07:16,181 | INFO | Input file: D:\airflow_etl\raw\orders\2025-03-08\orders.csv | Size: 6818 bytes
2026-10-07 12:07:16,181 | INFO | Input file: D:\airflow_etl\raw\orders\2025-03-09\orders.csv | Size: 6660 bytes
2026-10-07 12:07:16,181 | INFO | Input file: D:\airflow_etl\raw\orders\2025-03-10\orders.csv | Size: 7090 bytes
2026-10-07 12:07:16,182 | INFO | Input file: D:\airflow_etl\raw\orders\2025-03-11\orders.csv | Size: 7386 bytes
2026-10-07 12:07:16,182 | INFO | Input file: D:\airflow_etl\raw\orders\2025-03-12\orders.csv | Size: 6681 bytes
2026-10-07 12:07:16,182 | INFO | Input file: D:\airflow_etl\raw\orders\2025-03-13\orders.csv | Size: 6487 bytes
2026-10-07 12:07:16,182 | INFO | Input file: D:\airflow_etl\raw\orders\2025-03-14\orders.csv | Size: 5808 bytes
2026-10-07 12:07:16,182 | INFO | Input file: D:\airflow_etl\raw\orders\2025-03-15\orders.csv | Size: 7000 bytes
2026-10-07 12:07:16,182 | INFO | Input file: D:\airflow_etl\raw\orders\2025-03-16\orders.csv | Size: 7394 bytes
2026-10-07 12:07:16,182 | INFO | Input file: D:\airflow_etl\raw\orders\2025-03-17\orders.csv | Size: 7771 bytes
2026-10-07 12:07:16,183 | INFO | Input file: D:\airflow_etl\raw\orders\2025-03-18\orders.csv | Size: 7821 bytes
2026-10-07 12:07:16,183 | INFO | Input file: D:\airflow_etl\raw\orders\2025-03-19\orders.csv | Size: 6963 bytes
2026-10-07 12:07:16,183 | INFO | Input file: D:\airflow_etl\raw\orders\2025-03-20\orders.csv | Size: 7182 bytes
2026-10-07 12:07:16,183 | INFO | Input file: D:\airflow_etl\raw\orders\2025-03-21\orders.csv | Size: 6234 bytes
2026-10-07 12:07:16,183 | INFO | Input file: D:\airflow_etl\raw\orders\2025-03-22\orders.csv | Size: 7218 bytes
2026-10-07 12:07:16,183 | INFO | Input file: D:\airflow_etl\raw\orders\2025-03-23\orders.csv | Size: 7198 bytes
2026-10-07 12:07:16,183 | INFO | Input file: D:\airflow_etl\raw\orders\2025-03-24\orders.csv | Size: 7405 bytes
2026-10-07 12:07:16,183 | INFO | Input file: D:\airflow_etl\raw\orders\2025-03-25\orders.csv | Size: 5508 bytes
2026-10-07 12:07:16,183 | INFO | Input file: D:\airflow_etl\raw\orders\2025-03-26\orders.csv | Size: 8871 bytes
2026-10-07 12:07:16,183 | INFO | Input file: D:\airflow_etl\raw\orders\2025-03-27\orders.csv | Size: 6032 bytes
2026-10-07 12:07:16,184 | INFO | Input file: D:\airflow_etl\raw\orders\2025-03-28\orders.csv | Size: 6485 bytes
2026-10-07 12:07:16,184 | INFO | Input file: D:\airflow_etl\raw\orders\2025-03-29\orders.csv | Size: 5857 bytes
2026-10-07 12:07:16,184 | INFO | Input file: D:\airflow_etl\raw\orders\2025-03-30\orders.csv | Size: 8137 bytes
2026-10-07 12:07:16,184 | INFO | Input file: D:\airflow_etl\raw\orders\2025-03-31\orders.csv | Size: 6533 bytes
2026-10-07 12:07:16,184 | INFO | Input file: D:\airflow_etl\raw\orders\2025-04-01\orders.csv | Size: 6813 bytes
2026-10-07 12:07:16,184 | INFO | Input file: D:\airflow_etl\raw\orders\2025-04-02\orders.csv | Size: 6703 bytes
2026-10-07 12:07:16,184 | INFO | Input file: D:\airflow_etl\raw\orders\2025-04-03\orders.csv | Size: 6367 bytes
2026-10-07 12:07:16,184 | INFO | Input file: D:\airflow_etl\raw\orders\2025-04-04\orders.csv | Size: 8646 bytes
2026-10-07 12:07:16,184 | INFO | Input file: D:\airflow_etl\raw\orders\2025-04-05\orders.csv | Size: 7292 bytes
2026-10-07 12:07:16,185 | INFO | Input file: D:\airflow_etl\raw\orders\2025-04-06\orders.csv | Size: 6700 bytes
2026-10-07 12:07:16,185 | INFO | Input file: D:\airflow_etl\raw\orders\2025-04-07\orders.csv | Size: 6145 bytes
2026-10-07 12:07:16,185 | INFO | Input file: D:\airflow_etl\raw\orders\2025-04-08\orders.csv | Size: 7242 bytes
2026-10-07 12:07:16,185 | INFO | Input file: D:\airflow_etl\raw\orders\2025-04-09\orders.csv | Size: 8016 bytes
2026-10-07 12:07:16,185 | INFO | Input file: D:\airflow_etl\raw\orders\2025-04-10\orders.csv | Size: 6721 bytes
2026-10-07 12:07:16,185 | INFO | Input file: D:\airflow_etl\raw\orders\2025-04-11\orders.csv | Size: 7693 bytes
2026-10-07 12:07:16,185 | INFO | Input file: D:\airflow_etl\raw\orders\2025-04-12\orders.csv | Size: 6831 bytes
2026-10-07 12:07:16,185 | INFO | Input file: D:\airflow_etl\raw\orders\2025-04-13\orders.csv | Size: 7360 bytes
2026-10-07 12:07:16,185 | INFO | Input file: D:\airflow_etl\raw\orders\2025-04-14\orders.csv | Size: 6495 bytes
2026-10-07 12:07:16,186 | INFO | Input file: D:\airflow_etl\raw\orders\2025-04-15\orders.csv | Size: 5842 bytes
2026-10-07 12:07:16,186 | INFO | Input file: D:\airflow_etl\raw\orders\2025-04-16\orders.csv | Size: 6181 bytes
2026-10-07 12:07:16,186 | INFO | Input file: D:\airflow_etl\raw\orders\2025-04-17\orders.csv | Size: 7019 bytes
2026-10-07 12:07:16,186 | INFO | Input file: D:\airflow_etl\raw\orders\2025-04-18\orders.csv | Size: 7147 bytes
2026-10-07 12:07:16,186 | INFO | Input file: D:\airflow_etl\raw\orders\2025-04-19\orders.csv | Size: 6482 bytes
2026-10-07 12:07:16,186 | INFO | Input file: D:\airflow_etl\raw\orders\2025-04-20\orders.csv | Size: 7055 bytes
2026-10-07 12:07:16,186 | INFO | Input file: D:\airflow_etl\raw\orders\2025-04-21\orders.csv | Size: 8808 bytes
2026-10-07 12:07:16,187 | INFO | Input file: D:\airflow_etl\raw\orders\2025-04-22\orders.csv | Size: 7152 bytes
2026-10-07 12:07:16,187 | INFO | Input file: D:\airflow_etl\raw\orders\2025-04-23\orders.csv | Size: 5592 bytes
2026-10-07 12:07:16,187 | INFO | Input file: D:\airflow_etl\raw\orders\2025-04-24\orders.csv | Size: 6966 bytes
2026-10-07 12:07:16,187 | INFO | Input file: D:\airflow_etl\raw\orders\2025-04-25\orders.csv | Size: 7435 bytes
2026-10-07 12:07:16,187 | INFO | Input file: D:\airflow_etl\raw\orders\2025-04-26\orders.csv | Size: 6905 bytes
2026-10-07 12:07:16,188 | INFO | Input file: D:\airflow_etl\raw\orders\2025-04-27\orders.csv | Size: 6918 bytes
2026-10-07 12:07:16,188 | INFO | Input file: D:\airflow_etl\raw\orders\2025-04-28\orders.csv | Size: 6416 bytes
2026-10-07 12:07:16,188 | INFO | Input file: D:\airflow_etl\raw\orders\2025-04-29\orders.csv | Size: 7935 bytes
2026-10-07 12:07:16,189 | INFO | Input file: D:\airflow_etl\raw\orders\2025-04-30\orders.csv | Size: 8115 bytes
2026-10-07 12:07:16,189 | INFO | Input file: D:\airflow_etl\raw\orders\2025-05-01\orders.csv | Size: 8616 bytes
2026-10-07 12:07:16,190 | INFO | Input file: D:\airflow_etl\raw\orders\2025-05-02\orders.csv | Size: 6125 bytes
2026-10-07 12:07:16,190 | INFO | Input file: D:\airflow_etl\raw\orders\2025-05-03\orders.csv | Size: 6995 bytes
2026-10-07 12:07:16,190 | INFO | Input file: D:\airflow_etl\raw\orders\2025-05-04\orders.csv | Size: 6582 bytes
2026-10-07 12:07:16,190 | INFO | Input file: D:\airflow_etl\raw\orders\2025-05-05\orders.csv | Size: 6330 bytes
2026-10-07 12:07:16,191 | INFO | Input file: D:\airflow_etl\raw\orders\2025-05-06\orders.csv | Size: 7927 bytes
2026-10-07 12:07:16,191 | INFO | Input file: D:\airflow_etl\raw\orders\2025-05-07\orders.csv | Size: 6850 bytes
2026-10-07 12:07:16,191 | INFO | Input file: D:\airflow_etl\raw\orders\2025-05-08\orders.csv | Size: 6583 bytes
2026-10-07 12:07:16,191 | INFO | Input file: D:\airflow_etl\raw\orders\2025-05-09\orders.csv | Size: 8191 bytes
2026-10-07 12:07:16,191 | INFO | Input file: D:\airflow_etl\raw\orders\2025-05-10\orders.csv | Size: 7017 bytes
2026-10-07 12:07:16,191 | INFO | Input file: D:\airflow_etl\raw\orders\2025-05-11\orders.csv | Size: 7229 bytes
2026-10-07 12:07:16,192 | INFO | Input file: D:\airflow_etl\raw\orders\2025-05-12\orders.csv | Size: 5806 bytes
2026-10-07 12:07:16,192 | INFO | Input file: D:\airflow_etl\raw\orders\2025-05-13\orders.csv | Size: 7589 bytes
2026-10-07 12:07:16,192 | INFO | Input file: D:\airflow_etl\raw\orders\2025-05-14\orders.csv | Size: 6828 bytes
2026-10-07 12:07:16,192 | INFO | Input file: D:\airflow_etl\raw\orders\2025-05-15\orders.csv | Size: 8253 bytes
2026-10-07 12:07:16,192 | INFO | Input file: D:\airflow_etl\raw\orders\2025-05-16\orders.csv | Size: 5879 bytes
2026-10-07 12:07:16,192 | INFO | Input file: D:\airflow_etl\raw\orders\2025-05-17\orders.csv | Size: 7897 bytes
2026-10-07 12:07:16,193 | INFO | Input file: D:\airflow_etl\raw\orders\2025-05-18\orders.csv | Size: 7118 bytes
2026-10-07 12:07:16,193 | INFO | Input file: D:\airflow_etl\raw\orders\2025-05-19\orders.csv | Size: 4644 bytes
2026-10-07 12:07:16,193 | INFO | Input file: D:\airflow_etl\raw\orders\2025-05-20\orders.csv | Size: 7799 bytes
2026-10-07 12:07:16,193 | INFO | Input file: D:\airflow_etl\raw\orders\2025-05-21\orders.csv | Size: 7453 bytes
2026-10-07 12:07:16,193 | INFO | Input file: D:\airflow_etl\raw\orders\2025-05-22\orders.csv | Size: 6883 bytes
2026-10-07 12:07:16,193 | INFO | Input file: D:\airflow_etl\raw\orders\2025-05-23\orders.csv | Size: 6807 bytes
2026-10-07 12:07:16,193 | INFO | Input file: D:\airflow_etl\raw\orders\2025-05-24\orders.csv | Size: 7996 bytes
2026-10-07 12:07:16,193 | INFO | Input file: D:\airflow_etl\raw\orders\2025-05-25\orders.csv | Size: 6733 bytes
2026-10-07 12:07:16,194 | INFO | Input file: D:\airflow_etl\raw\orders\2025-05-26\orders.csv | Size: 7412 bytes
2026-10-07 12:07:16,194 | INFO | Input file: D:\airflow_etl\raw\orders\2025-05-27\orders.csv | Size: 6618 bytes
2026-10-07 12:07:16,194 | INFO | Input file: D:\airflow_etl\raw\orders\2025-05-28\orders.csv | Size: 7013 bytes
2026-10-07 12:07:16,194 | INFO | Input file: D:\airflow_etl\raw\orders\2025-05-29\orders.csv | Size: 7888 bytes
2026-10-07 12:07:16,194 | INFO | Input file: D:\airflow_etl\raw\orders\2025-05-30\orders.csv | Size: 6410 bytes
2026-10-07 12:07:16,194 | INFO | Input file: D:\airflow_etl\raw\orders\2025-05-31\orders.csv | Size: 7196 bytes
2026-10-07 12:07:16,194 | INFO | Input file: D:\airflow_etl\raw\orders\2025-06-01\orders.csv | Size: 7591 bytes
2026-10-07 12:07:16,194 | INFO | Input file: D:\airflow_etl\raw\orders\2025-06-02\orders.csv | Size: 8298 bytes
2026-10-07 12:07:16,194 | INFO | Input file: D:\airflow_etl\raw\orders\2025-06-03\orders.csv | Size: 7745 bytes
2026-10-07 12:07:16,195 | INFO | Input file: D:\airflow_etl\raw\orders\2025-06-04\orders.csv | Size: 6401 bytes
2026-10-07 12:07:16,195 | INFO | Input file: D:\airflow_etl\raw\orders\2025-06-05\orders.csv | Size: 6659 bytes
2026-10-07 12:07:16,195 | INFO | Input file: D:\airflow_etl\raw\orders\2025-06-06\orders.csv | Size: 6674 bytes
2026-10-07 12:07:16,195 | INFO | Input file: D:\airflow_etl\raw\orders\2025-06-07\orders.csv | Size: 7150 bytes
2026-10-07 12:07:16,195 | INFO | Input file: D:\airflow_etl\raw\orders\2025-06-08\orders.csv | Size: 6878 bytes
2026-10-07 12:07:16,195 | INFO | Input file: D:\airflow_etl\raw\orders\2025-06-09\orders.csv | Size: 5581 bytes
2026-10-07 12:07:16,195 | INFO | Input file: D:\airflow_etl\raw\orders\2025-06-10\orders.csv | Size: 8380 bytes
2026-10-07 12:07:16,195 | INFO | Input file: D:\airflow_etl\raw\orders\2025-06-11\orders.csv | Size: 7237 bytes
2026-10-07 12:07:16,195 | INFO | Input file: D:\airflow_etl\raw\orders\2025-06-12\orders.csv | Size: 6470 bytes
2026-10-07 12:07:16,195 | INFO | Input file: D:\airflow_etl\raw\orders\2025-06-13\orders.csv | Size: 6392 bytes
2026-10-07 12:07:16,196 | INFO | Input file: D:\airflow_etl\raw\orders\2025-06-14\orders.csv | Size: 9324 bytes
2026-10-07 12:07:16,196 | INFO | Input file: D:\airflow_etl\raw\orders\2025-06-15\orders.csv | Size: 7616 bytes
2026-10-07 12:07:16,196 | INFO | Input file: D:\airflow_etl\raw\orders\2025-06-16\orders.csv | Size: 6937 bytes
2026-10-07 12:07:16,196 | INFO | Input file: D:\airflow_etl\raw\orders\2025-06-17\orders.csv | Size: 8063 bytes
2026-10-07 12:07:16,196 | INFO | Input file: D:\airflow_etl\raw\orders\2025-06-18\orders.csv | Size: 7196 bytes
2026-10-07 12:07:16,196 | INFO | Input file: D:\airflow_etl\raw\orders\2025-06-19\orders.csv | Size: 7223 bytes
2026-10-07 12:07:16,196 | INFO | Input file: D:\airflow_etl\raw\orders\2025-06-20\orders.csv | Size: 7362 bytes
2026-10-07 12:07:16,196 | INFO | Input file: D:\airflow_etl\raw\orders\2025-06-21\orders.csv | Size: 6730 bytes
2026-10-07 12:07:16,197 | INFO | Input file: D:\airflow_etl\raw\orders\2025-06-22\orders.csv | Size: 6481 bytes
2026-10-07 12:07:16,197 | INFO | Input file: D:\airflow_etl\raw\orders\2025-06-23\orders.csv | Size: 7433 bytes
2026-10-07 12:07:16,197 | INFO | Input file: D:\airflow_etl\raw\orders\2025-06-24\orders.csv | Size: 7899 bytes
2026-10-07 12:07:16,197 | INFO | Input file: D:\airflow_etl\raw\orders\2025-06-25\orders.csv | Size: 7688 bytes
2026-10-07 12:07:16,197 | INFO | Input file: D:\airflow_etl\raw\orders\2025-06-26\orders.csv | Size: 6511 bytes
2026-10-07 12:07:16,197 | INFO | Input file: D:\airflow_etl\raw\orders\2025-06-27\orders.csv | Size: 7273 bytes
2026-10-07 12:07:16,197 | INFO | Input file: D:\airflow_etl\raw\orders\2025-06-28\orders.csv | Size: 7330 bytes
2026-10-07 12:07:16,198 | INFO | Input file: D:\airflow_etl\raw\orders\2025-06-29\orders.csv | Size: 6647 bytes
2026-10-07 12:07:16,198 | INFO | Input file: D:\airflow_etl\raw\orders\2025-06-30\orders.csv | Size: 6464 bytes
2026-10-07 12:07:16,198 | INFO | Input file: D:\airflow_etl\raw\orders\2025-07-01\orders.csv | Size: 8187 bytes
2026-10-07 12:07:16,198 | INFO | Input file: D:\airflow_etl\raw\orders\2025-07-02\orders.csv | Size: 6850 bytes
2026-10-07 12:07:16,198 | INFO | Input file: D:\airflow_etl\raw\orders\2025-07-03\orders.csv | Size: 7161 bytes
2026-10-07 12:07:16,198 | INFO | Input file: D:\airflow_etl\raw\orders\2025-07-04\orders.csv | Size: 7190 bytes
2026-10-07 12:07:16,198 | INFO | Input file: D:\airflow_etl\raw\orders\2025-07-05\orders.csv | Size: 8450 bytes
2026-10-07 12:07:16,199 | INFO | Input file: D:\airflow_etl\raw\orders\2025-07-06\orders.csv | Size: 6756 bytes
2026-10-07 12:07:16,199 | INFO | Input file: D:\airflow_etl\raw\orders\2025-07-07\orders.csv | Size: 7411 bytes
2026-10-07 12:07:16,199 | INFO | Input file: D:\airflow_etl\raw\orders\2025-07-08\orders.csv | Size: 6479 bytes
2026-10-07 12:07:16,199 | INFO | Input file: D:\airflow_etl\raw\orders\2025-07-09\orders.csv | Size: 7231 bytes
2026-10-07 12:07:16,199 | INFO | Input file: D:\airflow_etl\raw\orders\2025-07-10\orders.csv | Size: 7086 bytes
2026-10-07 12:07:16,199 | INFO | Input file: D:\airflow_etl\raw\orders\2025-07-11\orders.csv | Size: 6850 bytes
2026-10-07 12:07:16,199 | INFO | Input file: D:\airflow_etl\raw\orders\2025-07-12\orders.csv | Size: 6528 bytes
2026-10-07 12:07:16,199 | INFO | Input file: D:\airflow_etl\raw\orders\2025-07-13\orders.csv | Size: 8683 bytes
2026-10-07 12:07:16,199 | INFO | Input file: D:\airflow_etl\raw\orders\2025-07-14\orders.csv | Size: 6337 bytes
2026-10-07 12:07:16,200 | INFO | Input file: D:\airflow_etl\raw\orders\2025-07-15\orders.csv | Size: 6810 bytes
2026-10-07 12:07:16,200 | INFO | Input file: D:\airflow_etl\raw\orders\2025-07-16\orders.csv | Size: 7448 bytes
2026-10-07 12:07:16,200 | INFO | Input file: D:\airflow_etl\raw\orders\2025-07-17\orders.csv | Size: 7204 bytes
2026-10-07 12:07:16,200 | INFO | Input file: D:\airflow_etl\raw\orders\2025-07-18\orders.csv | Size: 5856 bytes
2026-10-07 12:07:16,200 | INFO | Input file: D:\airflow_etl\raw\orders\2025-07-19\orders.csv | Size: 6688 bytes
2026-10-07 12:07:16,200 | INFO | Input file: D:\airflow_etl\raw\orders\2025-07-20\orders.csv | Size: 7937 bytes
2026-10-07 12:07:16,200 | INFO | Input file: D:\airflow_etl\raw\orders\2025-07-21\orders.csv | Size: 6988 bytes
2026-10-07 12:07:16,200 | INFO | Input file: D:\airflow_etl\raw\orders\2025-07-22\orders.csv | Size: 6019 bytes
2026-10-07 12:07:16,200 | INFO | Input file: D:\airflow_etl\raw\orders\2025-07-23\orders.csv | Size: 7068 bytes
2026-10-07 12:07:16,200 | INFO | Input file: D:\airflow_etl\raw\orders\2025-07-24\orders.csv | Size: 7080 bytes
2026-10-07 12:07:16,201 | INFO | Input file: D:\airflow_etl\raw\orders\2025-07-25\orders.csv | Size: 6979 bytes
2026-10-07 12:07:16,201 | INFO | Input file: D:\airflow_etl\raw\orders\2025-07-26\orders.csv | Size: 5923 bytes
2026-10-07 12:07:16,201 | INFO | Input file: D:\airflow_etl\raw\orders\2025-07-27\orders.csv | Size: 7101 bytes
2026-10-07 12:07:16,201 | INFO | Input file: D:\airflow_etl\raw\orders\2025-07-28\orders.csv | Size: 7426 bytes
2026-10-07 12:07:16,201 | INFO | Input file: D:\airflow_etl\raw\orders\2025-07-29\orders.csv | Size: 6332 bytes
2026-10-07 12:07:16,201 | INFO | Input file: D:\airflow_etl\raw\orders\2025-07-30\orders.csv | Size: 5458 bytes
2026-10-07 12:07:16,201 | INFO | Input file: D:\airflow_etl\raw\orders\2025-07-31\orders.csv | Size: 7460 bytes
2026-10-07 12:07:16,201 | INFO | Input file: D:\airflow_etl\raw\orders\2025-08-01\orders.csv | Size: 8163 bytes
2026-10-07 12:07:16,202 | INFO | Input file: D:\airflow_etl\raw\orders\2025-08-02\orders.csv | Size: 6700 bytes
2026-10-07 12:07:16,202 | INFO | Input file: D:\airflow_etl\raw\orders\2025-08-03\orders.csv | Size: 6134 bytes
2026-10-07 12:07:16,202 | INFO | Input file: D:\airflow_etl\raw\orders\2025-08-04\orders.csv | Size: 7475 bytes
2026-10-07 12:07:16,202 | INFO | Input file: D:\airflow_etl\raw\orders\2025-08-05\orders.csv | Size: 8082 bytes
2026-10-07 12:07:16,202 | INFO | Input file: D:\airflow_etl\raw\orders\2025-08-06\orders.csv | Size: 7892 bytes
2026-10-07 12:07:16,202 | INFO | Input file: D:\airflow_etl\raw\orders\2025-08-07\orders.csv | Size: 7257 bytes
2026-10-07 12:07:16,202 | INFO | Input file: D:\airflow_etl\raw\orders\2025-08-08\orders.csv | Size: 8943 bytes
2026-10-07 12:07:16,203 | INFO | Input file: D:\airflow_etl\raw\orders\2025-08-09\orders.csv | Size: 8381 bytes
2026-10-07 12:07:16,203 | INFO | Input file: D:\airflow_etl\raw\orders\2025-08-10\orders.csv | Size: 7293 bytes
2026-10-07 12:07:16,203 | INFO | Input file: D:\airflow_etl\raw\orders\2025-08-11\orders.csv | Size: 7850 bytes
2026-10-07 12:07:16,203 | INFO | Input file: D:\airflow_etl\raw\orders\2025-08-12\orders.csv | Size: 6780 bytes
2026-10-07 12:07:16,203 | INFO | Input file: D:\airflow_etl\raw\orders\2025-08-13\orders.csv | Size: 6673 bytes
2026-10-07 12:07:16,203 | INFO | Input file: D:\airflow_etl\raw\orders\2025-08-14\orders.csv | Size: 6540 bytes
2026-10-07 12:07:16,203 | INFO | Input file: D:\airflow_etl\raw\orders\2025-08-15\orders.csv | Size: 6177 bytes
2026-10-07 12:07:16,204 | INFO | Input file: D:\airflow_etl\raw\orders\2025-08-16\orders.csv | Size: 7934 bytes
2026-10-07 12:07:16,204 | INFO | Input file: D:\airflow_etl\raw\orders\2025-08-17\orders.csv | Size: 6463 bytes
2026-10-07 12:07:16,204 | INFO | Input file: D:\airflow_etl\raw\orders\2025-08-18\orders.csv | Size: 6516 bytes
2026-10-07 12:07:16,204 | INFO | Input file: D:\airflow_etl\raw\orders\2025-08-19\orders.csv | Size: 7805 bytes
2026-10-07 12:07:16,204 | INFO | Input file: D:\airflow_etl\raw\orders\2025-08-20\orders.csv | Size: 8002 bytes
2026-10-07 12:07:16,205 | INFO | Input file: D:\airflow_etl\raw\orders\2025-08-21\orders.csv | Size: 6972 bytes
2026-10-07 12:07:16,205 | INFO | Input file: D:\airflow_etl\raw\orders\2025-08-22\orders.csv | Size: 6598 bytes
2026-10-07 12:07:16,206 | INFO | Input file: D:\airflow_etl\raw\orders\2025-08-23\orders.csv | Size: 6162 bytes
2026-10-07 12:07:16,206 | INFO | Input file: D:\airflow_etl\raw\orders\2025-08-24\orders.csv | Size: 6315 bytes
2026-10-07 12:07:16,206 | INFO | Input file: D:\airflow_etl\raw\orders\2025-08-25\orders.csv | Size: 7769 bytes
2026-10-07 12:07:16,207 | INFO | Input file: D:\airflow_etl\raw\orders\2025-08-26\orders.csv | Size: 6696 bytes
2026-10-07 12:07:16,207 | INFO | Input file: D:\airflow_etl\raw\orders\2025-08-27\orders.csv | Size: 6369 bytes
2026-10-07 12:07:16,207 | INFO | Input file: D:\airflow_etl\raw\orders\2025-08-28\orders.csv | Size: 6908 bytes
2026-10-07 12:07:16,208 | INFO | Input file: D:\airflow_etl\raw\orders\2025-08-29\orders.csv | Size: 7718 bytes
2026-10-07 12:07:16,208 | INFO | Input file: D:\airflow_etl\raw\orders\2025-08-30\orders.csv | Size: 7259 bytes
2026-10-07 12:07:16,208 | INFO | Input file: D:\airflow_etl\raw\orders\2025-08-31\orders.csv | Size: 8317 bytes
2026-10-07 12:07:16,208 | INFO | Input file: D:\airflow_etl\raw\orders\2025-09-01\orders.csv | Size: 6588 bytes
2026-10-07 12:07:16,208 | INFO | Input file: D:\airflow_etl\raw\orders\2025-09-02\orders.csv | Size: 7050 bytes
2026-10-07 12:07:16,209 | INFO | Input file: D:\airflow_etl\raw\orders\2025-09-03\orders.csv | Size: 7729 bytes
2026-10-07 12:07:16,209 | INFO | Input file: D:\airflow_etl\raw\orders\2025-09-04\orders.csv | Size: 8083 bytes
2026-10-07 12:07:16,209 | INFO | Input file: D:\airflow_etl\raw\orders\2025-09-05\orders.csv | Size: 8035 bytes
2026-10-07 12:07:16,209 | INFO | Input file: D:\airflow_etl\raw\orders\2025-09-06\orders.csv | Size: 6349 bytes
2026-10-07 12:07:16,209 | INFO | Input file: D:\airflow_etl\raw\orders\2025-09-07\orders.csv | Size: 7291 bytes
2026-10-07 12:07:16,209 | INFO | Input file: D:\airflow_etl\raw\orders\2025-09-08\orders.csv | Size: 6907 bytes
2026-10-07 12:07:16,210 | INFO | Input file: D:\airflow_etl\raw\orders\2025-09-09\orders.csv | Size: 6455 bytes
2026-10-07 12:07:16,210 | INFO | Input file: D:\airflow_etl\raw\orders\2025-09-10\orders.csv | Size: 7467 bytes
2026-10-07 12:07:16,210 | INFO | Input file: D:\airflow_etl\raw\orders\2025-09-11\orders.csv | Size: 6521 bytes
2026-10-07 12:07:16,210 | INFO | Input file: D:\airflow_etl\raw\orders\2025-09-12\orders.csv | Size: 8194 bytes
2026-10-07 12:07:16,210 | INFO | Input file: D:\airflow_etl\raw\orders\2025-09-13\orders.csv | Size: 7415 bytes
2026-10-07 12:07:16,210 | INFO | Input file: D:\airflow_etl\raw\orders\2025-09-14\orders.csv | Size: 8404 bytes
2026-10-07 12:07:16,210 | INFO | Input file: D:\airflow_etl\raw\orders\2025-09-15\orders.csv | Size: 5690 bytes
2026-10-07 12:07:16,210 | INFO | Input file: D:\airflow_etl\raw\orders\2025-09-16\orders.csv | Size: 7423 bytes
2026-10-07 12:07:16,210 | INFO | Input file: D:\airflow_etl\raw\orders\2025-09-17\orders.csv | Size: 6341 bytes
2026-10-07 12:07:16,211 | INFO | Input file: D:\airflow_etl\raw\orders\2025-09-18\orders.csv | Size: 6642 bytes
2026-10-07 12:07:16,211 | INFO | Input file: D:\airflow_etl\raw\orders\2025-09-19\orders.csv | Size: 6740 bytes
2026-10-07 12:07:16,211 | INFO | Input file: D:\airflow_etl\raw\orders\2025-09-20\orders.csv | Size: 8916 bytes
2026-10-07 12:07:16,211 | INFO | Input file: D:\airflow_etl\raw\orders\2025-09-21\orders.csv | Size: 6910 bytes
2026-10-07 12:07:16,211 | INFO | Input file: D:\airflow_etl\raw\orders\2025-09-22\orders.csv | Size: 7424 bytes
2026-10-07 12:07:16,211 | INFO | Input file: D:\airflow_etl\raw\orders\2025-09-23\orders.csv | Size: 8026 bytes
2026-10-07 12:07:16,211 | INFO | Input file: D:\airflow_etl\raw\orders\2025-09-24\orders.csv | Size: 7076 bytes
2026-10-07 12:07:16,211 | INFO | Input file: D:\airflow_etl\raw\orders\2025-09-25\orders.csv | Size: 6674 bytes
2026-10-07 12:07:16,211 | INFO | Input file: D:\airflow_etl\raw\orders\2025-09-26\orders.csv | Size: 8024 bytes
2026-10-07 12:07:16,212 | INFO | Input file: D:\airflow_etl\raw\orders\2025-09-27\orders.csv | Size: 6433 bytes
2026-10-07 12:07:16,212 | INFO | Input file: D:\airflow_etl\raw\orders\2025-09-28\orders.csv | Size: 7109 bytes
2026-10-07 12:07:16,212 | INFO | Input file: D:\airflow_etl\raw\orders\2025-09-29\orders.csv | Size: 7182 bytes
2026-10-07 12:07:16,212 | INFO | Input file: D:\airflow_etl\raw\orders\2025-09-30\orders.csv | Size: 6427 bytes
2026-10-07 12:07:16,212 | INFO | Input file: D:\airflow_etl\raw\orders\2025-10-01\orders.csv | Size: 7810 bytes
2026-10-07 12:07:16,212 | INFO | Input file: D:\airflow_etl\raw\orders\2025-10-02\orders.csv | Size: 6450 bytes
2026-10-07 12:07:16,212 | INFO | Input file: D:\airflow_etl\raw\orders\2025-10-03\orders.csv | Size: 8340 bytes
2026-10-07 12:07:16,213 | INFO | Input file: D:\airflow_etl\raw\orders\2025-10-04\orders.csv | Size: 6350 bytes
2026-10-07 12:07:16,213 | INFO | Input file: D:\airflow_etl\raw\orders\2025-10-05\orders.csv | Size: 7761 bytes
2026-10-07 12:07:16,213 | INFO | Input file: D:\airflow_etl\raw\orders\2025-10-06\orders.csv | Size: 6384 bytes
2026-10-07 12:07:16,213 | INFO | Input file: D:\airflow_etl\raw\orders\2025-10-07\orders.csv | Size: 7861 bytes
2026-10-07 12:07:16,213 | INFO | Input file: D:\airflow_etl\raw\orders\2025-10-08\orders.csv | Size: 8059 bytes
2026-10-07 12:07:16,214 | INFO | Input file: D:\airflow_etl\raw\orders\2025-10-09\orders.csv | Size: 4542 bytes
2026-10-07 12:07:16,214 | INFO | Input file: D:\airflow_etl\raw\orders\2025-10-10\orders.csv | Size: 7004 bytes
2026-10-07 12:07:16,214 | INFO | Input file: D:\airflow_etl\raw\orders\2025-10-11\orders.csv | Size: 6893 bytes
2026-10-07 12:07:16,214 | INFO | Input file: D:\airflow_etl\raw\orders\2025-10-12\orders.csv | Size: 6532 bytes
2026-10-07 12:07:16,214 | INFO | Input file: D:\airflow_etl\raw\orders\2025-10-13\orders.csv | Size: 6988 bytes
2026-10-07 12:07:16,214 | INFO | Input file: D:\airflow_etl\raw\orders\2025-10-14\orders.csv | Size: 7031 bytes
2026-10-07 12:07:16,214 | INFO | Input file: D:\airflow_etl\raw\orders\2025-10-15\orders.csv | Size: 7978 bytes
2026-10-07 12:07:16,215 | INFO | Input file: D:\airflow_etl\raw\orders\2025-10-16\orders.csv | Size: 8243 bytes
2026-10-07 12:07:16,215 | INFO | Input file: D:\airflow_etl\raw\orders\2025-10-17\orders.csv | Size: 5739 bytes
2026-10-07 12:07:16,215 | INFO | Input file: D:\airflow_etl\raw\orders\2025-10-18\orders.csv | Size: 6282 bytes
2026-10-07 12:07:16,215 | INFO | Input file: D:\airflow_etl\raw\orders\2025-10-19\orders.csv | Size: 7040 bytes
2026-10-07 12:07:16,215 | INFO | Input file: D:\airflow_etl\raw\orders\2025-10-20\orders.csv | Size: 8148 bytes
2026-10-07 12:07:16,215 | INFO | Input file: D:\airflow_etl\raw\orders\2025-10-21\orders.csv | Size: 5051 bytes
2026-10-07 12:07:16,215 | INFO | Input file: D:\airflow_etl\raw\orders\2025-10-22\orders.csv | Size: 7452 bytes
2026-10-07 12:07:16,215 | INFO | Input file: D:\airflow_etl\raw\orders\2025-10-23\orders.csv | Size: 7707 bytes
2026-10-07 12:07:16,216 | INFO | Input file: D:\airflow_etl\raw\orders\2025-10-24\orders.csv | Size: 8790 bytes
2026-10-07 12:07:16,216 | INFO | Input file: D:\airflow_etl\raw\orders\2025-10-25\orders.csv | Size: 7300 bytes
2026-10-07 12:07:16,216 | INFO | Input file: D:\airflow_etl\raw\orders\2025-10-26\orders.csv | Size: 7407 bytes
2026-10-07 12:07:16,216 | INFO | Input file: D:\airflow_etl\raw\orders\2025-10-27\orders.csv | Size: 6416 bytes
2026-10-07 12:07:16,216 | INFO | Input file: D:\airflow_etl\raw\orders\2025-10-28\orders.csv | Size: 6091 bytes
2026-10-07 12:07:16,216 | INFO | Input file: D:\airflow_etl\raw\orders\2025-10-29\orders.csv | Size: 6498 bytes
2026-10-07 12:07:16,216 | INFO | Input file: D:\airflow_etl\raw\orders\2025-10-30\orders.csv | Size: 6523 bytes
2026-10-07 12:07:16,216 | INFO | Input file: D:\airflow_etl\raw\orders\2025-10-31\orders.csv | Size: 5709 bytes
2026-10-07 12:07:16,216 | INFO | Input file: D:\airflow_etl\raw\orders\2025-11-01\orders.csv | Size: 6631 bytes
2026-10-07 12:07:16,216 | INFO | Input file: D:\airflow_etl\raw\orders\2025-11-02\orders.csv | Size: 7474 bytes
2026-10-07 12:07:16,217 | INFO | Input file: D:\airflow_etl\raw\orders\2025-11-03\orders.csv | Size: 7476 bytes
2026-10-07 12:07:16,217 | INFO | Input file: D:\airflow_etl\raw\orders\2025-11-04\orders.csv | Size: 5511 bytes
2026-10-07 12:07:16,217 | INFO | Input file: D:\airflow_etl\raw\orders\2025-11-05\orders.csv | Size: 7871 bytes
2026-10-07 12:07:16,217 | INFO | Input file: D:\airflow_etl\raw\orders\2025-11-06\orders.csv | Size: 7078 bytes
2026-10-07 12:07:16,217 | INFO | Input file: D:\airflow_etl\raw\orders\2025-11-07\orders.csv | Size: 6664 bytes
2026-10-07 12:07:16,217 | INFO | Input file: D:\airflow_etl\raw\orders\2025-11-08\orders.csv | Size: 6803 bytes
2026-10-07 12:07:16,217 | INFO | Input file: D:\airflow_etl\raw\orders\2025-11-09\orders.csv | Size: 6578 bytes
2026-10-07 12:07:16,218 | INFO | Input file: D:\airflow_etl\raw\orders\2025-11-10\orders.csv | Size: 7385 bytes
2026-10-07 12:07:16,218 | INFO | Input file: D:\airflow_etl\raw\orders\2025-11-11\orders.csv | Size: 7178 bytes
2026-10-07 12:07:16,218 | INFO | Input file: D:\airflow_etl\raw\orders\2025-11-12\orders.csv | Size: 7066 bytes
2026-10-07 12:07:16,218 | INFO | Input file: D:\airflow_etl\raw\orders\2025-11-13\orders.csv | Size: 6885 bytes
2026-10-07 12:07:16,218 | INFO | Input file: D:\airflow_etl\raw\orders\2025-11-14\orders.csv | Size: 7421 bytes
2026-10-07 12:07:16,218 | INFO | Input file: D:\airflow_etl\raw\orders\2025-11-15\orders.csv | Size: 7590 bytes
2026-10-07 12:07:16,219 | INFO | Input file: D:\airflow_etl\raw\orders\2025-11-16\orders.csv | Size: 5995 bytes
2026-10-07 12:07:16,219 | INFO | Input file: D:\airflow_etl\raw\orders\2025-11-17\orders.csv | Size: 5672 bytes
2026-10-07 12:07:16,219 | INFO | Input file: D:\airflow_etl\raw\orders\2025-11-18\orders.csv | Size: 7045 bytes
2026-10-07 12:07:16,219 | INFO | Input file: D:\airflow_etl\raw\orders\2025-11-19\orders.csv | Size: 6629 bytes
2026-10-07 12:07:16,219 | INFO | Input file: D:\airflow_etl\raw\orders\2025-11-20\orders.csv | Size: 7328 bytes
2026-10-07 12:07:16,219 | INFO | Input file: D:\airflow_etl\raw\orders\2025-11-21\orders.csv | Size: 6595 bytes
2026-10-07 12:07:16,219 | INFO | Input file: D:\airflow_etl\raw\orders\2025-11-22\orders.csv | Size: 6799 bytes
2026-10-07 12:07:16,220 | INFO | Input file: D:\airflow_etl\raw\orders\2025-11-23\orders.csv | Size: 5935 bytes
2026-10-07 12:07:16,220 | INFO | Input file: D:\airflow_etl\raw\orders\2025-11-24\orders.csv | Size: 7018 bytes
2026-10-07 12:07:16,220 | INFO | Input file: D:\airflow_etl\raw\orders\2025-11-25\orders.csv | Size: 6443 bytes
2026-10-07 12:07:16,220 | INFO | Input file: D:\airflow_etl\raw\orders\2025-11-26\orders.csv | Size: 6655 bytes
2026-10-07 12:07:16,220 | INFO | Input file: D:\airflow_etl\raw\orders\2025-11-27\orders.csv | Size: 5705 bytes
2026-10-07 12:07:16,221 | INFO | Input file: D:\airflow_etl\raw\orders\2025-11-28\orders.csv | Size: 6892 bytes
2026-10-07 12:07:16,221 | INFO | Input file: D:\airflow_etl\raw\orders\2025-11-29\orders.csv | Size: 7539 bytes
2026-10-07 12:07:16,221 | INFO | Input file: D:\airflow_etl\raw\orders\2025-11-30\orders.csv | Size: 7507 bytes
2026-10-07 12:07:16,221 | INFO | Input file: D:\airflow_etl\raw\orders\2025-12-01\orders.csv | Size: 7317 bytes
2026-10-07 12:07:16,222 | INFO | Input file: D:\airflow_etl\raw\orders\2025-12-02\orders.csv | Size: 7370 bytes
2026-10-07 12:07:16,223 | INFO | Input file: D:\airflow_etl\raw\orders\2025-12-03\orders.csv | Size: 7426 bytes
2026-10-07 12:07:16,223 | INFO | Input file: D:\airflow_etl\raw\orders\2025-12-04\orders.csv | Size: 7200 bytes
2026-10-07 12:07:16,224 | INFO | Input file: D:\airflow_etl\raw\orders\2025-12-05\orders.csv | Size: 6156 bytes
2026-10-07 12:07:16,224 | INFO | Input file: D:\airflow_etl\raw\orders\2025-12-06\orders.csv | Size: 8140 bytes
2026-10-07 12:07:16,224 | INFO | Input file: D:\airflow_etl\raw\orders\2025-12-07\orders.csv | Size: 7160 bytes
2026-10-07 12:07:16,224 | INFO | Input file: D:\airflow_etl\raw\orders\2025-12-08\orders.csv | Size: 7442 bytes
2026-10-07 12:07:16,225 | INFO | Input file: D:\airflow_etl\raw\orders\2025-12-09\orders.csv | Size: 7157 bytes
2026-10-07 12:07:16,225 | INFO | Input file: D:\airflow_etl\raw\orders\2025-12-10\orders.csv | Size: 8157 bytes
2026-10-07 12:07:16,225 | INFO | Input file: D:\airflow_etl\raw\orders\2025-12-11\orders.csv | Size: 7841 bytes
2026-10-07 12:07:16,225 | INFO | Input file: D:\airflow_etl\raw\orders\2025-12-12\orders.csv | Size: 7188 bytes
2026-10-07 12:07:16,225 | INFO | Input file: D:\airflow_etl\raw\orders\2025-12-13\orders.csv | Size: 6974 bytes
2026-10-07 12:07:16,225 | INFO | Input file: D:\airflow_etl\raw\orders\2025-12-14\orders.csv | Size: 5800 bytes
2026-10-07 12:07:16,225 | INFO | Input file: D:\airflow_etl\raw\orders\2025-12-15\orders.csv | Size: 5915 bytes
2026-10-07 12:07:16,225 | INFO | Input file: D:\airflow_etl\raw\orders\2025-12-16\orders.csv | Size: 6981 bytes
2026-10-07 12:07:16,226 | INFO | Input file: D:\airflow_etl\raw\orders\2025-12-17\orders.csv | Size: 5797 bytes
2026-10-07 12:07:16,226 | INFO | Input file: D:\airflow_etl\raw\orders\2025-12-18\orders.csv | Size: 8506 bytes
2026-10-07 12:07:16,226 | INFO | Input file: D:\airflow_etl\raw\orders\2025-12-19\orders.csv | Size: 6613 bytes
2026-10-07 12:07:16,226 | INFO | Input file: D:\airflow_etl\raw\orders\2025-12-20\orders.csv | Size: 6785 bytes
2026-10-07 12:07:16,226 | INFO | Input file: D:\airflow_etl\raw\orders\2025-12-21\orders.csv | Size: 6080 bytes
2026-10-07 12:07:16,226 | INFO | Input file: D:\airflow_etl\raw\orders\2025-12-22\orders.csv | Size: 8060 bytes
2026-10-07 12:07:16,226 | INFO | Input file: D:\airflow_etl\raw\orders\2025-12-23\orders.csv | Size: 7626 bytes
2026-10-07 12:07:16,226 | INFO | Input file: D:\airflow_etl\raw\orders\2025-12-24\orders.csv | Size: 7705 bytes
2026-10-07 12:07:16,226 | INFO | Input file: D:\airflow_etl\raw\orders\2025-12-25\orders.csv | Size: 5973 bytes
2026-10-07 12:07:16,226 | INFO | Input file: D:\airflow_etl\raw\orders\2025-12-26\orders.csv | Size: 7364 bytes
2026-10-07 12:07:16,227 | INFO | Input file: D:\airflow_etl\raw\orders\2025-12-27\orders.csv | Size: 6043 bytes
2026-10-07 12:07:16,227 | INFO | Input file: D:\airflow_etl\raw\orders\2025-12-28\orders.csv | Size: 6384 bytes
2026-10-07 12:07:16,227 | INFO | Input file: D:\airflow_etl\raw\orders\2025-12-29\orders.csv | Size: 8122 bytes
2026-10-07 12:07:16,227 | INFO | Input file: D:\airflow_etl\raw\orders\2025-12-30\orders.csv | Size: 6103 bytes
2026-10-07 12:07:16,227 | INFO | Input file: D:\airflow_etl\raw\orders\2025-12-31\orders.csv | Size: 7703 bytes
2026-10-07 12:07:16,227 | INFO | Input file: D:\airflow_etl\raw\orders\2026-01-01\orders.csv | Size: 6449 bytes
2026-10-07 12:07:16,227 | INFO | Input file: D:\airflow_etl\raw\orders\2026-01-02\orders.csv | Size: 7243 bytes
2026-10-07 12:07:16,228 | INFO | Input file: D:\airflow_etl\raw\orders\2026-01-03\orders.csv | Size: 6093 bytes
2026-10-07 12:07:16,228 | INFO | Input file: D:\airflow_etl\raw\orders\2026-01-04\orders.csv | Size: 6191 bytes
2026-10-07 12:07:16,228 | INFO | Input file: D:\airflow_etl\raw\orders\2026-01-05\orders.csv | Size: 7793 bytes
2026-10-07 12:07:16,228 | INFO | Input file: D:\airflow_etl\raw\orders\2026-01-06\orders.csv | Size: 7488 bytes
2026-10-07 12:07:16,228 | INFO | Input file: D:\airflow_etl\raw\orders\2026-01-07\orders.csv | Size: 7167 bytes
2026-10-07 12:07:16,228 | INFO | Input file: D:\airflow_etl\raw\orders\2026-01-08\orders.csv | Size: 6819 bytes
2026-10-07 12:07:16,229 | INFO | Input file: D:\airflow_etl\raw\orders\2026-01-09\orders.csv | Size: 7019 bytes
2026-10-07 12:07:16,229 | INFO | Input file: D:\airflow_etl\raw\orders\2026-01-10\orders.csv | Size: 7415 bytes
2026-10-07 12:07:16,229 | INFO | Input file: D:\airflow_etl\raw\orders\2026-01-11\orders.csv | Size: 7876 bytes
2026-10-07 12:07:16,229 | INFO | Input file: D:\airflow_etl\raw\orders\2026-01-12\orders.csv | Size: 6346 bytes
2026-10-07 12:07:16,229 | INFO | Input file: D:\airflow_etl\raw\orders\2026-01-13\orders.csv | Size: 6828 bytes
2026-10-07 12:07:16,229 | INFO | Input file: D:\airflow_etl\raw\orders\2026-01-14\orders.csv | Size: 6360 bytes
2026-10-07 12:07:16,230 | INFO | Input file: D:\airflow_etl\raw\orders\2026-01-15\orders.csv | Size: 6931 bytes
2026-10-07 12:07:16,230 | INFO | Input file: D:\airflow_etl\raw\orders\2026-01-16\orders.csv | Size: 6373 bytes
2026-10-07 12:07:16,230 | INFO | Input file: D:\airflow_etl\raw\orders\2026-01-17\orders.csv | Size: 8207 bytes
2026-10-07 12:07:16,230 | INFO | Input file: D:\airflow_etl\raw\orders\2026-01-18\orders.csv | Size: 8203 bytes
2026-10-07 12:07:16,230 | INFO | Input file: D:\airflow_etl\raw\orders\2026-01-19\orders.csv | Size: 7770 bytes
2026-10-07 12:07:16,230 | INFO | Input file: D:\airflow_etl\raw\orders\2026-01-20\orders.csv | Size: 7731 bytes
2026-10-07 12:07:16,230 | INFO | Input file: D:\airflow_etl\raw\orders\2026-01-21\orders.csv | Size: 7373 bytes
2026-10-07 12:07:16,231 | INFO | Input file: D:\airflow_etl\raw\orders\2026-01-22\orders.csv | Size: 7350 bytes
2026-10-07 12:07:16,231 | INFO | Input file: D:\airflow_etl\raw\orders\2026-01-23\orders.csv | Size: 7524 bytes
2026-10-07 12:07:16,231 | INFO | Input file: D:\airflow_etl\raw\orders\2026-01-24\orders.csv | Size: 8109 bytes
2026-10-07 12:07:16,231 | INFO | Input file: D:\airflow_etl\raw\orders\2026-01-25\orders.csv | Size: 8184 bytes
2026-10-07 12:07:16,231 | INFO | Input file: D:\airflow_etl\raw\orders\2026-01-26\orders.csv | Size: 6359 bytes
2026-10-07 12:07:16,231 | INFO | Input file: D:\airflow_etl\raw\orders\2026-01-27\orders.csv | Size: 6829 bytes
2026-10-07 12:07:16,231 | INFO | Input file: D:\airflow_etl\raw\orders\2026-01-28\orders.csv | Size: 7095 bytes
2026-10-07 12:07:16,232 | INFO | Input file: D:\airflow_etl\raw\orders\2026-01-29\orders.csv | Size: 8035 bytes
2026-10-07 12:07:16,232 | INFO | Input file: D:\airflow_etl\raw\orders\2026-01-30\orders.csv | Size: 6610 bytes
2026-10-07 12:07:16,232 | INFO | Input file: D:\airflow_etl\raw\orders\2026-01-31\orders.csv | Size: 6886 bytes
2026-10-07 12:07:16,232 | INFO | Input file: D:\airflow_etl\raw\orders\2026-02-01\orders.csv | Size: 6700 bytes
2026-10-07 12:07:16,232 | INFO | Input file: D:\airflow_etl\raw\orders\2026-02-02\orders.csv | Size: 8914 bytes
2026-10-07 12:07:16,232 | INFO | Input file: D:\airflow_etl\raw\orders\2026-02-03\orders.csv | Size: 7539 bytes
2026-10-07 12:07:16,232 | INFO | Input file: D:\airflow_etl\raw\orders\2026-02-04\orders.csv | Size: 6899 bytes
2026-10-07 12:07:16,232 | INFO | Input file: D:\airflow_etl\raw\orders\2026-02-05\orders.csv | Size: 7291 bytes
2026-10-07 12:07:16,232 | INFO | Input file: D:\airflow_etl\raw\orders\2026-02-06\orders.csv | Size: 6531 bytes
2026-10-07 12:07:16,233 | INFO | Input file: D:\airflow_etl\raw\orders\2026-02-07\orders.csv | Size: 9200 bytes
2026-10-07 12:07:16,233 | INFO | Input file: D:\airflow_etl\raw\orders\2026-02-08\orders.csv | Size: 6196 bytes
2026-10-07 12:07:16,233 | INFO | Input file: D:\airflow_etl\raw\orders\2026-02-09\orders.csv | Size: 7282 bytes
2026-10-07 12:07:16,233 | INFO | Input file: D:\airflow_etl\raw\orders\2026-02-10\orders.csv | Size: 7363 bytes
2026-10-07 12:07:16,233 | INFO | Input file: D:\airflow_etl\raw\orders\2026-02-11\orders.csv | Size: 6802 bytes
2026-10-07 12:07:16,233 | INFO | Input file: D:\airflow_etl\raw\orders\2026-02-12\orders.csv | Size: 6786 bytes
2026-10-07 12:07:16,233 | INFO | Input file: D:\airflow_etl\raw\orders\2026-02-13\orders.csv | Size: 7266 bytes
2026-10-07 12:07:16,234 | INFO | Input file: D:\airflow_etl\raw\orders\2026-02-14\orders.csv | Size: 7687 bytes
2026-10-07 12:07:16,234 | INFO | Input file: D:\airflow_etl\raw\orders\2026-02-15\orders.csv | Size: 8325 bytes
2026-10-07 12:07:16,234 | INFO | Input file: D:\airflow_etl\raw\orders\2026-02-16\orders.csv | Size: 6397 bytes
2026-10-07 12:07:16,234 | INFO | Input file: D:\airflow_etl\raw\orders\2026-02-17\orders.csv | Size: 6255 bytes
2026-10-07 12:07:16,234 | INFO | Input file: D:\airflow_etl\raw\orders\2026-02-18\orders.csv | Size: 8158 bytes
2026-10-07 12:07:16,234 | INFO | Input file: D:\airflow_etl\raw\orders\2026-02-19\orders.csv | Size: 6996 bytes
2026-10-07 12:07:16,234 | INFO | Input file: D:\airflow_etl\raw\orders\2026-02-20\orders.csv | Size: 6832 bytes
2026-10-07 12:07:16,235 | INFO | Input file: D:\airflow_etl\raw\orders\2026-02-21\orders.csv | Size: 6810 bytes
2026-10-07 12:07:16,235 | INFO | Input file: D:\airflow_etl\raw\orders\2026-02-22\orders.csv | Size: 6754 bytes
2026-10-07 12:07:16,235 | INFO | Input file: D:\airflow_etl\raw\orders\2026-02-23\orders.csv | Size: 7223 bytes
2026-10-07 12:07:16,235 | INFO | Input file: D:\airflow_etl\raw\orders\2026-02-24\orders.csv | Size: 6992 bytes
2026-10-07 12:07:16,235 | INFO | Input file: D:\airflow_etl\raw\orders\2026-02-25\orders.csv | Size: 5736 bytes
2026-10-07 12:07:16,235 | INFO | Input file: D:\airflow_etl\raw\orders\2026-02-26\orders.csv | Size: 7553 bytes
2026-10-07 12:07:16,235 | INFO | Input file: D:\airflow_etl\raw\orders\2026-02-27\orders.csv | Size: 6618 bytes
2026-10-07 12:07:16,235 | INFO | Input file: D:\airflow_etl\raw\orders\2026-02-28\orders.csv | Size: 6634 bytes
2026-10-07 12:07:16,236 | INFO | Input file: D:\airflow_etl\raw\orders\2026-03-01\orders.csv | Size: 7296 bytes
2026-10-07 12:07:16,236 | INFO | Input file: D:\airflow_etl\raw\orders\2026-03-02\orders.csv | Size: 7037 bytes
2026-10-07 12:07:16,236 | INFO | Input file: D:\airflow_etl\raw\orders\2026-03-03\orders.csv | Size: 8172 bytes
2026-10-07 12:07:16,236 | INFO | Input file: D:\airflow_etl\raw\orders\2026-03-04\orders.csv | Size: 7129 bytes
2026-10-07 12:07:16,236 | INFO | Input file: D:\airflow_etl\raw\orders\2026-03-05\orders.csv | Size: 7655 bytes
2026-10-07 12:07:16,236 | INFO | Input file: D:\airflow_etl\raw\orders\2026-03-06\orders.csv | Size: 6877 bytes
2026-10-07 12:07:16,237 | INFO | Input file: D:\airflow_etl\raw\orders\2026-03-07\orders.csv | Size: 7093 bytes
2026-10-07 12:07:16,238 | INFO | Input file: D:\airflow_etl\raw\orders\2026-03-08\orders.csv | Size: 7739 bytes
2026-10-07 12:07:16,239 | INFO | Input file: D:\airflow_etl\raw\orders\2026-03-09\orders.csv | Size: 6819 bytes
2026-10-07 12:07:16,241 | INFO | Input file: D:\airflow_etl\raw\orders\2026-03-10\orders.csv | Size: 6681 bytes
2026-10-07 12:07:16,242 | INFO | Input file: D:\airflow_etl\raw\orders\2026-03-11\orders.csv | Size: 6916 bytes
2026-10-07 12:07:16,242 | INFO | Input file: D:\airflow_etl\raw\orders\2026-03-12\orders.csv | Size: 6283 bytes
2026-10-07 12:07:16,242 | INFO | Input file: D:\airflow_etl\raw\orders\2026-03-13\orders.csv | Size: 7318 bytes
2026-10-07 12:07:16,242 | INFO | Input file: D:\airflow_etl\raw\orders\2026-03-14\orders.csv | Size: 8898 bytes
2026-10-07 12:07:16,243 | INFO | Input file: D:\airflow_etl\raw\orders\2026-03-15\orders.csv | Size: 6976 bytes
2026-10-07 12:07:16,243 | INFO | Input file: D:\airflow_etl\raw\orders\2026-03-16\orders.csv | Size: 7143 bytes
2026-10-07 12:07:16,243 | INFO | Input file: D:\airflow_etl\raw\orders\2026-03-17\orders.csv | Size: 7084 bytes
2026-10-07 12:07:16,244 | INFO | Input file: D:\airflow_etl\raw\orders\2026-03-18\orders.csv | Size: 8463 bytes
2026-10-07 12:07:16,244 | INFO | Input file: D:\airflow_etl\raw\orders\2026-03-19\orders.csv | Size: 6100 bytes
2026-10-07 12:07:16,245 | INFO | Input file: D:\airflow_etl\raw\orders\2026-03-20\orders.csv | Size: 7947 bytes
2026-10-07 12:07:16,245 | INFO | Input file: D:\airflow_etl\raw\orders\2026-03-21\orders.csv | Size: 6776 bytes
2026-10-07 12:07:16,245 | INFO | Input file: D:\airflow_etl\raw\orders\2026-03-22\orders.csv | Size: 7141 bytes
2026-10-07 12:07:16,245 | INFO | Input file: D:\airflow_etl\raw\orders\2026-03-23\orders.csv | Size: 7536 bytes
2026-10-07 12:07:16,246 | INFO | Input file: D:\airflow_etl\raw\orders\2026-03-24\orders.csv | Size: 6298 bytes
2026-10-07 12:07:16,246 | INFO | Input file: D:\airflow_etl\raw\orders\2026-03-25\orders.csv | Size: 6525 bytes
2026-10-07 12:07:16,247 | INFO | Input file: D:\airflow_etl\raw\orders\2026-03-26\orders.csv | Size: 6959 bytes
2026-10-07 12:07:16,247 | INFO | Input file: D:\airflow_etl\raw\orders\2026-03-27\orders.csv | Size: 6596 bytes
2026-10-07 12:07:16,247 | INFO | Input file: D:\airflow_etl\raw\orders\2026-03-28\orders.csv | Size: 7747 bytes
2026-10-07 12:07:16,247 | INFO | Input file: D:\airflow_etl\raw\orders\2026-03-29\orders.csv | Size: 7799 bytes
2026-10-07 12:07:16,248 | INFO | Input file: D:\airflow_etl\raw\orders\2026-03-30\orders.csv | Size: 7110 bytes
2026-10-07 12:07:16,248 | INFO | Input file: D:\airflow_etl\raw\orders\2026-03-31\orders.csv | Size: 6629 bytes
2026-10-07 12:07:16,248 | INFO | Input file: D:\airflow_etl\raw\orders\2026-04-01\orders.csv | Size: 6614 bytes
2026-10-07 12:07:16,248 | INFO | Input file: D:\airflow_etl\raw\orders\2026-04-02\orders.csv | Size: 6282 bytes
2026-10-07 12:07:16,248 | INFO | Input file: D:\airflow_etl\raw\orders\2026-04-03\orders.csv | Size: 7354 bytes
2026-10-07 12:07:16,249 | INFO | Input file: D:\airflow_etl\raw\orders\2026-04-04\orders.csv | Size: 6300 bytes
2026-10-07 12:07:16,249 | INFO | Input file: D:\airflow_etl\raw\orders\2026-04-05\orders.csv | Size: 6572 bytes
2026-10-07 12:07:16,249 | INFO | Input file: D:\airflow_etl\raw\orders\2026-04-06\orders.csv | Size: 6468 bytes
2026-10-07 12:07:16,249 | INFO | Input file: D:\airflow_etl\raw\orders\2026-04-07\orders.csv | Size: 6039 bytes
2026-10-07 12:07:16,250 | INFO | Input file: D:\airflow_etl\raw\orders\2026-04-08\orders.csv | Size: 7993 bytes
2026-10-07 12:07:16,250 | INFO | Input file: D:\airflow_etl\raw\orders\2026-04-09\orders.csv | Size: 6014 bytes
2026-10-07 12:07:16,250 | INFO | Input file: D:\airflow_etl\raw\orders\2026-04-10\orders.csv | Size: 8622 bytes
2026-10-07 12:07:16,250 | INFO | Input file: D:\airflow_etl\raw\orders\2026-04-11\orders.csv | Size: 8566 bytes
2026-10-07 12:07:16,251 | INFO | Input file: D:\airflow_etl\raw\orders\2026-04-12\orders.csv | Size: 7419 bytes
2026-10-07 12:07:16,251 | INFO | Input file: D:\airflow_etl\raw\orders\2026-04-13\orders.csv | Size: 8033 bytes
2026-10-07 12:07:16,251 | INFO | Input file: D:\airflow_etl\raw\orders\2026-04-14\orders.csv | Size: 7509 bytes
2026-10-07 12:07:16,251 | INFO | Input file: D:\airflow_etl\raw\orders\2026-04-15\orders.csv | Size: 7250 bytes
2026-10-07 12:07:16,251 | INFO | Input file: D:\airflow_etl\raw\orders\2026-04-16\orders.csv | Size: 5881 bytes
2026-10-07 12:07:16,252 | INFO | Input file: D:\airflow_etl\raw\orders\2026-04-17\orders.csv | Size: 5838 bytes
2026-10-07 12:07:16,252 | INFO | Input file: D:\airflow_etl\raw\orders\2026-04-18\orders.csv | Size: 8617 bytes
2026-10-07 12:07:16,252 | INFO | Input file: D:\airflow_etl\raw\orders\2026-04-19\orders.csv | Size: 6708 bytes
2026-10-07 12:07:16,252 | INFO | Input file: D:\airflow_etl\raw\orders\2026-04-20\orders.csv | Size: 7290 bytes
2026-10-07 12:07:16,252 | INFO | Input file: D:\airflow_etl\raw\orders\2026-04-21\orders.csv | Size: 6435 bytes
2026-10-07 12:07:16,253 | INFO | Input file: D:\airflow_etl\raw\orders\2026-04-22\orders.csv | Size: 7487 bytes
2026-10-07 12:07:16,253 | INFO | Input file: D:\airflow_etl\raw\orders\2026-04-23\orders.csv | Size: 6436 bytes
2026-10-07 12:07:16,257 | INFO | Input file: D:\airflow_etl\raw\orders\2026-04-24\orders.csv | Size: 6267 bytes
2026-10-07 12:07:16,257 | INFO | Input file: D:\airflow_etl\raw\orders\2026-04-25\orders.csv | Size: 6983 bytes
2026-10-07 12:07:16,257 | INFO | Input file: D:\airflow_etl\raw\orders\2026-04-26\orders.csv | Size: 5997 bytes
2026-10-07 12:07:16,258 | INFO | Input file: D:\airflow_etl\raw\orders\2026-04-27\orders.csv | Size: 8547 bytes
2026-10-07 12:07:16,258 | INFO | Input file: D:\airflow_etl\raw\orders\2026-04-28\orders.csv | Size: 5730 bytes
2026-10-07 12:07:16,258 | INFO | Input file: D:\airflow_etl\raw\orders\2026-04-29\orders.csv | Size: 7099 bytes
2026-10-07 12:07:16,258 | INFO | Input file: D:\airflow_etl\raw\orders\2026-04-30\orders.csv | Size: 7820 bytes
2026-10-07 12:07:16,259 | INFO | Input file: D:\airflow_etl\raw\orders\2026-05-01\orders.csv | Size: 6830 bytes
2026-10-07 12:07:16,259 | INFO | Input file: D:\airflow_etl\raw\orders\2026-05-02\orders.csv | Size: 8317 bytes
2026-10-07 12:07:16,259 | INFO | Input file: D:\airflow_etl\raw\orders\2026-05-03\orders.csv | Size: 8032 bytes
2026-10-07 12:07:16,259 | INFO | Input file: D:\airflow_etl\raw\orders\2026-05-04\orders.csv | Size: 5968 bytes
2026-10-07 12:07:16,259 | INFO | Input file: D:\airflow_etl\raw\orders\2026-05-05\orders.csv | Size: 8231 bytes
2026-10-07 12:07:16,259 | INFO | Input file: D:\airflow_etl\raw\orders\2026-05-06\orders.csv | Size: 7409 bytes
2026-10-07 12:07:16,260 | INFO | Input file: D:\airflow_etl\raw\orders\2026-05-07\orders.csv | Size: 6962 bytes
2026-10-07 12:07:16,260 | INFO | Input file: D:\airflow_etl\raw\orders\2026-05-08\orders.csv | Size: 7356 bytes
2026-10-07 12:07:16,260 | INFO | Input file: D:\airflow_etl\raw\orders\2026-05-09\orders.csv | Size: 5229 bytes
2026-10-07 12:07:16,260 | INFO | Input file: D:\airflow_etl\raw\orders\2026-05-10\orders.csv | Size: 8783 bytes
2026-10-07 12:07:16,261 | INFO | Input file: D:\airflow_etl\raw\orders\2026-05-11\orders.csv | Size: 7960 bytes
2026-10-07 12:07:16,261 | INFO | Input file: D:\airflow_etl\raw\orders\2026-05-12\orders.csv | Size: 4947 bytes
2026-10-07 12:07:16,261 | INFO | Input file: D:\airflow_etl\raw\orders\2026-05-13\orders.csv | Size: 6332 bytes
2026-10-07 12:07:16,261 | INFO | Input file: D:\airflow_etl\raw\orders\2026-05-14\orders.csv | Size: 6425 bytes
2026-10-07 12:07:16,261 | INFO | Input file: D:\airflow_etl\raw\orders\2026-05-15\orders.csv | Size: 9306 bytes
2026-10-07 12:07:16,261 | INFO | Input file: D:\airflow_etl\raw\orders\2026-05-16\orders.csv | Size: 7313 bytes
2026-10-07 12:07:16,262 | INFO | Input file: D:\airflow_etl\raw\orders\2026-05-17\orders.csv | Size: 7658 bytes
2026-10-07 12:07:16,262 | INFO | Input file: D:\airflow_etl\raw\orders\2026-05-18\orders.csv | Size: 6687 bytes
2026-10-07 12:07:16,262 | INFO | Input file: D:\airflow_etl\raw\orders\2026-05-19\orders.csv | Size: 4942 bytes
2026-10-07 12:07:16,262 | INFO | Input file: D:\airflow_etl\raw\orders\2026-05-20\orders.csv | Size: 7085 bytes
2026-10-07 12:07:16,263 | INFO | Input file: D:\airflow_etl\raw\orders\2026-05-21\orders.csv | Size: 8012 bytes
2026-10-07 12:07:16,263 | INFO | Input file: D:\airflow_etl\raw\orders\2026-05-22\orders.csv | Size: 6313 bytes
2026-10-07 12:07:16,263 | INFO | Input file: D:\airflow_etl\raw\orders\2026-05-23\orders.csv | Size: 7351 bytes
2026-10-07 12:07:16,263 | INFO | Input file: D:\airflow_etl\raw\orders\2026-05-24\orders.csv | Size: 7356 bytes
2026-10-07 12:07:16,263 | INFO | Input file: D:\airflow_etl\raw\orders\2026-05-25\orders.csv | Size: 5722 bytes
2026-10-07 12:07:16,264 | INFO | Input file: D:\airflow_etl\raw\orders\2026-05-26\orders.csv | Size: 7132 bytes
2026-10-07 12:07:16,264 | INFO | Input file: D:\airflow_etl\raw\orders\2026-05-27\orders.csv | Size: 6519 bytes
2026-10-07 12:07:16,264 | INFO | Input file: D:\airflow_etl\raw\orders\2026-05-28\orders.csv | Size: 6911 bytes
2026-10-07 12:07:16,264 | INFO | Input file: D:\airflow_etl\raw\orders\2026-05-29\orders.csv | Size: 6177 bytes
2026-10-07 12:07:16,264 | INFO | Input file: D:\airflow_etl\raw\orders\2026-05-30\orders.csv | Size: 6976 bytes
2026-10-07 12:07:16,265 | INFO | Input file: D:\airflow_etl\raw\orders\2026-05-31\orders.csv | Size: 7066 bytes
2026-10-07 12:07:16,265 | INFO | Input file: D:\airflow_etl\raw\orders\2026-06-01\orders.csv | Size: 7287 bytes
2026-10-07 12:07:16,265 | INFO | Input file: D:\airflow_etl\raw\orders\2026-06-02\orders.csv | Size: 6055 bytes
2026-10-07 12:07:16,265 | INFO | Input file: D:\airflow_etl\raw\orders\2026-06-03\orders.csv | Size: 5845 bytes
2026-10-07 12:07:16,265 | INFO | Input file: D:\airflow_etl\raw\orders\2026-06-04\orders.csv | Size: 6998 bytes
2026-10-07 12:07:16,266 | INFO | Input file: D:\airflow_etl\raw\orders\2026-06-05\orders.csv | Size: 8509 bytes
2026-10-07 12:07:16,266 | INFO | Input file: D:\airflow_etl\raw\orders\2026-06-06\orders.csv | Size: 7267 bytes
2026-10-07 12:07:16,266 | INFO | Input file: D:\airflow_etl\raw\orders\2026-06-07\orders.csv | Size: 8284 bytes
2026-10-07 12:07:16,266 | INFO | Input file: D:\airflow_etl\raw\orders\2026-06-08\orders.csv | Size: 6449 bytes
2026-10-07 12:07:16,266 | INFO | Input file: D:\airflow_etl\raw\orders\2026-06-09\orders.csv | Size: 7045 bytes
2026-10-07 12:07:16,266 | INFO | Input file: D:\airflow_etl\raw\orders\2026-06-10\orders.csv | Size: 6000 bytes
2026-10-07 12:07:16,267 | INFO | Input file: D:\airflow_etl\raw\orders\2026-06-11\orders.csv | Size: 7093 bytes
2026-10-07 12:07:16,267 | INFO | Input file: D:\airflow_etl\raw\orders\2026-06-12\orders.csv | Size: 7155 bytes
2026-10-07 12:07:16,267 | INFO | Input file: D:\airflow_etl\raw\orders\2026-06-13\orders.csv | Size: 8398 bytes
2026-10-07 12:07:16,268 | INFO | Input file: D:\airflow_etl\raw\orders\2026-06-14\orders.csv | Size: 7408 bytes
2026-10-07 12:07:16,268 | INFO | Input file: D:\airflow_etl\raw\orders\2026-06-15\orders.csv | Size: 6495 bytes
2026-10-07 12:07:16,268 | INFO | Input file: D:\airflow_etl\raw\orders\2026-06-16\orders.csv | Size: 7377 bytes
2026-10-07 12:07:16,268 | INFO | Input file: D:\airflow_etl\raw\orders\2026-06-17\orders.csv | Size: 7281 bytes
2026-10-07 12:07:16,269 | INFO | Input file: D:\airflow_etl\raw\orders\2026-06-18\orders.csv | Size: 6654 bytes
2026-10-07 12:07:16,269 | INFO | Input file: D:\airflow_etl\raw\orders\2026-06-19\orders.csv | Size: 6955 bytes
2026-10-07 12:07:16,269 | INFO | Input file: D:\airflow_etl\raw\orders\2026-06-20\orders.csv | Size: 7327 bytes
2026-10-07 12:07:16,270 | INFO | Input file: D:\airflow_etl\raw\orders\2026-06-21\orders.csv | Size: 7306 bytes
2026-10-07 12:07:16,271 | INFO | Input file: D:\airflow_etl\raw\orders\2026-06-22\orders.csv | Size: 7334 bytes
2026-10-07 12:07:16,273 | INFO | Input file: D:\airflow_etl\raw\orders\2026-06-23\orders.csv | Size: 6467 bytes
2026-10-07 12:07:16,273 | INFO | Input file: D:\airflow_etl\raw\orders\2026-06-24\orders.csv | Size: 5118 bytes
2026-10-07 12:07:16,273 | INFO | Input file: D:\airflow_etl\raw\orders\2026-06-25\orders.csv | Size: 5924 bytes
2026-10-07 12:07:16,273 | INFO | Input file: D:\airflow_etl\raw\orders\2026-06-26\orders.csv | Size: 7690 bytes
2026-10-07 12:07:16,274 | INFO | Input file: D:\airflow_etl\raw\orders\2026-06-27\orders.csv | Size: 8190 bytes
2026-10-07 12:07:16,274 | INFO | Input file: D:\airflow_etl\raw\orders\2026-06-28\orders.csv | Size: 7189 bytes
2026-10-07 12:07:16,274 | INFO | Input file: D:\airflow_etl\raw\orders\2026-06-29\orders.csv | Size: 6241 bytes
2026-10-07 12:07:16,275 | INFO | Input file: D:\airflow_etl\raw\orders\2026-06-30\orders.csv | Size: 5873 bytes
2026-10-07 12:07:16,275 | INFO | Input file: D:\airflow_etl\raw\orders\2026-07-01\orders.csv | Size: 6755 bytes
2026-10-07 12:07:16,275 | INFO | Input file: D:\airflow_etl\raw\orders\2026-07-02\orders.csv | Size: 7909 bytes
2026-10-07 12:07:16,275 | INFO | Input file: D:\airflow_etl\raw\orders\2026-07-03\orders.csv | Size: 7451 bytes
2026-10-07 12:07:16,276 | INFO | Input file: D:\airflow_etl\raw\orders\2026-07-04\orders.csv | Size: 6152 bytes
2026-10-07 12:07:16,276 | INFO | Input file: D:\airflow_etl\raw\orders\2026-07-05\orders.csv | Size: 6905 bytes
2026-10-07 12:07:16,276 | INFO | Input file: D:\airflow_etl\raw\orders\2026-07-06\orders.csv | Size: 7993 bytes
2026-10-07 12:07:16,276 | INFO | Input file: D:\airflow_etl\raw\orders\2026-07-07\orders.csv | Size: 7827 bytes
2026-10-07 12:07:16,276 | INFO | Input file: D:\airflow_etl\raw\orders\2026-07-08\orders.csv | Size: 7136 bytes
2026-10-07 12:07:16,276 | INFO | Input file: D:\airflow_etl\raw\orders\2026-07-09\orders.csv | Size: 6212 bytes
2026-10-07 12:07:16,277 | INFO | Input file: D:\airflow_etl\raw\orders\2026-07-10\orders.csv | Size: 6857 bytes
2026-10-07 12:07:16,277 | INFO | Input file: D:\airflow_etl\raw\orders\2026-07-11\orders.csv | Size: 6307 bytes
2026-10-07 12:07:16,277 | INFO | Input file: D:\airflow_etl\raw\orders\2026-07-12\orders.csv | Size: 8608 bytes
2026-10-07 12:07:16,277 | INFO | Input file: D:\airflow_etl\raw\orders\2026-07-13\orders.csv | Size: 6337 bytes
2026-10-07 12:07:16,277 | INFO | Input file: D:\airflow_etl\raw\orders\2026-07-14\orders.csv | Size: 7143 bytes
2026-10-07 12:07:16,278 | INFO | Input file: D:\airflow_etl\raw\orders\2026-07-15\orders.csv | Size: 7207 bytes
2026-10-07 12:07:16,278 | INFO | Input file: D:\airflow_etl\raw\orders\2026-07-16\orders.csv | Size: 5998 bytes
2026-10-07 12:07:16,278 | INFO | Input file: D:\airflow_etl\raw\orders\2026-07-17\orders.csv | Size: 6703 bytes
2026-10-07 12:07:16,278 | INFO | Input file: D:\airflow_etl\raw\orders\2026-07-18\orders.csv | Size: 6966 bytes
2026-10-07 12:07:16,279 | INFO | Input file: D:\airflow_etl\raw\orders\2026-07-19\orders.csv | Size: 7955 bytes
2026-10-07 12:07:16,279 | INFO | Input file: D:\airflow_etl\raw\orders\2026-07-20\orders.csv | Size: 7138 bytes
2026-10-07 12:07:16,279 | INFO | Input file: D:\airflow_etl\raw\orders\2026-07-21\orders.csv | Size: 5810 bytes
2026-10-07 12:07:16,279 | INFO | Input file: D:\airflow_etl\raw\orders\2026-07-22\orders.csv | Size: 6712 bytes
2026-10-07 12:07:16,280 | INFO | Input file: D:\airflow_etl\raw\orders\2026-07-23\orders.csv | Size: 6530 bytes
2026-10-07 12:07:16,280 | INFO | Input file: D:\airflow_etl\raw\orders\2026-07-24\orders.csv | Size: 7062 bytes
2026-10-07 12:07:16,280 | INFO | Input file: D:\airflow_etl\raw\orders\2026-07-25\orders.csv | Size: 7511 bytes
2026-10-07 12:07:16,280 | INFO | Input file: D:\airflow_etl\raw\orders\2026-07-26\orders.csv | Size: 6982 bytes
2026-10-07 12:07:16,281 | INFO | Input file: D:\airflow_etl\raw\orders\2026-07-27\orders.csv | Size: 6805 bytes
2026-10-07 12:07:16,281 | INFO | Input file: D:\airflow_etl\raw\orders\2026-07-28\orders.csv | Size: 6548 bytes
2026-10-07 12:07:16,281 | INFO | Input file: D:\airflow_etl\raw\orders\2026-07-29\orders.csv | Size: 6286 bytes
2026-10-07 12:07:16,282 | INFO | Input file: D:\airflow_etl\raw\orders\2026-07-30\orders.csv | Size: 7961 bytes
2026-10-07 12:07:16,282 | INFO | Input file: D:\airflow_etl\raw\orders\2026-07-31\orders.csv | Size: 6961 bytes
2026-10-07 12:07:16,282 | INFO | Input file: D:\airflow_etl\raw\orders\2026-08-01\orders.csv | Size: 7038 bytes
2026-10-07 12:07:16,282 | INFO | Input file: D:\airflow_etl\raw\orders\2026-08-02\orders.csv | Size: 6616 bytes
2026-10-07 12:07:16,282 | INFO | Input file: D:\airflow_etl\raw\orders\2026-08-03\orders.csv | Size: 7100 bytes
2026-10-07 12:07:16,283 | INFO | Input file: D:\airflow_etl\raw\orders\2026-08-04\orders.csv | Size: 7731 bytes
2026-10-07 12:07:16,283 | INFO | Input file: D:\airflow_etl\raw\orders\2026-08-05\orders.csv | Size: 7671 bytes
2026-10-07 12:07:16,283 | INFO | Input file: D:\airflow_etl\raw\orders\2026-08-06\orders.csv | Size: 6806 bytes
2026-10-07 12:07:16,283 | INFO | Input file: D:\airflow_etl\raw\orders\2026-08-07\orders.csv | Size: 7533 bytes
2026-10-07 12:07:16,283 | INFO | Input file: D:\airflow_etl\raw\orders\2026-08-08\orders.csv | Size: 8923 bytes
2026-10-07 12:07:16,284 | INFO | Input file: D:\airflow_etl\raw\orders\2026-08-09\orders.csv | Size: 6499 bytes
2026-10-07 12:07:16,284 | INFO | Input file: D:\airflow_etl\raw\orders\2026-08-10\orders.csv | Size: 7294 bytes
2026-10-07 12:07:16,284 | INFO | Input file: D:\airflow_etl\raw\orders\2026-08-11\orders.csv | Size: 7649 bytes
2026-10-07 12:07:16,284 | INFO | Input file: D:\airflow_etl\raw\orders\2026-08-12\orders.csv | Size: 6565 bytes
2026-10-07 12:07:16,285 | INFO | Input file: D:\airflow_etl\raw\orders\2026-08-13\orders.csv | Size: 8202 bytes
2026-10-07 12:07:16,285 | INFO | Input file: D:\airflow_etl\raw\orders\2026-08-14\orders.csv | Size: 7933 bytes
2026-10-07 12:07:16,285 | INFO | Input file: D:\airflow_etl\raw\orders\2026-08-15\orders.csv | Size: 8167 bytes
2026-10-07 12:07:16,285 | INFO | Input file: D:\airflow_etl\raw\orders\2026-08-16\orders.csv | Size: 6210 bytes
2026-10-07 12:07:16,285 | INFO | Input file: D:\airflow_etl\raw\orders\2026-08-17\orders.csv | Size: 7458 bytes
2026-10-07 12:07:16,286 | INFO | Input file: D:\airflow_etl\raw\orders\2026-08-18\orders.csv | Size: 7595 bytes
2026-10-07 12:07:16,286 | INFO | Input file: D:\airflow_etl\raw\orders\2026-08-19\orders.csv | Size: 6917 bytes
2026-10-07 12:07:16,286 | INFO | Input file: D:\airflow_etl\raw\orders\2026-08-20\orders.csv | Size: 7844 bytes
2026-10-07 12:07:16,287 | INFO | Input file: D:\airflow_etl\raw\orders\2026-08-21\orders.csv | Size: 7309 bytes
2026-10-07 12:07:16,287 | INFO | Input file: D:\airflow_etl\raw\orders\2026-08-22\orders.csv | Size: 8560 bytes
2026-10-07 12:07:16,288 | INFO | Input file: D:\airflow_etl\raw\orders\2026-08-23\orders.csv | Size: 7333 bytes
2026-10-07 12:07:16,288 | INFO | Input file: D:\airflow_etl\raw\orders\2026-08-24\orders.csv | Size: 8105 bytes
2026-10-07 12:07:16,289 | INFO | Input file: D:\airflow_etl\raw\orders\2026-08-25\orders.csv | Size: 6680 bytes
2026-10-07 12:07:16,290 | INFO | Input file: D:\airflow_etl\raw\orders\2026-08-26\orders.csv | Size: 6719 bytes
2026-10-07 12:07:16,290 | INFO | Input file: D:\airflow_etl\raw\orders\2026-08-27\orders.csv | Size: 6650 bytes
2026-10-07 12:07:16,291 | INFO | Input file: D:\airflow_etl\raw\orders\2026-08-28\orders.csv | Size: 6991 bytes
2026-10-07 12:07:16,291 | INFO | Input file: D:\airflow_etl\raw\orders\2026-08-29\orders.csv | Size: 6693 bytes
2026-10-07 12:07:16,291 | INFO | Input file: D:\airflow_etl\raw\orders\2026-08-30\orders.csv | Size: 6523 bytes
2026-10-07 12:07:16,291 | INFO | Input file: D:\airflow_etl\raw\customers\2022-01-03\customers.csv | Size: 403 bytes
2026-10-07 12:07:16,291 | INFO | Input file: D:\airflow_etl\raw\customers\2022-01-04\customers.csv | Size: 154 bytes
2026-10-07 12:07:16,292 | INFO | Input file: D:\airflow_etl\raw\customers\2022-01-06\customers.csv | Size: 243 bytes
2026-10-07 12:07:16,292 | INFO | Input file: D:\airflow_etl\raw\customers\2022-01-07\customers.csv | Size: 157 bytes
2026-10-07 12:07:16,292 | INFO | Input file: D:\airflow_etl\raw\customers\2022-01-08\customers.csv | Size: 157 bytes
2026-10-07 12:07:16,292 | INFO | Input file: D:\airflow_etl\raw\customers\2022-01-09\customers.csv | Size: 243 bytes
2026-10-07 12:07:16,292 | INFO | Input file: D:\airflow_etl\raw\customers\2022-01-13\customers.csv | Size: 157 bytes
2026-10-07 12:07:16,293 | INFO | Input file: D:\airflow_etl\raw\customers\2022-01-14\customers.csv | Size: 157 bytes
2026-10-07 12:07:16,293 | INFO | Input file: D:\airflow_etl\raw\customers\2022-01-15\customers.csv | Size: 237 bytes
2026-10-07 12:07:16,293 | INFO | Input file: D:\airflow_etl\raw\customers\2022-01-16\customers.csv | Size: 156 bytes
2026-10-07 12:07:16,293 | INFO | Input file: D:\airflow_etl\raw\customers\2022-01-18\customers.csv | Size: 159 bytes
2026-10-07 12:07:16,293 | INFO | Input file: D:\airflow_etl\raw\customers\2022-01-19\customers.csv | Size: 155 bytes
2026-10-07 12:07:16,294 | INFO | Input file: D:\airflow_etl\raw\customers\2022-01-22\customers.csv | Size: 149 bytes
2026-10-07 12:07:16,294 | INFO | Input file: D:\airflow_etl\raw\customers\2022-01-24\customers.csv | Size: 152 bytes
2026-10-07 12:07:16,294 | INFO | Input file: D:\airflow_etl\raw\customers\2022-01-26\customers.csv | Size: 150 bytes
2026-10-07 12:07:16,294 | INFO | Input file: D:\airflow_etl\raw\customers\2022-01-29\customers.csv | Size: 152 bytes
2026-10-07 12:07:16,295 | INFO | Input file: D:\airflow_etl\raw\customers\2022-01-31\customers.csv | Size: 243 bytes
2026-10-07 12:07:16,295 | INFO | Input file: D:\airflow_etl\raw\customers\2022-02-02\customers.csv | Size: 150 bytes
2026-10-07 12:07:16,296 | INFO | Input file: D:\airflow_etl\raw\customers\2022-02-05\customers.csv | Size: 157 bytes
2026-10-07 12:07:16,296 | INFO | Input file: D:\airflow_etl\raw\customers\2022-02-07\customers.csv | Size: 152 bytes
2026-10-07 12:07:16,296 | INFO | Input file: D:\airflow_etl\raw\customers\2022-02-09\customers.csv | Size: 151 bytes
2026-10-07 12:07:16,297 | INFO | Input file: D:\airflow_etl\raw\customers\2022-02-10\customers.csv | Size: 144 bytes
2026-10-07 12:07:16,297 | INFO | Input file: D:\airflow_etl\raw\customers\2022-02-12\customers.csv | Size: 239 bytes
2026-10-07 12:07:16,297 | INFO | Input file: D:\airflow_etl\raw\customers\2022-02-19\customers.csv | Size: 151 bytes
2026-10-07 12:07:16,297 | INFO | Input file: D:\airflow_etl\raw\customers\2022-02-20\customers.csv | Size: 244 bytes
2026-10-07 12:07:16,298 | INFO | Input file: D:\airflow_etl\raw\customers\2022-02-21\customers.csv | Size: 245 bytes
2026-10-07 12:07:16,298 | INFO | Input file: D:\airflow_etl\raw\customers\2022-02-23\customers.csv | Size: 154 bytes
2026-10-07 12:07:16,298 | INFO | Input file: D:\airflow_etl\raw\customers\2022-03-01\customers.csv | Size: 151 bytes
2026-10-07 12:07:16,298 | INFO | Input file: D:\airflow_etl\raw\customers\2022-03-03\customers.csv | Size: 156 bytes
2026-10-07 12:07:16,299 | INFO | Input file: D:\airflow_etl\raw\customers\2022-03-04\customers.csv | Size: 244 bytes
2026-10-07 12:07:16,299 | INFO | Input file: D:\airflow_etl\raw\customers\2022-03-11\customers.csv | Size: 232 bytes
2026-10-07 12:07:16,299 | INFO | Input file: D:\airflow_etl\raw\customers\2022-03-12\customers.csv | Size: 227 bytes
2026-10-07 12:07:16,299 | INFO | Input file: D:\airflow_etl\raw\customers\2022-03-15\customers.csv | Size: 146 bytes
2026-10-07 12:07:16,299 | INFO | Input file: D:\airflow_etl\raw\customers\2022-03-18\customers.csv | Size: 241 bytes
2026-10-07 12:07:16,300 | INFO | Input file: D:\airflow_etl\raw\customers\2022-03-21\customers.csv | Size: 156 bytes
2026-10-07 12:07:16,300 | INFO | Input file: D:\airflow_etl\raw\customers\2022-03-22\customers.csv | Size: 233 bytes
2026-10-07 12:07:16,300 | INFO | Input file: D:\airflow_etl\raw\customers\2022-03-24\customers.csv | Size: 252 bytes
2026-10-07 12:07:16,300 | INFO | Input file: D:\airflow_etl\raw\customers\2022-03-25\customers.csv | Size: 156 bytes
2026-10-07 12:07:16,301 | INFO | Input file: D:\airflow_etl\raw\customers\2022-03-27\customers.csv | Size: 155 bytes
2026-10-07 12:07:16,301 | INFO | Input file: D:\airflow_etl\raw\customers\2022-03-28\customers.csv | Size: 231 bytes
2026-10-07 12:07:16,301 | INFO | Input file: D:\airflow_etl\raw\customers\2022-03-29\customers.csv | Size: 150 bytes
2026-10-07 12:07:16,301 | INFO | Input file: D:\airflow_etl\raw\customers\2022-03-30\customers.csv | Size: 151 bytes
2026-10-07 12:07:16,302 | INFO | Input file: D:\airflow_etl\raw\customers\2022-04-03\customers.csv | Size: 159 bytes
2026-10-07 12:07:16,302 | INFO | Input file: D:\airflow_etl\raw\customers\2022-04-04\customers.csv | Size: 158 bytes
2026-10-07 12:07:16,302 | INFO | Input file: D:\airflow_etl\raw\customers\2022-04-05\customers.csv | Size: 155 bytes
2026-10-07 12:07:16,302 | INFO | Input file: D:\airflow_etl\raw\customers\2022-04-06\customers.csv | Size: 152 bytes
2026-10-07 12:07:16,302 | INFO | Input file: D:\airflow_etl\raw\customers\2022-04-08\customers.csv | Size: 238 bytes
2026-10-07 12:07:16,302 | INFO | Input file: D:\airflow_etl\raw\customers\2022-04-09\customers.csv | Size: 157 bytes
2026-10-07 12:07:16,303 | INFO | Input file: D:\airflow_etl\raw\customers\2022-04-13\customers.csv | Size: 231 bytes
2026-10-07 12:07:16,303 | INFO | Input file: D:\airflow_etl\raw\customers\2022-04-14\customers.csv | Size: 227 bytes
2026-10-07 12:07:16,303 | INFO | Input file: D:\airflow_etl\raw\customers\2022-04-15\customers.csv | Size: 159 bytes
2026-10-07 12:07:16,304 | INFO | Input file: D:\airflow_etl\raw\customers\2022-04-16\customers.csv | Size: 161 bytes
2026-10-07 12:07:16,304 | INFO | Input file: D:\airflow_etl\raw\customers\2022-04-22\customers.csv | Size: 155 bytes
2026-10-07 12:07:16,305 | INFO | Input file: D:\airflow_etl\raw\customers\2022-04-24\customers.csv | Size: 148 bytes
2026-10-07 12:07:16,306 | INFO | Input file: D:\airflow_etl\raw\customers\2022-04-25\customers.csv | Size: 159 bytes
2026-10-07 12:07:16,306 | INFO | Input file: D:\airflow_etl\raw\customers\2022-04-26\customers.csv | Size: 150 bytes
2026-10-07 12:07:16,306 | INFO | Input file: D:\airflow_etl\raw\customers\2022-05-03\customers.csv | Size: 313 bytes
2026-10-07 12:07:16,306 | INFO | Input file: D:\airflow_etl\raw\customers\2022-05-07\customers.csv | Size: 316 bytes
2026-10-07 12:07:16,307 | INFO | Input file: D:\airflow_etl\raw\customers\2022-05-11\customers.csv | Size: 153 bytes
2026-10-07 12:07:16,307 | INFO | Input file: D:\airflow_etl\raw\customers\2022-05-13\customers.csv | Size: 151 bytes
2026-10-07 12:07:16,307 | INFO | Input file: D:\airflow_etl\raw\customers\2022-05-14\customers.csv | Size: 157 bytes
2026-10-07 12:07:16,307 | INFO | Input file: D:\airflow_etl\raw\customers\2022-05-16\customers.csv | Size: 157 bytes
2026-10-07 12:07:16,307 | INFO | Input file: D:\airflow_etl\raw\customers\2022-05-17\customers.csv | Size: 143 bytes
2026-10-07 12:07:16,307 | INFO | Input file: D:\airflow_etl\raw\customers\2022-05-20\customers.csv | Size: 152 bytes
2026-10-07 12:07:16,308 | INFO | Input file: D:\airflow_etl\raw\customers\2022-05-21\customers.csv | Size: 158 bytes
2026-10-07 12:07:16,308 | INFO | Input file: D:\airflow_etl\raw\customers\2022-05-24\customers.csv | Size: 159 bytes
2026-10-07 12:07:16,308 | INFO | Input file: D:\airflow_etl\raw\customers\2022-05-25\customers.csv | Size: 235 bytes
2026-10-07 12:07:16,308 | INFO | Input file: D:\airflow_etl\raw\customers\2022-06-01\customers.csv | Size: 234 bytes
2026-10-07 12:07:16,308 | INFO | Input file: D:\airflow_etl\raw\customers\2022-06-02\customers.csv | Size: 317 bytes
2026-10-07 12:07:16,309 | INFO | Input file: D:\airflow_etl\raw\customers\2022-06-05\customers.csv | Size: 149 bytes
2026-10-07 12:07:16,309 | INFO | Input file: D:\airflow_etl\raw\customers\2022-06-10\customers.csv | Size: 158 bytes
2026-10-07 12:07:16,309 | INFO | Input file: D:\airflow_etl\raw\customers\2022-06-15\customers.csv | Size: 157 bytes
2026-10-07 12:07:16,309 | INFO | Input file: D:\airflow_etl\raw\customers\2022-06-18\customers.csv | Size: 155 bytes
2026-10-07 12:07:16,309 | INFO | Input file: D:\airflow_etl\raw\customers\2022-06-20\customers.csv | Size: 233 bytes
2026-10-07 12:07:16,309 | INFO | Input file: D:\airflow_etl\raw\customers\2022-06-23\customers.csv | Size: 232 bytes
2026-10-07 12:07:16,309 | INFO | Input file: D:\airflow_etl\raw\customers\2022-06-25\customers.csv | Size: 234 bytes
2026-10-07 12:07:16,310 | INFO | Input file: D:\airflow_etl\raw\customers\2022-06-28\customers.csv | Size: 238 bytes
2026-10-07 12:07:16,310 | INFO | Input file: D:\airflow_etl\raw\customers\2022-06-29\customers.csv | Size: 159 bytes
2026-10-07 12:07:16,310 | INFO | Input file: D:\airflow_etl\raw\customers\2022-07-01\customers.csv | Size: 146 bytes
2026-10-07 12:07:16,311 | INFO | Input file: D:\airflow_etl\raw\customers\2022-07-02\customers.csv | Size: 150 bytes
2026-10-07 12:07:16,311 | INFO | Input file: D:\airflow_etl\raw\customers\2022-07-06\customers.csv | Size: 158 bytes
2026-10-07 12:07:16,311 | INFO | Input file: D:\airflow_etl\raw\customers\2022-07-08\customers.csv | Size: 235 bytes
2026-10-07 12:07:16,312 | INFO | Input file: D:\airflow_etl\raw\customers\2022-07-09\customers.csv | Size: 228 bytes
2026-10-07 12:07:16,312 | INFO | Input file: D:\airflow_etl\raw\customers\2022-07-10\customers.csv | Size: 237 bytes
2026-10-07 12:07:16,312 | INFO | Input file: D:\airflow_etl\raw\customers\2022-07-12\customers.csv | Size: 149 bytes
2026-10-07 12:07:16,313 | INFO | Input file: D:\airflow_etl\raw\customers\2022-07-14\customers.csv | Size: 150 bytes
2026-10-07 12:07:16,313 | INFO | Input file: D:\airflow_etl\raw\customers\2022-07-15\customers.csv | Size: 157 bytes
2026-10-07 12:07:16,313 | INFO | Input file: D:\airflow_etl\raw\customers\2022-07-17\customers.csv | Size: 149 bytes
2026-10-07 12:07:16,313 | INFO | Input file: D:\airflow_etl\raw\customers\2022-07-22\customers.csv | Size: 151 bytes
2026-10-07 12:07:16,314 | INFO | Input file: D:\airflow_etl\raw\customers\2022-07-23\customers.csv | Size: 233 bytes
2026-10-07 12:07:16,314 | INFO | Input file: D:\airflow_etl\raw\customers\2022-07-24\customers.csv | Size: 156 bytes
2026-10-07 12:07:16,314 | INFO | Input file: D:\airflow_etl\raw\customers\2022-07-25\customers.csv | Size: 155 bytes
2026-10-07 12:07:16,314 | INFO | Input file: D:\airflow_etl\raw\customers\2022-07-26\customers.csv | Size: 157 bytes
2026-10-07 12:07:16,314 | INFO | Input file: D:\airflow_etl\raw\customers\2022-07-30\customers.csv | Size: 157 bytes
2026-10-07 12:07:16,315 | INFO | Input file: D:\airflow_etl\raw\customers\2022-07-31\customers.csv | Size: 145 bytes
2026-10-07 12:07:16,315 | INFO | Input file: D:\airflow_etl\raw\customers\2022-08-03\customers.csv | Size: 240 bytes
2026-10-07 12:07:16,315 | INFO | Input file: D:\airflow_etl\raw\customers\2022-08-05\customers.csv | Size: 157 bytes
2026-10-07 12:07:16,315 | INFO | Input file: D:\airflow_etl\raw\customers\2022-08-06\customers.csv | Size: 152 bytes
2026-10-07 12:07:16,315 | INFO | Input file: D:\airflow_etl\raw\customers\2022-08-07\customers.csv | Size: 154 bytes
2026-10-07 12:07:16,316 | INFO | Input file: D:\airflow_etl\raw\customers\2022-08-12\customers.csv | Size: 158 bytes
2026-10-07 12:07:16,316 | INFO | Input file: D:\airflow_etl\raw\customers\2022-08-13\customers.csv | Size: 240 bytes
2026-10-07 12:07:16,316 | INFO | Input file: D:\airflow_etl\raw\customers\2022-08-17\customers.csv | Size: 252 bytes
2026-10-07 12:07:16,317 | INFO | Input file: D:\airflow_etl\raw\customers\2022-08-19\customers.csv | Size: 151 bytes
2026-10-07 12:07:16,317 | INFO | Input file: D:\airflow_etl\raw\customers\2022-08-22\customers.csv | Size: 161 bytes
2026-10-07 12:07:16,317 | INFO | Input file: D:\airflow_etl\raw\customers\2022-08-23\customers.csv | Size: 155 bytes
2026-10-07 12:07:16,317 | INFO | Input file: D:\airflow_etl\raw\customers\2022-08-24\customers.csv | Size: 157 bytes
2026-10-07 12:07:16,318 | INFO | Input file: D:\airflow_etl\raw\customers\2022-08-26\customers.csv | Size: 157 bytes
2026-10-07 12:07:16,318 | INFO | Input file: D:\airflow_etl\raw\customers\2022-08-30\customers.csv | Size: 151 bytes
2026-10-07 12:07:16,319 | INFO | Input file: D:\airflow_etl\raw\customers\2022-08-31\customers.csv | Size: 238 bytes
2026-10-07 12:07:16,319 | INFO | Input file: D:\airflow_etl\raw\customers\2022-09-02\customers.csv | Size: 166 bytes
2026-10-07 12:07:16,320 | INFO | Input file: D:\airflow_etl\raw\customers\2022-09-03\customers.csv | Size: 153 bytes
2026-10-07 12:07:16,322 | INFO | Input file: D:\airflow_etl\raw\customers\2022-09-07\customers.csv | Size: 154 bytes
2026-10-07 12:07:16,323 | INFO | Input file: D:\airflow_etl\raw\customers\2022-09-09\customers.csv | Size: 156 bytes
2026-10-07 12:07:16,323 | INFO | Input file: D:\airflow_etl\raw\customers\2022-09-10\customers.csv | Size: 152 bytes
2026-10-07 12:07:16,324 | INFO | Input file: D:\airflow_etl\raw\customers\2022-09-12\customers.csv | Size: 157 bytes
2026-10-07 12:07:16,324 | INFO | Input file: D:\airflow_etl\raw\customers\2022-09-13\customers.csv | Size: 156 bytes
2026-10-07 12:07:16,324 | INFO | Input file: D:\airflow_etl\raw\customers\2022-09-14\customers.csv | Size: 228 bytes
2026-10-07 12:07:16,325 | INFO | Input file: D:\airflow_etl\raw\customers\2022-09-15\customers.csv | Size: 157 bytes
2026-10-07 12:07:16,325 | INFO | Input file: D:\airflow_etl\raw\customers\2022-09-18\customers.csv | Size: 156 bytes
2026-10-07 12:07:16,325 | INFO | Input file: D:\airflow_etl\raw\customers\2022-09-19\customers.csv | Size: 237 bytes
2026-10-07 12:07:16,325 | INFO | Input file: D:\airflow_etl\raw\customers\2022-09-20\customers.csv | Size: 154 bytes
2026-10-07 12:07:16,325 | INFO | Input file: D:\airflow_etl\raw\customers\2022-09-22\customers.csv | Size: 157 bytes
2026-10-07 12:07:16,325 | INFO | Input file: D:\airflow_etl\raw\customers\2022-09-24\customers.csv | Size: 159 bytes
2026-10-07 12:07:16,326 | INFO | Input file: D:\airflow_etl\raw\customers\2022-09-25\customers.csv | Size: 154 bytes
2026-10-07 12:07:16,326 | INFO | Input file: D:\airflow_etl\raw\customers\2022-09-30\customers.csv | Size: 145 bytes
2026-10-07 12:07:16,326 | INFO | Input file: D:\airflow_etl\raw\customers\2022-10-01\customers.csv | Size: 167 bytes
2026-10-07 12:07:16,326 | INFO | Input file: D:\airflow_etl\raw\customers\2022-10-02\customers.csv | Size: 155 bytes
2026-10-07 12:07:16,326 | INFO | Input file: D:\airflow_etl\raw\customers\2022-10-04\customers.csv | Size: 150 bytes
2026-10-07 12:07:16,326 | INFO | Input file: D:\airflow_etl\raw\customers\2022-10-05\customers.csv | Size: 224 bytes
2026-10-07 12:07:16,327 | INFO | Input file: D:\airflow_etl\raw\customers\2022-10-06\customers.csv | Size: 226 bytes
2026-10-07 12:07:16,327 | INFO | Input file: D:\airflow_etl\raw\customers\2022-10-07\customers.csv | Size: 156 bytes
2026-10-07 12:07:16,327 | INFO | Input file: D:\airflow_etl\raw\customers\2022-10-09\customers.csv | Size: 313 bytes
2026-10-07 12:07:16,327 | INFO | Input file: D:\airflow_etl\raw\customers\2022-10-10\customers.csv | Size: 155 bytes
2026-10-07 12:07:16,327 | INFO | Input file: D:\airflow_etl\raw\customers\2022-10-17\customers.csv | Size: 151 bytes
2026-10-07 12:07:16,327 | INFO | Input file: D:\airflow_etl\raw\customers\2022-10-19\customers.csv | Size: 160 bytes
2026-10-07 12:07:16,327 | INFO | Input file: D:\airflow_etl\raw\customers\2022-10-22\customers.csv | Size: 226 bytes
2026-10-07 12:07:16,328 | INFO | Input file: D:\airflow_etl\raw\customers\2022-10-30\customers.csv | Size: 315 bytes
2026-10-07 12:07:16,328 | INFO | Input file: D:\airflow_etl\raw\customers\2022-10-31\customers.csv | Size: 156 bytes
2026-10-07 12:07:16,328 | INFO | Input file: D:\airflow_etl\raw\customers\2022-11-02\customers.csv | Size: 157 bytes
2026-10-07 12:07:16,328 | INFO | Input file: D:\airflow_etl\raw\customers\2022-11-05\customers.csv | Size: 150 bytes
2026-10-07 12:07:16,328 | INFO | Input file: D:\airflow_etl\raw\customers\2022-11-07\customers.csv | Size: 236 bytes
2026-10-07 12:07:16,328 | INFO | Input file: D:\airflow_etl\raw\customers\2022-11-12\customers.csv | Size: 314 bytes
2026-10-07 12:07:16,329 | INFO | Input file: D:\airflow_etl\raw\customers\2022-11-13\customers.csv | Size: 158 bytes
2026-10-07 12:07:16,329 | INFO | Input file: D:\airflow_etl\raw\customers\2022-11-14\customers.csv | Size: 155 bytes
2026-10-07 12:07:16,329 | INFO | Input file: D:\airflow_etl\raw\customers\2022-11-15\customers.csv | Size: 152 bytes
2026-10-07 12:07:16,329 | INFO | Input file: D:\airflow_etl\raw\customers\2022-11-16\customers.csv | Size: 151 bytes
2026-10-07 12:07:16,329 | INFO | Input file: D:\airflow_etl\raw\customers\2022-11-17\customers.csv | Size: 160 bytes
2026-10-07 12:07:16,329 | INFO | Input file: D:\airflow_etl\raw\customers\2022-11-20\customers.csv | Size: 149 bytes
2026-10-07 12:07:16,329 | INFO | Input file: D:\airflow_etl\raw\customers\2022-11-22\customers.csv | Size: 160 bytes
2026-10-07 12:07:16,329 | INFO | Input file: D:\airflow_etl\raw\customers\2022-11-23\customers.csv | Size: 154 bytes
2026-10-07 12:07:16,330 | INFO | Input file: D:\airflow_etl\raw\customers\2022-11-24\customers.csv | Size: 158 bytes
2026-10-07 12:07:16,330 | INFO | Input file: D:\airflow_etl\raw\customers\2022-11-28\customers.csv | Size: 154 bytes
2026-10-07 12:07:16,330 | INFO | Input file: D:\airflow_etl\raw\customers\2022-12-02\customers.csv | Size: 156 bytes
2026-10-07 12:07:16,330 | INFO | Input file: D:\airflow_etl\raw\customers\2022-12-04\customers.csv | Size: 151 bytes
2026-10-07 12:07:16,330 | INFO | Input file: D:\airflow_etl\raw\customers\2022-12-06\customers.csv | Size: 154 bytes
2026-10-07 12:07:16,330 | INFO | Input file: D:\airflow_etl\raw\customers\2022-12-08\customers.csv | Size: 150 bytes
2026-10-07 12:07:16,330 | INFO | Input file: D:\airflow_etl\raw\customers\2022-12-10\customers.csv | Size: 149 bytes
2026-10-07 12:07:16,330 | INFO | Input file: D:\airflow_etl\raw\customers\2022-12-11\customers.csv | Size: 158 bytes
2026-10-07 12:07:16,331 | INFO | Input file: D:\airflow_etl\raw\customers\2022-12-15\customers.csv | Size: 160 bytes
2026-10-07 12:07:16,331 | INFO | Input file: D:\airflow_etl\raw\customers\2022-12-19\customers.csv | Size: 243 bytes
2026-10-07 12:07:16,331 | INFO | Input file: D:\airflow_etl\raw\customers\2022-12-20\customers.csv | Size: 154 bytes
2026-10-07 12:07:16,331 | INFO | Input file: D:\airflow_etl\raw\customers\2022-12-23\customers.csv | Size: 152 bytes
2026-10-07 12:07:16,331 | INFO | Input file: D:\airflow_etl\raw\customers\2022-12-25\customers.csv | Size: 230 bytes
2026-10-07 12:07:16,331 | INFO | Input file: D:\airflow_etl\raw\customers\2022-12-27\customers.csv | Size: 159 bytes
2026-10-07 12:07:16,331 | INFO | Input file: D:\airflow_etl\raw\customers\2022-12-28\customers.csv | Size: 152 bytes
2026-10-07 12:07:16,331 | INFO | Input file: D:\airflow_etl\raw\customers\2023-01-03\customers.csv | Size: 149 bytes
2026-10-07 12:07:16,332 | INFO | Input file: D:\airflow_etl\raw\customers\2023-01-04\customers.csv | Size: 144 bytes
2026-10-07 12:07:16,332 | INFO | Input file: D:\airflow_etl\raw\customers\2023-01-09\customers.csv | Size: 144 bytes
2026-10-07 12:07:16,332 | INFO | Input file: D:\airflow_etl\raw\customers\2023-01-13\customers.csv | Size: 160 bytes
2026-10-07 12:07:16,332 | INFO | Input file: D:\airflow_etl\raw\customers\2023-01-14\customers.csv | Size: 150 bytes
2026-10-07 12:07:16,332 | INFO | Input file: D:\airflow_etl\raw\customers\2023-01-24\customers.csv | Size: 149 bytes
2026-10-07 12:07:16,332 | INFO | Input file: D:\airflow_etl\raw\customers\2023-01-26\customers.csv | Size: 156 bytes
2026-10-07 12:07:16,332 | INFO | Input file: D:\airflow_etl\raw\customers\2023-01-28\customers.csv | Size: 233 bytes
2026-10-07 12:07:16,332 | INFO | Input file: D:\airflow_etl\raw\customers\2023-01-29\customers.csv | Size: 155 bytes
2026-10-07 12:07:16,332 | INFO | Input file: D:\airflow_etl\raw\customers\2023-02-01\customers.csv | Size: 227 bytes
2026-10-07 12:07:16,333 | INFO | Input file: D:\airflow_etl\raw\customers\2023-02-02\customers.csv | Size: 152 bytes
2026-10-07 12:07:16,333 | INFO | Input file: D:\airflow_etl\raw\customers\2023-02-03\customers.csv | Size: 150 bytes
2026-10-07 12:07:16,333 | INFO | Input file: D:\airflow_etl\raw\customers\2023-02-04\customers.csv | Size: 160 bytes
2026-10-07 12:07:16,333 | INFO | Input file: D:\airflow_etl\raw\customers\2023-02-05\customers.csv | Size: 156 bytes
2026-10-07 12:07:16,333 | INFO | Input file: D:\airflow_etl\raw\customers\2023-02-07\customers.csv | Size: 154 bytes
2026-10-07 12:07:16,333 | INFO | Input file: D:\airflow_etl\raw\customers\2023-02-09\customers.csv | Size: 158 bytes
2026-10-07 12:07:16,334 | INFO | Input file: D:\airflow_etl\raw\customers\2023-02-10\customers.csv | Size: 166 bytes
2026-10-07 12:07:16,334 | INFO | Input file: D:\airflow_etl\raw\customers\2023-02-12\customers.csv | Size: 151 bytes
2026-10-07 12:07:16,334 | INFO | Input file: D:\airflow_etl\raw\customers\2023-02-16\customers.csv | Size: 306 bytes
2026-10-07 12:07:16,334 | INFO | Input file: D:\airflow_etl\raw\customers\2023-02-17\customers.csv | Size: 161 bytes
2026-10-07 12:07:16,334 | INFO | Input file: D:\airflow_etl\raw\customers\2023-02-19\customers.csv | Size: 239 bytes
2026-10-07 12:07:16,334 | INFO | Input file: D:\airflow_etl\raw\customers\2023-02-20\customers.csv | Size: 235 bytes
2026-10-07 12:07:16,335 | INFO | Input file: D:\airflow_etl\raw\customers\2023-02-21\customers.csv | Size: 240 bytes
2026-10-07 12:07:16,335 | INFO | Input file: D:\airflow_etl\raw\customers\2023-02-22\customers.csv | Size: 157 bytes
2026-10-07 12:07:16,335 | INFO | Input file: D:\airflow_etl\raw\customers\2023-02-23\customers.csv | Size: 158 bytes
2026-10-07 12:07:16,335 | INFO | Input file: D:\airflow_etl\raw\customers\2023-02-24\customers.csv | Size: 161 bytes
2026-10-07 12:07:16,335 | INFO | Input file: D:\airflow_etl\raw\customers\2023-02-25\customers.csv | Size: 154 bytes
2026-10-07 12:07:16,335 | INFO | Input file: D:\airflow_etl\raw\customers\2023-02-28\customers.csv | Size: 229 bytes
2026-10-07 12:07:16,335 | INFO | Input file: D:\airflow_etl\raw\customers\2023-03-03\customers.csv | Size: 156 bytes
2026-10-07 12:07:16,335 | INFO | Input file: D:\airflow_etl\raw\customers\2023-03-06\customers.csv | Size: 145 bytes
2026-10-07 12:07:16,336 | INFO | Input file: D:\airflow_etl\raw\customers\2023-03-08\customers.csv | Size: 310 bytes
2026-10-07 12:07:16,336 | INFO | Input file: D:\airflow_etl\raw\customers\2023-03-10\customers.csv | Size: 233 bytes
2026-10-07 12:07:16,336 | INFO | Input file: D:\airflow_etl\raw\customers\2023-03-12\customers.csv | Size: 159 bytes
2026-10-07 12:07:16,336 | INFO | Input file: D:\airflow_etl\raw\customers\2023-03-18\customers.csv | Size: 235 bytes
2026-10-07 12:07:16,336 | INFO | Input file: D:\airflow_etl\raw\customers\2023-03-20\customers.csv | Size: 157 bytes
2026-10-07 12:07:16,337 | INFO | Input file: D:\airflow_etl\raw\customers\2023-03-24\customers.csv | Size: 146 bytes
2026-10-07 12:07:16,337 | INFO | Input file: D:\airflow_etl\raw\customers\2023-03-26\customers.csv | Size: 159 bytes
2026-10-07 12:07:16,337 | INFO | Input file: D:\airflow_etl\raw\customers\2023-03-27\customers.csv | Size: 155 bytes
2026-10-07 12:07:16,337 | INFO | Input file: D:\airflow_etl\raw\customers\2023-03-28\customers.csv | Size: 230 bytes
2026-10-07 12:07:16,337 | INFO | Input file: D:\airflow_etl\raw\customers\2023-03-30\customers.csv | Size: 150 bytes
2026-10-07 12:07:16,338 | INFO | Input file: D:\airflow_etl\raw\customers\2023-03-31\customers.csv | Size: 154 bytes
2026-10-07 12:07:16,338 | INFO | Input file: D:\airflow_etl\raw\customers\2023-04-01\customers.csv | Size: 157 bytes
2026-10-07 12:07:16,339 | INFO | Input file: D:\airflow_etl\raw\customers\2023-04-03\customers.csv | Size: 239 bytes
2026-10-07 12:07:16,339 | INFO | Input file: D:\airflow_etl\raw\customers\2023-04-11\customers.csv | Size: 156 bytes
2026-10-07 12:07:16,339 | INFO | Input file: D:\airflow_etl\raw\customers\2023-04-14\customers.csv | Size: 231 bytes
2026-10-07 12:07:16,339 | INFO | Input file: D:\airflow_etl\raw\customers\2023-04-19\customers.csv | Size: 239 bytes
2026-10-07 12:07:16,339 | INFO | Input file: D:\airflow_etl\raw\customers\2023-04-23\customers.csv | Size: 319 bytes
2026-10-07 12:07:16,340 | INFO | Input file: D:\airflow_etl\raw\customers\2023-04-24\customers.csv | Size: 149 bytes
2026-10-07 12:07:16,340 | INFO | Input file: D:\airflow_etl\raw\customers\2023-04-26\customers.csv | Size: 166 bytes
2026-10-07 12:07:16,340 | INFO | Input file: D:\airflow_etl\raw\customers\2023-04-28\customers.csv | Size: 152 bytes
2026-10-07 12:07:16,340 | INFO | Input file: D:\airflow_etl\raw\customers\2023-04-30\customers.csv | Size: 220 bytes
2026-10-07 12:07:16,340 | INFO | Input file: D:\airflow_etl\raw\customers\2023-05-05\customers.csv | Size: 151 bytes
2026-10-07 12:07:16,341 | INFO | Input file: D:\airflow_etl\raw\customers\2023-05-06\customers.csv | Size: 155 bytes
2026-10-07 12:07:16,341 | INFO | Input file: D:\airflow_etl\raw\customers\2023-05-09\customers.csv | Size: 156 bytes
2026-10-07 12:07:16,341 | INFO | Input file: D:\airflow_etl\raw\customers\2023-05-11\customers.csv | Size: 144 bytes
2026-10-07 12:07:16,341 | INFO | Input file: D:\airflow_etl\raw\customers\2023-05-13\customers.csv | Size: 155 bytes
2026-10-07 12:07:16,341 | INFO | Input file: D:\airflow_etl\raw\customers\2023-05-16\customers.csv | Size: 166 bytes
2026-10-07 12:07:16,342 | INFO | Input file: D:\airflow_etl\raw\customers\2023-05-17\customers.csv | Size: 149 bytes
2026-10-07 12:07:16,342 | INFO | Input file: D:\airflow_etl\raw\customers\2023-05-18\customers.csv | Size: 158 bytes
2026-10-07 12:07:16,342 | INFO | Input file: D:\airflow_etl\raw\customers\2023-05-20\customers.csv | Size: 391 bytes
2026-10-07 12:07:16,342 | INFO | Input file: D:\airflow_etl\raw\customers\2023-05-23\customers.csv | Size: 152 bytes
2026-10-07 12:07:16,342 | INFO | Input file: D:\airflow_etl\raw\customers\2023-05-25\customers.csv | Size: 157 bytes
2026-10-07 12:07:16,342 | INFO | Input file: D:\airflow_etl\raw\customers\2023-05-26\customers.csv | Size: 157 bytes
2026-10-07 12:07:16,343 | INFO | Input file: D:\airflow_etl\raw\customers\2023-05-29\customers.csv | Size: 327 bytes
2026-10-07 12:07:16,343 | INFO | Input file: D:\airflow_etl\raw\customers\2023-05-30\customers.csv | Size: 158 bytes
2026-10-07 12:07:16,343 | INFO | Input file: D:\airflow_etl\raw\customers\2023-06-03\customers.csv | Size: 149 bytes
2026-10-07 12:07:16,343 | INFO | Input file: D:\airflow_etl\raw\customers\2023-06-04\customers.csv | Size: 157 bytes
2026-10-07 12:07:16,343 | INFO | Input file: D:\airflow_etl\raw\customers\2023-06-06\customers.csv | Size: 225 bytes
2026-10-07 12:07:16,343 | INFO | Input file: D:\airflow_etl\raw\customers\2023-06-08\customers.csv | Size: 156 bytes
2026-10-07 12:07:16,344 | INFO | Input file: D:\airflow_etl\raw\customers\2023-06-09\customers.csv | Size: 166 bytes
2026-10-07 12:07:16,344 | INFO | Input file: D:\airflow_etl\raw\customers\2023-06-14\customers.csv | Size: 159 bytes
2026-10-07 12:07:16,344 | INFO | Input file: D:\airflow_etl\raw\customers\2023-06-17\customers.csv | Size: 230 bytes
2026-10-07 12:07:16,344 | INFO | Input file: D:\airflow_etl\raw\customers\2023-06-19\customers.csv | Size: 159 bytes
2026-10-07 12:07:16,344 | INFO | Input file: D:\airflow_etl\raw\customers\2023-06-20\customers.csv | Size: 149 bytes
2026-10-07 12:07:16,344 | INFO | Input file: D:\airflow_etl\raw\customers\2023-06-23\customers.csv | Size: 159 bytes
2026-10-07 12:07:16,344 | INFO | Input file: D:\airflow_etl\raw\customers\2023-06-25\customers.csv | Size: 241 bytes
2026-10-07 12:07:16,345 | INFO | Input file: D:\airflow_etl\raw\customers\2023-06-27\customers.csv | Size: 149 bytes
2026-10-07 12:07:16,345 | INFO | Input file: D:\airflow_etl\raw\customers\2023-06-28\customers.csv | Size: 319 bytes
2026-10-07 12:07:16,345 | INFO | Input file: D:\airflow_etl\raw\customers\2023-06-29\customers.csv | Size: 159 bytes
2026-10-07 12:07:16,345 | INFO | Input file: D:\airflow_etl\raw\customers\2023-07-02\customers.csv | Size: 166 bytes
2026-10-07 12:07:16,345 | INFO | Input file: D:\airflow_etl\raw\customers\2023-07-04\customers.csv | Size: 248 bytes
2026-10-07 12:07:16,345 | INFO | Input file: D:\airflow_etl\raw\customers\2023-07-08\customers.csv | Size: 150 bytes
2026-10-07 12:07:16,346 | INFO | Input file: D:\airflow_etl\raw\customers\2023-07-09\customers.csv | Size: 156 bytes
2026-10-07 12:07:16,346 | INFO | Input file: D:\airflow_etl\raw\customers\2023-07-14\customers.csv | Size: 230 bytes
2026-10-07 12:07:16,346 | INFO | Input file: D:\airflow_etl\raw\customers\2023-07-18\customers.csv | Size: 255 bytes
2026-10-07 12:07:16,346 | INFO | Input file: D:\airflow_etl\raw\customers\2023-07-20\customers.csv | Size: 160 bytes
2026-10-07 12:07:16,346 | INFO | Input file: D:\airflow_etl\raw\customers\2023-07-22\customers.csv | Size: 319 bytes
2026-10-07 12:07:16,346 | INFO | Input file: D:\airflow_etl\raw\customers\2023-07-23\customers.csv | Size: 151 bytes
2026-10-07 12:07:16,347 | INFO | Input file: D:\airflow_etl\raw\customers\2023-07-24\customers.csv | Size: 151 bytes
2026-10-07 12:07:16,347 | INFO | Input file: D:\airflow_etl\raw\customers\2023-07-30\customers.csv | Size: 150 bytes
2026-10-07 12:07:16,347 | INFO | Input file: D:\airflow_etl\raw\customers\2023-07-31\customers.csv | Size: 151 bytes
2026-10-07 12:07:16,348 | INFO | Input file: D:\airflow_etl\raw\customers\2023-08-01\customers.csv | Size: 236 bytes
2026-10-07 12:07:16,348 | INFO | Input file: D:\airflow_etl\raw\customers\2023-08-02\customers.csv | Size: 149 bytes
2026-10-07 12:07:16,350 | INFO | Input file: D:\airflow_etl\raw\customers\2023-08-04\customers.csv | Size: 151 bytes
2026-10-07 12:07:16,350 | INFO | Input file: D:\airflow_etl\raw\customers\2023-08-05\customers.csv | Size: 144 bytes
2026-10-07 12:07:16,351 | INFO | Input file: D:\airflow_etl\raw\customers\2023-08-06\customers.csv | Size: 157 bytes
2026-10-07 12:07:16,351 | INFO | Input file: D:\airflow_etl\raw\customers\2023-08-07\customers.csv | Size: 242 bytes
2026-10-07 12:07:16,352 | INFO | Input file: D:\airflow_etl\raw\customers\2023-08-08\customers.csv | Size: 231 bytes
2026-10-07 12:07:16,352 | INFO | Input file: D:\airflow_etl\raw\customers\2023-08-09\customers.csv | Size: 251 bytes
2026-10-07 12:07:16,352 | INFO | Input file: D:\airflow_etl\raw\customers\2023-08-14\customers.csv | Size: 415 bytes
2026-10-07 12:07:16,352 | INFO | Input file: D:\airflow_etl\raw\customers\2023-08-16\customers.csv | Size: 243 bytes
2026-10-07 12:07:16,352 | INFO | Input file: D:\airflow_etl\raw\customers\2023-08-21\customers.csv | Size: 152 bytes
2026-10-07 12:07:16,352 | INFO | Input file: D:\airflow_etl\raw\customers\2023-08-28\customers.csv | Size: 150 bytes
2026-10-07 12:07:16,352 | INFO | Input file: D:\airflow_etl\raw\customers\2023-09-03\customers.csv | Size: 156 bytes
2026-10-07 12:07:16,354 | INFO | Input file: D:\airflow_etl\raw\customers\2023-09-05\customers.csv | Size: 227 bytes
2026-10-07 12:07:16,356 | INFO | Input file: D:\airflow_etl\raw\customers\2023-09-08\customers.csv | Size: 242 bytes
2026-10-07 12:07:16,357 | INFO | Input file: D:\airflow_etl\raw\customers\2023-09-10\customers.csv | Size: 149 bytes
2026-10-07 12:07:16,357 | INFO | Input file: D:\airflow_etl\raw\customers\2023-09-14\customers.csv | Size: 153 bytes
2026-10-07 12:07:16,357 | INFO | Input file: D:\airflow_etl\raw\customers\2023-09-15\customers.csv | Size: 149 bytes
2026-10-07 12:07:16,357 | INFO | Input file: D:\airflow_etl\raw\customers\2023-09-17\customers.csv | Size: 158 bytes
2026-10-07 12:07:16,357 | INFO | Input file: D:\airflow_etl\raw\customers\2023-09-21\customers.csv | Size: 149 bytes
2026-10-07 12:07:16,357 | INFO | Input file: D:\airflow_etl\raw\customers\2023-09-22\customers.csv | Size: 149 bytes
2026-10-07 12:07:16,357 | INFO | Input file: D:\airflow_etl\raw\customers\2023-09-24\customers.csv | Size: 156 bytes
2026-10-07 12:07:16,358 | INFO | Input file: D:\airflow_etl\raw\customers\2023-09-25\customers.csv | Size: 165 bytes
2026-10-07 12:07:16,358 | INFO | Input file: D:\airflow_etl\raw\customers\2023-09-26\customers.csv | Size: 153 bytes
2026-10-07 12:07:16,358 | INFO | Input file: D:\airflow_etl\raw\customers\2023-09-27\customers.csv | Size: 241 bytes
2026-10-07 12:07:16,358 | INFO | Input file: D:\airflow_etl\raw\customers\2023-10-01\customers.csv | Size: 155 bytes
2026-10-07 12:07:16,358 | INFO | Input file: D:\airflow_etl\raw\customers\2023-10-05\customers.csv | Size: 229 bytes
2026-10-07 12:07:16,358 | INFO | Input file: D:\airflow_etl\raw\customers\2023-10-08\customers.csv | Size: 156 bytes
2026-10-07 12:07:16,358 | INFO | Input file: D:\airflow_etl\raw\customers\2023-10-10\customers.csv | Size: 157 bytes
2026-10-07 12:07:16,359 | INFO | Input file: D:\airflow_etl\raw\customers\2023-10-13\customers.csv | Size: 157 bytes
2026-10-07 12:07:16,359 | INFO | Input file: D:\airflow_etl\raw\customers\2023-10-15\customers.csv | Size: 151 bytes
2026-10-07 12:07:16,359 | INFO | Input file: D:\airflow_etl\raw\customers\2023-10-16\customers.csv | Size: 153 bytes
2026-10-07 12:07:16,359 | INFO | Input file: D:\airflow_etl\raw\customers\2023-10-17\customers.csv | Size: 238 bytes
2026-10-07 12:07:16,359 | INFO | Input file: D:\airflow_etl\raw\customers\2023-10-18\customers.csv | Size: 240 bytes
2026-10-07 12:07:16,359 | INFO | Input file: D:\airflow_etl\raw\customers\2023-10-20\customers.csv | Size: 155 bytes
2026-10-07 12:07:16,360 | INFO | Input file: D:\airflow_etl\raw\customers\2023-10-23\customers.csv | Size: 151 bytes
2026-10-07 12:07:16,360 | INFO | Input file: D:\airflow_etl\raw\customers\2023-10-24\customers.csv | Size: 156 bytes
2026-10-07 12:07:16,360 | INFO | Input file: D:\airflow_etl\raw\customers\2023-10-29\customers.csv | Size: 151 bytes
2026-10-07 12:07:16,360 | INFO | Input file: D:\airflow_etl\raw\customers\2023-10-31\customers.csv | Size: 229 bytes
2026-10-07 12:07:16,360 | INFO | Input file: D:\airflow_etl\raw\customers\2023-11-01\customers.csv | Size: 149 bytes
2026-10-07 12:07:16,360 | INFO | Input file: D:\airflow_etl\raw\customers\2023-11-02\customers.csv | Size: 158 bytes
2026-10-07 12:07:16,360 | INFO | Input file: D:\airflow_etl\raw\customers\2023-11-03\customers.csv | Size: 243 bytes
2026-10-07 12:07:16,361 | INFO | Input file: D:\airflow_etl\raw\customers\2023-11-04\customers.csv | Size: 254 bytes
2026-10-07 12:07:16,361 | INFO | Input file: D:\airflow_etl\raw\customers\2023-11-06\customers.csv | Size: 156 bytes
2026-10-07 12:07:16,361 | INFO | Input file: D:\airflow_etl\raw\customers\2023-11-08\customers.csv | Size: 155 bytes
2026-10-07 12:07:16,361 | INFO | Input file: D:\airflow_etl\raw\customers\2023-11-10\customers.csv | Size: 154 bytes
2026-10-07 12:07:16,361 | INFO | Input file: D:\airflow_etl\raw\customers\2023-11-13\customers.csv | Size: 155 bytes
2026-10-07 12:07:16,361 | INFO | Input file: D:\airflow_etl\raw\customers\2023-11-15\customers.csv | Size: 151 bytes
2026-10-07 12:07:16,361 | INFO | Input file: D:\airflow_etl\raw\customers\2023-11-17\customers.csv | Size: 158 bytes
2026-10-07 12:07:16,362 | INFO | Input file: D:\airflow_etl\raw\customers\2023-11-21\customers.csv | Size: 157 bytes
2026-10-07 12:07:16,362 | INFO | Input file: D:\airflow_etl\raw\customers\2023-11-24\customers.csv | Size: 159 bytes
2026-10-07 12:07:16,363 | INFO | Input file: D:\airflow_etl\raw\customers\2023-11-26\customers.csv | Size: 239 bytes
2026-10-07 12:07:16,363 | INFO | Input file: D:\airflow_etl\raw\customers\2023-11-27\customers.csv | Size: 155 bytes
2026-10-07 12:07:16,363 | INFO | Input file: D:\airflow_etl\raw\customers\2023-11-28\customers.csv | Size: 156 bytes
2026-10-07 12:07:16,363 | INFO | Input file: D:\airflow_etl\raw\customers\2023-11-30\customers.csv | Size: 227 bytes
2026-10-07 12:07:16,363 | INFO | Input file: D:\airflow_etl\raw\customers\2023-12-02\customers.csv | Size: 156 bytes
2026-10-07 12:07:16,363 | INFO | Input file: D:\airflow_etl\raw\customers\2023-12-05\customers.csv | Size: 151 bytes
2026-10-07 12:07:16,364 | INFO | Input file: D:\airflow_etl\raw\customers\2023-12-06\customers.csv | Size: 151 bytes
2026-10-07 12:07:16,364 | INFO | Input file: D:\airflow_etl\raw\customers\2023-12-07\customers.csv | Size: 157 bytes
2026-10-07 12:07:16,364 | INFO | Input file: D:\airflow_etl\raw\customers\2023-12-08\customers.csv | Size: 314 bytes
2026-10-07 12:07:16,364 | INFO | Input file: D:\airflow_etl\raw\customers\2023-12-09\customers.csv | Size: 239 bytes
2026-10-07 12:07:16,364 | INFO | Input file: D:\airflow_etl\raw\customers\2023-12-11\customers.csv | Size: 238 bytes
2026-10-07 12:07:16,364 | INFO | Input file: D:\airflow_etl\raw\customers\2023-12-13\customers.csv | Size: 158 bytes
2026-10-07 12:07:16,364 | INFO | Input file: D:\airflow_etl\raw\customers\2023-12-16\customers.csv | Size: 151 bytes
2026-10-07 12:07:16,365 | INFO | Input file: D:\airflow_etl\raw\customers\2023-12-17\customers.csv | Size: 236 bytes
2026-10-07 12:07:16,365 | INFO | Input file: D:\airflow_etl\raw\customers\2023-12-24\customers.csv | Size: 157 bytes
2026-10-07 12:07:16,365 | INFO | Input file: D:\airflow_etl\raw\customers\2023-12-25\customers.csv | Size: 155 bytes
2026-10-07 12:07:16,365 | INFO | Input file: D:\airflow_etl\raw\customers\2023-12-26\customers.csv | Size: 149 bytes
2026-10-07 12:07:16,365 | INFO | Input file: D:\airflow_etl\raw\customers\2023-12-29\customers.csv | Size: 155 bytes
2026-10-07 12:07:16,365 | INFO | Input file: D:\airflow_etl\raw\customers\2023-12-30\customers.csv | Size: 166 bytes
2026-10-07 12:07:16,365 | INFO | Input file: D:\airflow_etl\raw\customers\2024-01-04\customers.csv | Size: 157 bytes
2026-10-07 12:07:16,366 | INFO | Input file: D:\airflow_etl\raw\customers\2024-01-05\customers.csv | Size: 229 bytes
2026-10-07 12:07:16,366 | INFO | Input file: D:\airflow_etl\raw\customers\2024-01-08\customers.csv | Size: 166 bytes
2026-10-07 12:07:16,366 | INFO | Input file: D:\airflow_etl\raw\customers\2024-01-09\customers.csv | Size: 156 bytes
2026-10-07 12:07:16,366 | INFO | Input file: D:\airflow_etl\raw\customers\2024-01-11\customers.csv | Size: 149 bytes
2026-10-07 12:07:16,366 | INFO | Input file: D:\airflow_etl\raw\customers\2024-01-14\customers.csv | Size: 148 bytes
2026-10-07 12:07:16,366 | INFO | Input file: D:\airflow_etl\raw\customers\2024-01-16\customers.csv | Size: 156 bytes
2026-10-07 12:07:16,367 | INFO | Input file: D:\airflow_etl\raw\customers\2024-01-17\customers.csv | Size: 158 bytes
2026-10-07 12:07:16,367 | INFO | Input file: D:\airflow_etl\raw\customers\2024-01-20\customers.csv | Size: 156 bytes
2026-10-07 12:07:16,367 | INFO | Input file: D:\airflow_etl\raw\customers\2024-01-26\customers.csv | Size: 166 bytes
2026-10-07 12:07:16,367 | INFO | Input file: D:\airflow_etl\raw\customers\2024-01-27\customers.csv | Size: 228 bytes
2026-10-07 12:07:16,367 | INFO | Input file: D:\airflow_etl\raw\customers\2024-02-01\customers.csv | Size: 156 bytes
2026-10-07 12:07:16,367 | INFO | Input file: D:\airflow_etl\raw\customers\2024-02-03\customers.csv | Size: 231 bytes
2026-10-07 12:07:16,367 | INFO | Input file: D:\airflow_etl\raw\customers\2024-02-04\customers.csv | Size: 154 bytes
2026-10-07 12:07:16,368 | INFO | Input file: D:\airflow_etl\raw\customers\2024-02-05\customers.csv | Size: 321 bytes
2026-10-07 12:07:16,368 | INFO | Input file: D:\airflow_etl\raw\customers\2024-02-06\customers.csv | Size: 230 bytes
2026-10-07 12:07:16,368 | INFO | Input file: D:\airflow_etl\raw\customers\2024-02-09\customers.csv | Size: 150 bytes
2026-10-07 12:07:16,368 | INFO | Input file: D:\airflow_etl\raw\customers\2024-02-11\customers.csv | Size: 154 bytes
2026-10-07 12:07:16,368 | INFO | Input file: D:\airflow_etl\raw\customers\2024-02-13\customers.csv | Size: 232 bytes
2026-10-07 12:07:16,368 | INFO | Input file: D:\airflow_etl\raw\customers\2024-02-14\customers.csv | Size: 158 bytes
2026-10-07 12:07:16,368 | INFO | Input file: D:\airflow_etl\raw\customers\2024-02-15\customers.csv | Size: 159 bytes
2026-10-07 12:07:16,368 | INFO | Input file: D:\airflow_etl\raw\customers\2024-02-16\customers.csv | Size: 149 bytes
2026-10-07 12:07:16,369 | INFO | Input file: D:\airflow_etl\raw\customers\2024-02-19\customers.csv | Size: 154 bytes
2026-10-07 12:07:16,369 | INFO | Input file: D:\airflow_etl\raw\customers\2024-02-24\customers.csv | Size: 226 bytes
2026-10-07 12:07:16,381 | INFO | Input file: D:\airflow_etl\raw\customers\2024-03-02\customers.csv | Size: 235 bytes
2026-10-07 12:07:16,399 | INFO | Input file: D:\airflow_etl\raw\customers\2024-03-05\customers.csv | Size: 159 bytes
2026-10-07 12:07:16,399 | INFO | Input file: D:\airflow_etl\raw\customers\2024-03-06\customers.csv | Size: 158 bytes
2026-10-07 12:07:16,400 | INFO | Input file: D:\airflow_etl\raw\customers\2024-03-07\customers.csv | Size: 153 bytes
2026-10-07 12:07:16,401 | INFO | Input file: D:\airflow_etl\raw\customers\2024-03-08\customers.csv | Size: 158 bytes
2026-10-07 12:07:16,401 | INFO | Input file: D:\airflow_etl\raw\customers\2024-03-09\customers.csv | Size: 235 bytes
2026-10-07 12:07:16,401 | INFO | Input file: D:\airflow_etl\raw\customers\2024-03-10\customers.csv | Size: 149 bytes
2026-10-07 12:07:16,401 | INFO | Input file: D:\airflow_etl\raw\customers\2024-03-11\customers.csv | Size: 228 bytes
2026-10-07 12:07:16,401 | INFO | Input file: D:\airflow_etl\raw\customers\2024-03-16\customers.csv | Size: 154 bytes
2026-10-07 12:07:16,401 | INFO | Input file: D:\airflow_etl\raw\customers\2024-03-20\customers.csv | Size: 156 bytes
2026-10-07 12:07:16,402 | INFO | Input file: D:\airflow_etl\raw\customers\2024-03-22\customers.csv | Size: 161 bytes
2026-10-07 12:07:16,402 | INFO | Input file: D:\airflow_etl\raw\customers\2024-03-24\customers.csv | Size: 151 bytes
2026-10-07 12:07:16,402 | INFO | Input file: D:\airflow_etl\raw\customers\2024-03-25\customers.csv | Size: 150 bytes
2026-10-07 12:07:16,402 | INFO | Input file: D:\airflow_etl\raw\customers\2024-03-26\customers.csv | Size: 149 bytes
2026-10-07 12:07:16,402 | INFO | Input file: D:\airflow_etl\raw\customers\2024-03-27\customers.csv | Size: 146 bytes
2026-10-07 12:07:16,402 | INFO | Input file: D:\airflow_etl\raw\customers\2024-03-28\customers.csv | Size: 144 bytes
2026-10-07 12:07:16,402 | INFO | Input file: D:\airflow_etl\raw\customers\2024-03-30\customers.csv | Size: 159 bytes
2026-10-07 12:07:16,403 | INFO | Input file: D:\airflow_etl\raw\customers\2024-03-31\customers.csv | Size: 158 bytes
2026-10-07 12:07:16,403 | INFO | Input file: D:\airflow_etl\raw\customers\2024-04-01\customers.csv | Size: 222 bytes
2026-10-07 12:07:16,403 | INFO | Input file: D:\airflow_etl\raw\customers\2024-04-10\customers.csv | Size: 155 bytes
2026-10-07 12:07:16,404 | INFO | Input file: D:\airflow_etl\raw\customers\2024-04-13\customers.csv | Size: 233 bytes
2026-10-07 12:07:16,404 | INFO | Input file: D:\airflow_etl\raw\customers\2024-04-14\customers.csv | Size: 154 bytes
2026-10-07 12:07:16,404 | INFO | Input file: D:\airflow_etl\raw\customers\2024-04-15\customers.csv | Size: 243 bytes
2026-10-07 12:07:16,404 | INFO | Input file: D:\airflow_etl\raw\customers\2024-04-20\customers.csv | Size: 156 bytes
2026-10-07 12:07:16,404 | INFO | Input file: D:\airflow_etl\raw\customers\2024-04-21\customers.csv | Size: 234 bytes
2026-10-07 12:07:16,405 | INFO | Input file: D:\airflow_etl\raw\customers\2024-04-22\customers.csv | Size: 155 bytes
2026-10-07 12:07:16,405 | INFO | Input file: D:\airflow_etl\raw\customers\2024-04-23\customers.csv | Size: 152 bytes
2026-10-07 12:07:16,405 | INFO | Input file: D:\airflow_etl\raw\customers\2024-04-24\customers.csv | Size: 154 bytes
2026-10-07 12:07:16,405 | INFO | Input file: D:\airflow_etl\raw\customers\2024-04-26\customers.csv | Size: 157 bytes
2026-10-07 12:07:16,406 | INFO | Input file: D:\airflow_etl\raw\customers\2024-04-29\customers.csv | Size: 159 bytes
2026-10-07 12:07:16,406 | INFO | Input file: D:\airflow_etl\raw\customers\2024-05-04\customers.csv | Size: 153 bytes
2026-10-07 12:07:16,406 | INFO | Input file: D:\airflow_etl\raw\customers\2024-05-06\customers.csv | Size: 315 bytes
2026-10-07 12:07:16,406 | INFO | Input file: D:\airflow_etl\raw\customers\2024-05-07\customers.csv | Size: 157 bytes
2026-10-07 12:07:16,406 | INFO | Input file: D:\airflow_etl\raw\customers\2024-05-08\customers.csv | Size: 156 bytes
2026-10-07 12:07:16,406 | INFO | Input file: D:\airflow_etl\raw\customers\2024-05-09\customers.csv | Size: 149 bytes
2026-10-07 12:07:16,407 | INFO | Input file: D:\airflow_etl\raw\customers\2024-05-13\customers.csv | Size: 244 bytes
2026-10-07 12:07:16,407 | INFO | Input file: D:\airflow_etl\raw\customers\2024-05-15\customers.csv | Size: 311 bytes
2026-10-07 12:07:16,407 | INFO | Input file: D:\airflow_etl\raw\customers\2024-05-23\customers.csv | Size: 157 bytes
2026-10-07 12:07:16,407 | INFO | Input file: D:\airflow_etl\raw\customers\2024-05-26\customers.csv | Size: 235 bytes
2026-10-07 12:07:16,407 | INFO | Input file: D:\airflow_etl\raw\customers\2024-05-27\customers.csv | Size: 233 bytes
2026-10-07 12:07:16,407 | INFO | Input file: D:\airflow_etl\raw\customers\2024-05-28\customers.csv | Size: 155 bytes
2026-10-07 12:07:16,407 | INFO | Input file: D:\airflow_etl\raw\customers\2024-05-30\customers.csv | Size: 234 bytes
2026-10-07 12:07:16,408 | INFO | Input file: D:\airflow_etl\raw\customers\2024-05-31\customers.csv | Size: 154 bytes
2026-10-07 12:07:16,408 | INFO | Input file: D:\airflow_etl\raw\customers\2024-06-03\customers.csv | Size: 159 bytes
2026-10-07 12:07:16,408 | INFO | Input file: D:\airflow_etl\raw\customers\2024-06-04\customers.csv | Size: 166 bytes
2026-10-07 12:07:16,408 | INFO | Input file: D:\airflow_etl\raw\customers\2024-06-05\customers.csv | Size: 157 bytes
2026-10-07 12:07:16,408 | INFO | Input file: D:\airflow_etl\raw\customers\2024-06-06\customers.csv | Size: 158 bytes
2026-10-07 12:07:16,408 | INFO | Input file: D:\airflow_etl\raw\customers\2024-06-07\customers.csv | Size: 167 bytes
2026-10-07 12:07:16,409 | INFO | Input file: D:\airflow_etl\raw\customers\2024-06-11\customers.csv | Size: 238 bytes
2026-10-07 12:07:16,409 | INFO | Input file: D:\airflow_etl\raw\customers\2024-06-13\customers.csv | Size: 241 bytes
2026-10-07 12:07:16,409 | INFO | Input file: D:\airflow_etl\raw\customers\2024-06-14\customers.csv | Size: 166 bytes
2026-10-07 12:07:16,409 | INFO | Input file: D:\airflow_etl\raw\customers\2024-06-19\customers.csv | Size: 156 bytes
2026-10-07 12:07:16,409 | INFO | Input file: D:\airflow_etl\raw\customers\2024-06-20\customers.csv | Size: 149 bytes
2026-10-07 12:07:16,409 | INFO | Input file: D:\airflow_etl\raw\customers\2024-06-21\customers.csv | Size: 237 bytes
2026-10-07 12:07:16,410 | INFO | Input file: D:\airflow_etl\raw\customers\2024-06-22\customers.csv | Size: 149 bytes
2026-10-07 12:07:16,418 | INFO | Input file: D:\airflow_etl\raw\customers\2024-06-23\customers.csv | Size: 406 bytes
2026-10-07 12:07:16,419 | INFO | Input file: D:\airflow_etl\raw\customers\2024-06-24\customers.csv | Size: 151 bytes
2026-10-07 12:07:16,419 | INFO | Input file: D:\airflow_etl\raw\customers\2024-06-26\customers.csv | Size: 159 bytes
2026-10-07 12:07:16,419 | INFO | Input file: D:\airflow_etl\raw\customers\2024-06-27\customers.csv | Size: 242 bytes
2026-10-07 12:07:16,420 | INFO | Input file: D:\airflow_etl\raw\customers\2024-06-28\customers.csv | Size: 240 bytes
2026-10-07 12:07:16,420 | INFO | Input file: D:\airflow_etl\raw\customers\2024-06-29\customers.csv | Size: 157 bytes
2026-10-07 12:07:16,422 | INFO | Input file: D:\airflow_etl\raw\customers\2024-07-02\customers.csv | Size: 233 bytes
2026-10-07 12:07:16,422 | INFO | Input file: D:\airflow_etl\raw\customers\2024-07-07\customers.csv | Size: 152 bytes
2026-10-07 12:07:16,423 | INFO | Input file: D:\airflow_etl\raw\customers\2024-07-09\customers.csv | Size: 154 bytes
2026-10-07 12:07:16,423 | INFO | Input file: D:\airflow_etl\raw\customers\2024-07-10\customers.csv | Size: 159 bytes
2026-10-07 12:07:16,423 | INFO | Input file: D:\airflow_etl\raw\customers\2024-07-12\customers.csv | Size: 157 bytes
2026-10-07 12:07:16,423 | INFO | Input file: D:\airflow_etl\raw\customers\2024-07-22\customers.csv | Size: 157 bytes
2026-10-07 12:07:16,424 | INFO | Input file: D:\airflow_etl\raw\customers\2024-07-25\customers.csv | Size: 157 bytes
2026-10-07 12:07:16,424 | INFO | Input file: D:\airflow_etl\raw\customers\2024-07-27\customers.csv | Size: 157 bytes
2026-10-07 12:07:16,424 | INFO | Input file: D:\airflow_etl\raw\customers\2024-07-30\customers.csv | Size: 308 bytes
2026-10-07 12:07:16,424 | INFO | Input file: D:\airflow_etl\raw\customers\2024-07-31\customers.csv | Size: 231 bytes
2026-10-07 12:07:16,425 | INFO | Input file: D:\airflow_etl\raw\customers\2024-08-02\customers.csv | Size: 240 bytes
2026-10-07 12:07:16,425 | INFO | Input file: D:\airflow_etl\raw\customers\2024-08-03\customers.csv | Size: 155 bytes
2026-10-07 12:07:16,425 | INFO | Input file: D:\airflow_etl\raw\customers\2024-08-04\customers.csv | Size: 145 bytes
2026-10-07 12:07:16,425 | INFO | Input file: D:\airflow_etl\raw\customers\2024-08-05\customers.csv | Size: 158 bytes
2026-10-07 12:07:16,425 | INFO | Input file: D:\airflow_etl\raw\customers\2024-08-06\customers.csv | Size: 156 bytes
2026-10-07 12:07:16,425 | INFO | Input file: D:\airflow_etl\raw\customers\2024-08-08\customers.csv | Size: 158 bytes
2026-10-07 12:07:16,426 | INFO | Input file: D:\airflow_etl\raw\customers\2024-08-10\customers.csv | Size: 157 bytes
2026-10-07 12:07:16,426 | INFO | Input file: D:\airflow_etl\raw\customers\2024-08-12\customers.csv | Size: 152 bytes
2026-10-07 12:07:16,426 | INFO | Input file: D:\airflow_etl\raw\customers\2024-08-14\customers.csv | Size: 151 bytes
2026-10-07 12:07:16,426 | INFO | Input file: D:\airflow_etl\raw\customers\2024-08-15\customers.csv | Size: 157 bytes
2026-10-07 12:07:16,426 | INFO | Input file: D:\airflow_etl\raw\customers\2024-08-20\customers.csv | Size: 154 bytes
2026-10-07 12:07:16,426 | INFO | Input file: D:\airflow_etl\raw\customers\2024-08-22\customers.csv | Size: 156 bytes
2026-10-07 12:07:16,426 | INFO | Input file: D:\airflow_etl\raw\customers\2024-08-23\customers.csv | Size: 156 bytes
2026-10-07 12:07:16,427 | INFO | Input file: D:\airflow_etl\raw\customers\2024-08-27\customers.csv | Size: 159 bytes
2026-10-07 12:07:16,427 | INFO | Input file: D:\airflow_etl\raw\customers\2024-08-28\customers.csv | Size: 150 bytes
2026-10-07 12:07:16,427 | INFO | Input file: D:\airflow_etl\raw\customers\2024-08-31\customers.csv | Size: 156 bytes
2026-10-07 12:07:16,427 | INFO | Input file: D:\airflow_etl\raw\customers\2024-09-01\customers.csv | Size: 155 bytes
2026-10-07 12:07:16,427 | INFO | Input file: D:\airflow_etl\raw\customers\2024-09-02\customers.csv | Size: 154 bytes
2026-10-07 12:07:16,427 | INFO | Input file: D:\airflow_etl\raw\customers\2024-09-05\customers.csv | Size: 166 bytes
2026-10-07 12:07:16,427 | INFO | Input file: D:\airflow_etl\raw\customers\2024-09-06\customers.csv | Size: 150 bytes
2026-10-07 12:07:16,428 | INFO | Input file: D:\airflow_etl\raw\customers\2024-09-07\customers.csv | Size: 159 bytes
2026-10-07 12:07:16,428 | INFO | Input file: D:\airflow_etl\raw\customers\2024-09-11\customers.csv | Size: 152 bytes
2026-10-07 12:07:16,428 | INFO | Input file: D:\airflow_etl\raw\customers\2024-09-16\customers.csv | Size: 158 bytes
2026-10-07 12:07:16,428 | INFO | Input file: D:\airflow_etl\raw\customers\2024-09-19\customers.csv | Size: 161 bytes
2026-10-07 12:07:16,428 | INFO | Input file: D:\airflow_etl\raw\customers\2024-09-21\customers.csv | Size: 235 bytes
2026-10-07 12:07:16,428 | INFO | Input file: D:\airflow_etl\raw\customers\2024-09-22\customers.csv | Size: 156 bytes
2026-10-07 12:07:16,428 | INFO | Input file: D:\airflow_etl\raw\customers\2024-09-23\customers.csv | Size: 155 bytes
2026-10-07 12:07:16,428 | INFO | Input file: D:\airflow_etl\raw\customers\2024-09-25\customers.csv | Size: 151 bytes
2026-10-07 12:07:16,428 | INFO | Input file: D:\airflow_etl\raw\customers\2024-09-26\customers.csv | Size: 159 bytes
2026-10-07 12:07:16,429 | INFO | Input file: D:\airflow_etl\raw\customers\2024-09-29\customers.csv | Size: 156 bytes
2026-10-07 12:07:16,429 | INFO | Input file: D:\airflow_etl\raw\customers\2024-09-30\customers.csv | Size: 155 bytes
2026-10-07 12:07:16,429 | INFO | Input file: D:\airflow_etl\raw\customers\2024-10-02\customers.csv | Size: 235 bytes
2026-10-07 12:07:16,429 | INFO | Input file: D:\airflow_etl\raw\customers\2024-10-03\customers.csv | Size: 159 bytes
2026-10-07 12:07:16,429 | INFO | Input file: D:\airflow_etl\raw\customers\2024-10-08\customers.csv | Size: 150 bytes
2026-10-07 12:07:16,429 | INFO | Input file: D:\airflow_etl\raw\customers\2024-10-09\customers.csv | Size: 159 bytes
2026-10-07 12:07:16,429 | INFO | Input file: D:\airflow_etl\raw\customers\2024-10-10\customers.csv | Size: 156 bytes
2026-10-07 12:07:16,430 | INFO | Input file: D:\airflow_etl\raw\customers\2024-10-11\customers.csv | Size: 155 bytes
2026-10-07 12:07:16,430 | INFO | Input file: D:\airflow_etl\raw\customers\2024-10-14\customers.csv | Size: 159 bytes
2026-10-07 12:07:16,430 | INFO | Input file: D:\airflow_etl\raw\customers\2024-10-16\customers.csv | Size: 155 bytes
2026-10-07 12:07:16,430 | INFO | Input file: D:\airflow_etl\raw\customers\2024-10-20\customers.csv | Size: 230 bytes
2026-10-07 12:07:16,430 | INFO | Input file: D:\airflow_etl\raw\customers\2024-10-21\customers.csv | Size: 154 bytes
2026-10-07 12:07:16,430 | INFO | Input file: D:\airflow_etl\raw\customers\2024-10-24\customers.csv | Size: 311 bytes
2026-10-07 12:07:16,431 | INFO | Input file: D:\airflow_etl\raw\customers\2024-11-01\customers.csv | Size: 238 bytes
2026-10-07 12:07:16,431 | INFO | Input file: D:\airflow_etl\raw\customers\2024-11-02\customers.csv | Size: 159 bytes
2026-10-07 12:07:16,431 | INFO | Input file: D:\airflow_etl\raw\customers\2024-11-05\customers.csv | Size: 155 bytes
2026-10-07 12:07:16,431 | INFO | Input file: D:\airflow_etl\raw\customers\2024-11-06\customers.csv | Size: 157 bytes
2026-10-07 12:07:16,431 | INFO | Input file: D:\airflow_etl\raw\customers\2024-11-11\customers.csv | Size: 235 bytes
2026-10-07 12:07:16,431 | INFO | Input file: D:\airflow_etl\raw\customers\2024-11-16\customers.csv | Size: 156 bytes
2026-10-07 12:07:16,431 | INFO | Input file: D:\airflow_etl\raw\customers\2024-11-17\customers.csv | Size: 144 bytes
2026-10-07 12:07:16,432 | INFO | Input file: D:\airflow_etl\raw\customers\2024-11-20\customers.csv | Size: 151 bytes
2026-10-07 12:07:16,432 | INFO | Input file: D:\airflow_etl\raw\customers\2024-11-21\customers.csv | Size: 243 bytes
2026-10-07 12:07:16,432 | INFO | Input file: D:\airflow_etl\raw\customers\2024-11-22\customers.csv | Size: 244 bytes
2026-10-07 12:07:16,432 | INFO | Input file: D:\airflow_etl\raw\customers\2024-11-24\customers.csv | Size: 154 bytes
2026-10-07 12:07:16,432 | INFO | Input file: D:\airflow_etl\raw\customers\2024-11-25\customers.csv | Size: 156 bytes
2026-10-07 12:07:16,432 | INFO | Input file: D:\airflow_etl\raw\customers\2024-11-26\customers.csv | Size: 149 bytes
2026-10-07 12:07:16,432 | INFO | Input file: D:\airflow_etl\raw\customers\2024-11-27\customers.csv | Size: 150 bytes
2026-10-07 12:07:16,432 | INFO | Input file: D:\airflow_etl\raw\customers\2024-12-03\customers.csv | Size: 151 bytes
2026-10-07 12:07:16,432 | INFO | Input file: D:\airflow_etl\raw\customers\2024-12-06\customers.csv | Size: 154 bytes
2026-10-07 12:07:16,432 | INFO | Input file: D:\airflow_etl\raw\customers\2024-12-07\customers.csv | Size: 156 bytes
2026-10-07 12:07:16,433 | INFO | Input file: D:\airflow_etl\raw\customers\2024-12-10\customers.csv | Size: 152 bytes
2026-10-07 12:07:16,433 | INFO | Input file: D:\airflow_etl\raw\customers\2024-12-12\customers.csv | Size: 150 bytes
2026-10-07 12:07:16,433 | INFO | Input file: D:\airflow_etl\raw\customers\2024-12-15\customers.csv | Size: 158 bytes
2026-10-07 12:07:16,433 | INFO | Input file: D:\airflow_etl\raw\customers\2024-12-16\customers.csv | Size: 157 bytes
2026-10-07 12:07:16,433 | INFO | Input file: D:\airflow_etl\raw\customers\2024-12-17\customers.csv | Size: 151 bytes
2026-10-07 12:07:16,433 | INFO | Input file: D:\airflow_etl\raw\customers\2024-12-18\customers.csv | Size: 236 bytes
2026-10-07 12:07:16,433 | INFO | Input file: D:\airflow_etl\raw\customers\2024-12-20\customers.csv | Size: 155 bytes
2026-10-07 12:07:16,433 | INFO | Input file: D:\airflow_etl\raw\customers\2024-12-21\customers.csv | Size: 235 bytes
2026-10-07 12:07:16,433 | INFO | Input file: D:\airflow_etl\raw\customers\2024-12-22\customers.csv | Size: 155 bytes
2026-10-07 12:07:16,434 | INFO | Input file: D:\airflow_etl\raw\customers\2024-12-24\customers.csv | Size: 157 bytes
2026-10-07 12:07:16,434 | INFO | Input file: D:\airflow_etl\raw\customers\2024-12-27\customers.csv | Size: 153 bytes
2026-10-07 12:07:16,434 | INFO | Input file: D:\airflow_etl\raw\customers\2025-01-02\customers.csv | Size: 149 bytes
2026-10-07 12:07:16,434 | INFO | Input file: D:\airflow_etl\raw\customers\2025-01-04\customers.csv | Size: 145 bytes
2026-10-07 12:07:16,434 | INFO | Input file: D:\airflow_etl\raw\customers\2025-01-10\customers.csv | Size: 157 bytes
2026-10-07 12:07:16,434 | INFO | Input file: D:\airflow_etl\raw\customers\2025-01-11\customers.csv | Size: 232 bytes
2026-10-07 12:07:16,434 | INFO | Input file: D:\airflow_etl\raw\customers\2025-01-13\customers.csv | Size: 313 bytes
2026-10-07 12:07:16,435 | INFO | Input file: D:\airflow_etl\raw\customers\2025-01-16\customers.csv | Size: 324 bytes
2026-10-07 12:07:16,435 | INFO | Input file: D:\airflow_etl\raw\customers\2025-01-17\customers.csv | Size: 148 bytes
2026-10-07 12:07:16,435 | INFO | Input file: D:\airflow_etl\raw\customers\2025-01-18\customers.csv | Size: 151 bytes
2026-10-07 12:07:16,435 | INFO | Input file: D:\airflow_etl\raw\customers\2025-01-23\customers.csv | Size: 150 bytes
2026-10-07 12:07:16,435 | INFO | Input file: D:\airflow_etl\raw\customers\2025-01-24\customers.csv | Size: 235 bytes
2026-10-07 12:07:16,435 | INFO | Input file: D:\airflow_etl\raw\customers\2025-01-27\customers.csv | Size: 161 bytes
2026-10-07 12:07:16,435 | INFO | Input file: D:\airflow_etl\raw\customers\2025-01-29\customers.csv | Size: 156 bytes
2026-10-07 12:07:16,435 | INFO | Input file: D:\airflow_etl\raw\customers\2025-02-04\customers.csv | Size: 150 bytes
2026-10-07 12:07:16,436 | INFO | Input file: D:\airflow_etl\raw\customers\2025-02-12\customers.csv | Size: 159 bytes
2026-10-07 12:07:16,436 | INFO | Input file: D:\airflow_etl\raw\customers\2025-02-15\customers.csv | Size: 225 bytes
2026-10-07 12:07:16,436 | INFO | Input file: D:\airflow_etl\raw\customers\2025-02-17\customers.csv | Size: 243 bytes
2026-10-07 12:07:16,436 | INFO | Input file: D:\airflow_etl\raw\customers\2025-02-20\customers.csv | Size: 166 bytes
2026-10-07 12:07:16,436 | INFO | Input file: D:\airflow_etl\raw\customers\2025-02-22\customers.csv | Size: 156 bytes
2026-10-07 12:07:16,436 | INFO | Input file: D:\airflow_etl\raw\customers\2025-02-23\customers.csv | Size: 232 bytes
2026-10-07 12:07:16,437 | INFO | Input file: D:\airflow_etl\raw\customers\2025-02-24\customers.csv | Size: 166 bytes
2026-10-07 12:07:16,437 | INFO | Input file: D:\airflow_etl\raw\customers\2025-02-27\customers.csv | Size: 238 bytes
2026-10-07 12:07:16,437 | INFO | Input file: D:\airflow_etl\raw\customers\2025-03-02\customers.csv | Size: 166 bytes
2026-10-07 12:07:16,437 | INFO | Input file: D:\airflow_etl\raw\customers\2025-03-07\customers.csv | Size: 239 bytes
2026-10-07 12:07:16,437 | INFO | Input file: D:\airflow_etl\raw\customers\2025-03-08\customers.csv | Size: 157 bytes
2026-10-07 12:07:16,437 | INFO | Input file: D:\airflow_etl\raw\customers\2025-03-09\customers.csv | Size: 154 bytes
2026-10-07 12:07:16,438 | INFO | Input file: D:\airflow_etl\raw\customers\2025-03-11\customers.csv | Size: 157 bytes
2026-10-07 12:07:16,438 | INFO | Input file: D:\airflow_etl\raw\customers\2025-03-16\customers.csv | Size: 154 bytes
2026-10-07 12:07:16,438 | INFO | Input file: D:\airflow_etl\raw\customers\2025-03-17\customers.csv | Size: 159 bytes
2026-10-07 12:07:16,439 | INFO | Input file: D:\airflow_etl\raw\customers\2025-03-19\customers.csv | Size: 151 bytes
2026-10-07 12:07:16,439 | INFO | Input file: D:\airflow_etl\raw\customers\2025-03-22\customers.csv | Size: 155 bytes
2026-10-07 12:07:16,439 | INFO | Input file: D:\airflow_etl\raw\customers\2025-03-26\customers.csv | Size: 146 bytes
2026-10-07 12:07:16,439 | INFO | Input file: D:\airflow_etl\raw\customers\2025-04-04\customers.csv | Size: 153 bytes
2026-10-07 12:07:16,439 | INFO | Input file: D:\airflow_etl\raw\customers\2025-04-06\customers.csv | Size: 238 bytes
2026-10-07 12:07:16,440 | INFO | Input file: D:\airflow_etl\raw\customers\2025-04-08\customers.csv | Size: 149 bytes
2026-10-07 12:07:16,440 | INFO | Input file: D:\airflow_etl\raw\customers\2025-04-10\customers.csv | Size: 156 bytes
2026-10-07 12:07:16,440 | INFO | Input file: D:\airflow_etl\raw\customers\2025-04-12\customers.csv | Size: 154 bytes
2026-10-07 12:07:16,440 | INFO | Input file: D:\airflow_etl\raw\customers\2025-04-16\customers.csv | Size: 164 bytes
2026-10-07 12:07:16,440 | INFO | Input file: D:\airflow_etl\raw\customers\2025-04-17\customers.csv | Size: 230 bytes
2026-10-07 12:07:16,440 | INFO | Input file: D:\airflow_etl\raw\customers\2025-04-20\customers.csv | Size: 154 bytes
2026-10-07 12:07:16,440 | INFO | Input file: D:\airflow_etl\raw\customers\2025-04-22\customers.csv | Size: 156 bytes
2026-10-07 12:07:16,441 | INFO | Input file: D:\airflow_etl\raw\customers\2025-04-23\customers.csv | Size: 159 bytes
2026-10-07 12:07:16,441 | INFO | Input file: D:\airflow_etl\raw\customers\2025-04-24\customers.csv | Size: 158 bytes
2026-10-07 12:07:16,441 | INFO | Input file: D:\airflow_etl\raw\customers\2025-04-26\customers.csv | Size: 239 bytes
2026-10-07 12:07:16,441 | INFO | Input file: D:\airflow_etl\raw\customers\2025-04-29\customers.csv | Size: 155 bytes
2026-10-07 12:07:16,441 | INFO | Input file: D:\airflow_etl\raw\customers\2025-04-30\customers.csv | Size: 157 bytes
2026-10-07 12:07:16,441 | INFO | Input file: D:\airflow_etl\raw\customers\2025-05-07\customers.csv | Size: 243 bytes
2026-10-07 12:07:16,441 | INFO | Input file: D:\airflow_etl\raw\customers\2025-05-09\customers.csv | Size: 154 bytes
2026-10-07 12:07:16,441 | INFO | Input file: D:\airflow_etl\raw\customers\2025-05-11\customers.csv | Size: 156 bytes
2026-10-07 12:07:16,441 | INFO | Input file: D:\airflow_etl\raw\customers\2025-05-12\customers.csv | Size: 166 bytes
2026-10-07 12:07:16,442 | INFO | Input file: D:\airflow_etl\raw\customers\2025-05-13\customers.csv | Size: 144 bytes
2026-10-07 12:07:16,442 | INFO | Input file: D:\airflow_etl\raw\customers\2025-05-16\customers.csv | Size: 157 bytes
2026-10-07 12:07:16,442 | INFO | Input file: D:\airflow_etl\raw\customers\2025-05-19\customers.csv | Size: 240 bytes
2026-10-07 12:07:16,442 | INFO | Input file: D:\airflow_etl\raw\customers\2025-05-20\customers.csv | Size: 154 bytes
2026-10-07 12:07:16,442 | INFO | Input file: D:\airflow_etl\raw\customers\2025-05-22\customers.csv | Size: 154 bytes
2026-10-07 12:07:16,442 | INFO | Input file: D:\airflow_etl\raw\customers\2025-05-23\customers.csv | Size: 156 bytes
2026-10-07 12:07:16,442 | INFO | Input file: D:\airflow_etl\raw\customers\2025-05-29\customers.csv | Size: 156 bytes
2026-10-07 12:07:16,442 | INFO | Input file: D:\airflow_etl\raw\customers\2025-05-30\customers.csv | Size: 151 bytes
2026-10-07 12:07:16,442 | INFO | Input file: D:\airflow_etl\raw\customers\2025-06-01\customers.csv | Size: 157 bytes
2026-10-07 12:07:16,442 | INFO | Input file: D:\airflow_etl\raw\customers\2025-06-02\customers.csv | Size: 155 bytes
2026-10-07 12:07:16,443 | INFO | Input file: D:\airflow_etl\raw\customers\2025-06-03\customers.csv | Size: 235 bytes
2026-10-07 12:07:16,443 | INFO | Input file: D:\airflow_etl\raw\customers\2025-06-04\customers.csv | Size: 160 bytes
2026-10-07 12:07:16,443 | INFO | Input file: D:\airflow_etl\raw\customers\2025-06-05\customers.csv | Size: 249 bytes
2026-10-07 12:07:16,443 | INFO | Input file: D:\airflow_etl\raw\customers\2025-06-07\customers.csv | Size: 157 bytes
2026-10-07 12:07:16,443 | INFO | Input file: D:\airflow_etl\raw\customers\2025-06-08\customers.csv | Size: 148 bytes
2026-10-07 12:07:16,443 | INFO | Input file: D:\airflow_etl\raw\customers\2025-06-11\customers.csv | Size: 155 bytes
2026-10-07 12:07:16,443 | INFO | Input file: D:\airflow_etl\raw\customers\2025-06-12\customers.csv | Size: 160 bytes
2026-10-07 12:07:16,443 | INFO | Input file: D:\airflow_etl\raw\customers\2025-06-13\customers.csv | Size: 316 bytes
2026-10-07 12:07:16,443 | INFO | Input file: D:\airflow_etl\raw\customers\2025-06-16\customers.csv | Size: 146 bytes
2026-10-07 12:07:16,444 | INFO | Input file: D:\airflow_etl\raw\customers\2025-06-17\customers.csv | Size: 156 bytes
2026-10-07 12:07:16,444 | INFO | Input file: D:\airflow_etl\raw\customers\2025-06-18\customers.csv | Size: 237 bytes
2026-10-07 12:07:16,444 | INFO | Input file: D:\airflow_etl\raw\customers\2025-06-19\customers.csv | Size: 158 bytes
2026-10-07 12:07:16,444 | INFO | Input file: D:\airflow_etl\raw\customers\2025-06-20\customers.csv | Size: 326 bytes
2026-10-07 12:07:16,444 | INFO | Input file: D:\airflow_etl\raw\customers\2025-06-26\customers.csv | Size: 156 bytes
2026-10-07 12:07:16,444 | INFO | Input file: D:\airflow_etl\raw\customers\2025-07-01\customers.csv | Size: 150 bytes
2026-10-07 12:07:16,444 | INFO | Input file: D:\airflow_etl\raw\customers\2025-07-02\customers.csv | Size: 154 bytes
2026-10-07 12:07:16,445 | INFO | Input file: D:\airflow_etl\raw\customers\2025-07-04\customers.csv | Size: 230 bytes
2026-10-07 12:07:16,445 | INFO | Input file: D:\airflow_etl\raw\customers\2025-07-06\customers.csv | Size: 156 bytes
2026-10-07 12:07:16,445 | INFO | Input file: D:\airflow_etl\raw\customers\2025-07-07\customers.csv | Size: 233 bytes
2026-10-07 12:07:16,445 | INFO | Input file: D:\airflow_etl\raw\customers\2025-07-10\customers.csv | Size: 158 bytes
2026-10-07 12:07:16,445 | INFO | Input file: D:\airflow_etl\raw\customers\2025-07-12\customers.csv | Size: 149 bytes
2026-10-07 12:07:16,445 | INFO | Input file: D:\airflow_etl\raw\customers\2025-07-15\customers.csv | Size: 161 bytes
2026-10-07 12:07:16,446 | INFO | Input file: D:\airflow_etl\raw\customers\2025-07-17\customers.csv | Size: 149 bytes
2026-10-07 12:07:16,446 | INFO | Input file: D:\airflow_etl\raw\customers\2025-07-18\customers.csv | Size: 150 bytes
2026-10-07 12:07:16,446 | INFO | Input file: D:\airflow_etl\raw\customers\2025-07-20\customers.csv | Size: 159 bytes
2026-10-07 12:07:16,446 | INFO | Input file: D:\airflow_etl\raw\customers\2025-07-22\customers.csv | Size: 157 bytes
2026-10-07 12:07:16,446 | INFO | Input file: D:\airflow_etl\raw\customers\2025-07-23\customers.csv | Size: 230 bytes
2026-10-07 12:07:16,446 | INFO | Input file: D:\airflow_etl\raw\customers\2025-07-26\customers.csv | Size: 158 bytes
2026-10-07 12:07:16,446 | INFO | Input file: D:\airflow_etl\raw\customers\2025-08-01\customers.csv | Size: 151 bytes
2026-10-07 12:07:16,446 | INFO | Input file: D:\airflow_etl\raw\customers\2025-08-02\customers.csv | Size: 161 bytes
2026-10-07 12:07:16,446 | INFO | Input file: D:\airflow_etl\raw\customers\2025-08-05\customers.csv | Size: 155 bytes
2026-10-07 12:07:16,447 | INFO | Input file: D:\airflow_etl\raw\customers\2025-08-07\customers.csv | Size: 148 bytes
2026-10-07 12:07:16,447 | INFO | Input file: D:\airflow_etl\raw\customers\2025-08-08\customers.csv | Size: 325 bytes
2026-10-07 12:07:16,447 | INFO | Input file: D:\airflow_etl\raw\customers\2025-08-09\customers.csv | Size: 165 bytes
2026-10-07 12:07:16,447 | INFO | Input file: D:\airflow_etl\raw\customers\2025-08-10\customers.csv | Size: 151 bytes
2026-10-07 12:07:16,447 | INFO | Input file: D:\airflow_etl\raw\customers\2025-08-13\customers.csv | Size: 161 bytes
2026-10-07 12:07:16,447 | INFO | Input file: D:\airflow_etl\raw\customers\2025-08-15\customers.csv | Size: 154 bytes
2026-10-07 12:07:16,447 | INFO | Input file: D:\airflow_etl\raw\customers\2025-08-16\customers.csv | Size: 235 bytes
2026-10-07 12:07:16,447 | INFO | Input file: D:\airflow_etl\raw\customers\2025-08-17\customers.csv | Size: 166 bytes
2026-10-07 12:07:16,447 | INFO | Input file: D:\airflow_etl\raw\customers\2025-08-19\customers.csv | Size: 157 bytes
2026-10-07 12:07:16,447 | INFO | Input file: D:\airflow_etl\raw\customers\2025-08-20\customers.csv | Size: 155 bytes
2026-10-07 12:07:16,448 | INFO | Input file: D:\airflow_etl\raw\customers\2025-08-22\customers.csv | Size: 144 bytes
2026-10-07 12:07:16,448 | INFO | Input file: D:\airflow_etl\raw\customers\2025-08-24\customers.csv | Size: 159 bytes
2026-10-07 12:07:16,448 | INFO | Input file: D:\airflow_etl\raw\customers\2025-08-26\customers.csv | Size: 152 bytes
2026-10-07 12:07:16,448 | INFO | Input file: D:\airflow_etl\raw\customers\2025-08-27\customers.csv | Size: 149 bytes
2026-10-07 12:07:16,448 | INFO | Input file: D:\airflow_etl\raw\customers\2025-09-03\customers.csv | Size: 144 bytes
2026-10-07 12:07:16,448 | INFO | Input file: D:\airflow_etl\raw\customers\2025-09-07\customers.csv | Size: 156 bytes
2026-10-07 12:07:16,448 | INFO | Input file: D:\airflow_etl\raw\customers\2025-09-10\customers.csv | Size: 149 bytes
2026-10-07 12:07:16,448 | INFO | Input file: D:\airflow_etl\raw\customers\2025-09-13\customers.csv | Size: 234 bytes
2026-10-07 12:07:16,448 | INFO | Input file: D:\airflow_etl\raw\customers\2025-09-14\customers.csv | Size: 316 bytes
2026-10-07 12:07:16,449 | INFO | Input file: D:\airflow_etl\raw\customers\2025-09-17\customers.csv | Size: 154 bytes
2026-10-07 12:07:16,449 | INFO | Input file: D:\airflow_etl\raw\customers\2025-09-21\customers.csv | Size: 151 bytes
2026-10-07 12:07:16,449 | INFO | Input file: D:\airflow_etl\raw\customers\2025-09-23\customers.csv | Size: 152 bytes
2026-10-07 12:07:16,449 | INFO | Input file: D:\airflow_etl\raw\customers\2025-09-24\customers.csv | Size: 164 bytes
2026-10-07 12:07:16,449 | INFO | Input file: D:\airflow_etl\raw\customers\2025-09-25\customers.csv | Size: 154 bytes
2026-10-07 12:07:16,449 | INFO | Input file: D:\airflow_etl\raw\customers\2025-09-27\customers.csv | Size: 243 bytes
2026-10-07 12:07:16,449 | INFO | Input file: D:\airflow_etl\raw\customers\2025-09-29\customers.csv | Size: 158 bytes
2026-10-07 12:07:16,449 | INFO | Input file: D:\airflow_etl\raw\customers\2025-10-02\customers.csv | Size: 155 bytes
2026-10-07 12:07:16,450 | INFO | Input file: D:\airflow_etl\raw\customers\2025-10-07\customers.csv | Size: 153 bytes
2026-10-07 12:07:16,450 | INFO | Input file: D:\airflow_etl\raw\customers\2025-10-08\customers.csv | Size: 155 bytes
2026-10-07 12:07:16,450 | INFO | Input file: D:\airflow_etl\raw\customers\2025-10-10\customers.csv | Size: 157 bytes
2026-10-07 12:07:16,450 | INFO | Input file: D:\airflow_etl\raw\customers\2025-10-16\customers.csv | Size: 157 bytes
2026-10-07 12:07:16,450 | INFO | Input file: D:\airflow_etl\raw\customers\2025-10-19\customers.csv | Size: 150 bytes
2026-10-07 12:07:16,450 | INFO | Input file: D:\airflow_etl\raw\customers\2025-10-22\customers.csv | Size: 233 bytes
2026-10-07 12:07:16,451 | INFO | Input file: D:\airflow_etl\raw\customers\2025-10-23\customers.csv | Size: 157 bytes
2026-10-07 12:07:16,451 | INFO | Input file: D:\airflow_etl\raw\customers\2025-10-25\customers.csv | Size: 155 bytes
2026-10-07 12:07:16,451 | INFO | Input file: D:\airflow_etl\raw\customers\2025-10-30\customers.csv | Size: 155 bytes
2026-10-07 12:07:16,451 | INFO | Input file: D:\airflow_etl\raw\customers\2025-10-31\customers.csv | Size: 148 bytes
2026-10-07 12:07:16,451 | INFO | Input file: D:\airflow_etl\raw\customers\2025-11-01\customers.csv | Size: 151 bytes
2026-10-07 12:07:16,451 | INFO | Input file: D:\airflow_etl\raw\customers\2025-11-03\customers.csv | Size: 156 bytes
2026-10-07 12:07:16,451 | INFO | Input file: D:\airflow_etl\raw\customers\2025-11-06\customers.csv | Size: 156 bytes
2026-10-07 12:07:16,451 | INFO | Input file: D:\airflow_etl\raw\customers\2025-11-07\customers.csv | Size: 156 bytes
2026-10-07 12:07:16,452 | INFO | Input file: D:\airflow_etl\raw\customers\2025-11-09\customers.csv | Size: 238 bytes
2026-10-07 12:07:16,452 | INFO | Input file: D:\airflow_etl\raw\customers\2025-11-12\customers.csv | Size: 158 bytes
2026-10-07 12:07:16,452 | INFO | Input file: D:\airflow_etl\raw\customers\2025-11-21\customers.csv | Size: 160 bytes
2026-10-07 12:07:16,452 | INFO | Input file: D:\airflow_etl\raw\customers\2025-11-23\customers.csv | Size: 234 bytes
2026-10-07 12:07:16,452 | INFO | Input file: D:\airflow_etl\raw\customers\2025-11-25\customers.csv | Size: 238 bytes
2026-10-07 12:07:16,452 | INFO | Input file: D:\airflow_etl\raw\customers\2025-11-27\customers.csv | Size: 144 bytes
2026-10-07 12:07:16,452 | INFO | Input file: D:\airflow_etl\raw\customers\2025-11-29\customers.csv | Size: 229 bytes
2026-10-07 12:07:16,452 | INFO | Input file: D:\airflow_etl\raw\customers\2025-11-30\customers.csv | Size: 238 bytes
2026-10-07 12:07:16,452 | INFO | Input file: D:\airflow_etl\raw\customers\2025-12-02\customers.csv | Size: 150 bytes
2026-10-07 12:07:16,452 | INFO | Input file: D:\airflow_etl\raw\customers\2025-12-03\customers.csv | Size: 156 bytes
2026-10-07 12:07:16,453 | INFO | Input file: D:\airflow_etl\raw\customers\2025-12-04\customers.csv | Size: 155 bytes
2026-10-07 12:07:16,453 | INFO | Input file: D:\airflow_etl\raw\customers\2025-12-06\customers.csv | Size: 151 bytes
2026-10-07 12:07:16,453 | INFO | Input file: D:\airflow_etl\raw\customers\2025-12-07\customers.csv | Size: 154 bytes
2026-10-07 12:07:16,453 | INFO | Input file: D:\airflow_etl\raw\customers\2025-12-09\customers.csv | Size: 157 bytes
2026-10-07 12:07:16,453 | INFO | Input file: D:\airflow_etl\raw\customers\2025-12-10\customers.csv | Size: 151 bytes
2026-10-07 12:07:16,453 | INFO | Input file: D:\airflow_etl\raw\customers\2025-12-11\customers.csv | Size: 149 bytes
2026-10-07 12:07:16,454 | INFO | Input file: D:\airflow_etl\raw\customers\2025-12-12\customers.csv | Size: 157 bytes
2026-10-07 12:07:16,454 | INFO | Input file: D:\airflow_etl\raw\customers\2025-12-14\customers.csv | Size: 228 bytes
2026-10-07 12:07:16,454 | INFO | Input file: D:\airflow_etl\raw\customers\2025-12-15\customers.csv | Size: 157 bytes
2026-10-07 12:07:16,454 | INFO | Input file: D:\airflow_etl\raw\customers\2025-12-17\customers.csv | Size: 151 bytes
2026-10-07 12:07:16,454 | INFO | Input file: D:\airflow_etl\raw\customers\2025-12-18\customers.csv | Size: 150 bytes
2026-10-07 12:07:16,455 | INFO | Input file: D:\airflow_etl\raw\customers\2025-12-19\customers.csv | Size: 154 bytes
2026-10-07 12:07:16,455 | INFO | Input file: D:\airflow_etl\raw\customers\2025-12-20\customers.csv | Size: 154 bytes
2026-10-07 12:07:16,455 | INFO | Input file: D:\airflow_etl\raw\customers\2025-12-21\customers.csv | Size: 323 bytes
2026-10-07 12:07:16,455 | INFO | Input file: D:\airflow_etl\raw\customers\2025-12-23\customers.csv | Size: 155 bytes
2026-10-07 12:07:16,456 | INFO | Input file: D:\airflow_etl\raw\customers\2025-12-24\customers.csv | Size: 237 bytes
2026-10-07 12:07:16,456 | INFO | Input file: D:\airflow_etl\raw\customers\2025-12-25\customers.csv | Size: 158 bytes
2026-10-07 12:07:16,456 | INFO | Input file: D:\airflow_etl\raw\customers\2025-12-26\customers.csv | Size: 154 bytes
2026-10-07 12:07:16,456 | INFO | Input file: D:\airflow_etl\raw\customers\2025-12-27\customers.csv | Size: 160 bytes
2026-10-07 12:07:16,456 | INFO | Input file: D:\airflow_etl\raw\customers\2025-12-28\customers.csv | Size: 156 bytes
2026-10-07 12:07:16,456 | INFO | Input file: D:\airflow_etl\raw\customers\2025-12-29\customers.csv | Size: 150 bytes
2026-10-07 12:07:16,457 | INFO | Input file: D:\airflow_etl\raw\customers\2026-01-01\customers.csv | Size: 149 bytes
2026-10-07 12:07:16,457 | INFO | Input file: D:\airflow_etl\raw\customers\2026-01-02\customers.csv | Size: 154 bytes
2026-10-07 12:07:16,457 | INFO | Input file: D:\airflow_etl\raw\customers\2026-01-04\customers.csv | Size: 145 bytes
2026-10-07 12:07:16,457 | INFO | Input file: D:\airflow_etl\raw\customers\2026-01-06\customers.csv | Size: 244 bytes
2026-10-07 12:07:16,457 | INFO | Input file: D:\airflow_etl\raw\customers\2026-01-07\customers.csv | Size: 157 bytes
2026-10-07 12:07:16,457 | INFO | Input file: D:\airflow_etl\raw\customers\2026-01-09\customers.csv | Size: 150 bytes
2026-10-07 12:07:16,457 | INFO | Input file: D:\airflow_etl\raw\customers\2026-01-10\customers.csv | Size: 155 bytes
2026-10-07 12:07:16,457 | INFO | Input file: D:\airflow_etl\raw\customers\2026-01-11\customers.csv | Size: 157 bytes
2026-10-07 12:07:16,458 | INFO | Input file: D:\airflow_etl\raw\customers\2026-01-13\customers.csv | Size: 157 bytes
2026-10-07 12:07:16,458 | INFO | Input file: D:\airflow_etl\raw\customers\2026-01-14\customers.csv | Size: 154 bytes
2026-10-07 12:07:16,458 | INFO | Input file: D:\airflow_etl\raw\customers\2026-01-15\customers.csv | Size: 156 bytes
2026-10-07 12:07:16,458 | INFO | Input file: D:\airflow_etl\raw\customers\2026-01-16\customers.csv | Size: 158 bytes
2026-10-07 12:07:16,458 | INFO | Input file: D:\airflow_etl\raw\customers\2026-01-19\customers.csv | Size: 154 bytes
2026-10-07 12:07:16,458 | INFO | Input file: D:\airflow_etl\raw\customers\2026-01-28\customers.csv | Size: 321 bytes
2026-10-07 12:07:16,458 | INFO | Input file: D:\airflow_etl\raw\customers\2026-01-29\customers.csv | Size: 160 bytes
2026-10-07 12:07:16,458 | INFO | Input file: D:\airflow_etl\raw\customers\2026-01-30\customers.csv | Size: 157 bytes
2026-10-07 12:07:16,458 | INFO | Input file: D:\airflow_etl\raw\customers\2026-02-02\customers.csv | Size: 158 bytes
2026-10-07 12:07:16,459 | INFO | Input file: D:\airflow_etl\raw\customers\2026-02-04\customers.csv | Size: 241 bytes
2026-10-07 12:07:16,459 | INFO | Input file: D:\airflow_etl\raw\customers\2026-02-05\customers.csv | Size: 220 bytes
2026-10-07 12:07:16,459 | INFO | Input file: D:\airflow_etl\raw\customers\2026-02-07\customers.csv | Size: 155 bytes
2026-10-07 12:07:16,459 | INFO | Input file: D:\airflow_etl\raw\customers\2026-02-08\customers.csv | Size: 244 bytes
2026-10-07 12:07:16,459 | INFO | Input file: D:\airflow_etl\raw\customers\2026-02-09\customers.csv | Size: 237 bytes
2026-10-07 12:07:16,459 | INFO | Input file: D:\airflow_etl\raw\customers\2026-02-13\customers.csv | Size: 149 bytes
2026-10-07 12:07:16,459 | INFO | Input file: D:\airflow_etl\raw\customers\2026-02-18\customers.csv | Size: 233 bytes
2026-10-07 12:07:16,460 | INFO | Input file: D:\airflow_etl\raw\customers\2026-02-20\customers.csv | Size: 241 bytes
2026-10-07 12:07:16,460 | INFO | Input file: D:\airflow_etl\raw\customers\2026-02-21\customers.csv | Size: 154 bytes
2026-10-07 12:07:16,460 | INFO | Input file: D:\airflow_etl\raw\customers\2026-02-24\customers.csv | Size: 238 bytes
2026-10-07 12:07:16,460 | INFO | Input file: D:\airflow_etl\raw\customers\2026-02-26\customers.csv | Size: 156 bytes
2026-10-07 12:07:16,460 | INFO | Input file: D:\airflow_etl\raw\customers\2026-03-06\customers.csv | Size: 148 bytes
2026-10-07 12:07:16,460 | INFO | Input file: D:\airflow_etl\raw\customers\2026-03-07\customers.csv | Size: 159 bytes
2026-10-07 12:07:16,460 | INFO | Input file: D:\airflow_etl\raw\customers\2026-03-08\customers.csv | Size: 234 bytes
2026-10-07 12:07:16,460 | INFO | Input file: D:\airflow_etl\raw\customers\2026-03-09\customers.csv | Size: 240 bytes
2026-10-07 12:07:16,460 | INFO | Input file: D:\airflow_etl\raw\customers\2026-03-16\customers.csv | Size: 151 bytes
2026-10-07 12:07:16,461 | INFO | Input file: D:\airflow_etl\raw\customers\2026-03-18\customers.csv | Size: 303 bytes
2026-10-07 12:07:16,461 | INFO | Input file: D:\airflow_etl\raw\customers\2026-03-19\customers.csv | Size: 150 bytes
2026-10-07 12:07:16,461 | INFO | Input file: D:\airflow_etl\raw\customers\2026-03-20\customers.csv | Size: 154 bytes
2026-10-07 12:07:16,461 | INFO | Input file: D:\airflow_etl\raw\customers\2026-03-25\customers.csv | Size: 159 bytes
2026-10-07 12:07:16,461 | INFO | Input file: D:\airflow_etl\raw\customers\2026-03-27\customers.csv | Size: 154 bytes
2026-10-07 12:07:16,461 | INFO | Input file: D:\airflow_etl\raw\customers\2026-03-29\customers.csv | Size: 310 bytes
2026-10-07 12:07:16,461 | INFO | Input file: D:\airflow_etl\raw\customers\2026-04-04\customers.csv | Size: 156 bytes
2026-10-07 12:07:16,462 | INFO | Input file: D:\airflow_etl\raw\customers\2026-04-06\customers.csv | Size: 150 bytes
2026-10-07 12:07:16,462 | INFO | Input file: D:\airflow_etl\raw\customers\2026-04-08\customers.csv | Size: 239 bytes
2026-10-07 12:07:16,462 | INFO | Input file: D:\airflow_etl\raw\customers\2026-04-11\customers.csv | Size: 156 bytes
2026-10-07 12:07:16,462 | INFO | Input file: D:\airflow_etl\raw\customers\2026-04-12\customers.csv | Size: 152 bytes
2026-10-07 12:07:16,462 | INFO | Input file: D:\airflow_etl\raw\customers\2026-04-14\customers.csv | Size: 310 bytes
2026-10-07 12:07:16,462 | INFO | Input file: D:\airflow_etl\raw\customers\2026-04-16\customers.csv | Size: 157 bytes
2026-10-07 12:07:16,462 | INFO | Input file: D:\airflow_etl\raw\customers\2026-04-17\customers.csv | Size: 237 bytes
2026-10-07 12:07:16,462 | INFO | Input file: D:\airflow_etl\raw\customers\2026-04-18\customers.csv | Size: 147 bytes
2026-10-07 12:07:16,462 | INFO | Input file: D:\airflow_etl\raw\customers\2026-04-23\customers.csv | Size: 325 bytes
2026-10-07 12:07:16,462 | INFO | Input file: D:\airflow_etl\raw\customers\2026-04-24\customers.csv | Size: 153 bytes
2026-10-07 12:07:16,463 | INFO | Input file: D:\airflow_etl\raw\customers\2026-04-26\customers.csv | Size: 155 bytes
2026-10-07 12:07:16,463 | INFO | Input file: D:\airflow_etl\raw\customers\2026-04-29\customers.csv | Size: 154 bytes
2026-10-07 12:07:16,463 | INFO | Input file: D:\airflow_etl\raw\customers\2026-05-04\customers.csv | Size: 146 bytes
2026-10-07 12:07:16,463 | INFO | Input file: D:\airflow_etl\raw\customers\2026-05-05\customers.csv | Size: 157 bytes
2026-10-07 12:07:16,463 | INFO | Input file: D:\airflow_etl\raw\customers\2026-05-06\customers.csv | Size: 312 bytes
2026-10-07 12:07:16,463 | INFO | Input file: D:\airflow_etl\raw\customers\2026-05-08\customers.csv | Size: 156 bytes
2026-10-07 12:07:16,463 | INFO | Input file: D:\airflow_etl\raw\customers\2026-05-11\customers.csv | Size: 154 bytes
2026-10-07 12:07:16,463 | INFO | Input file: D:\airflow_etl\raw\customers\2026-05-12\customers.csv | Size: 156 bytes
2026-10-07 12:07:16,463 | INFO | Input file: D:\airflow_etl\raw\customers\2026-05-17\customers.csv | Size: 156 bytes
2026-10-07 12:07:16,464 | INFO | Input file: D:\airflow_etl\raw\customers\2026-05-19\customers.csv | Size: 152 bytes
2026-10-07 12:07:16,464 | INFO | Input file: D:\airflow_etl\raw\customers\2026-05-20\customers.csv | Size: 152 bytes
2026-10-07 12:07:16,464 | INFO | Input file: D:\airflow_etl\raw\customers\2026-05-22\customers.csv | Size: 238 bytes
2026-10-07 12:07:16,464 | INFO | Input file: D:\airflow_etl\raw\customers\2026-05-23\customers.csv | Size: 154 bytes
2026-10-07 12:07:16,464 | INFO | Input file: D:\airflow_etl\raw\customers\2026-05-25\customers.csv | Size: 158 bytes
2026-10-07 12:07:16,464 | INFO | Input file: D:\airflow_etl\raw\customers\2026-06-06\customers.csv | Size: 238 bytes
2026-10-07 12:07:16,464 | INFO | Input file: D:\airflow_etl\raw\customers\2026-06-09\customers.csv | Size: 154 bytes
2026-10-07 12:07:16,465 | INFO | Input file: D:\airflow_etl\raw\customers\2026-06-10\customers.csv | Size: 154 bytes
2026-10-07 12:07:16,465 | INFO | Input file: D:\airflow_etl\raw\customers\2026-06-11\customers.csv | Size: 149 bytes
2026-10-07 12:07:16,465 | INFO | Input file: D:\airflow_etl\raw\customers\2026-06-12\customers.csv | Size: 231 bytes
2026-10-07 12:07:16,465 | INFO | Input file: D:\airflow_etl\raw\customers\2026-06-15\customers.csv | Size: 234 bytes
2026-10-07 12:07:16,465 | INFO | Input file: D:\airflow_etl\raw\customers\2026-06-20\customers.csv | Size: 152 bytes
2026-10-07 12:07:16,465 | INFO | Input file: D:\airflow_etl\raw\customers\2026-06-21\customers.csv | Size: 155 bytes
2026-10-07 12:07:16,465 | INFO | Input file: D:\airflow_etl\raw\customers\2026-06-22\customers.csv | Size: 235 bytes
2026-10-07 12:07:16,466 | INFO | Input file: D:\airflow_etl\raw\customers\2026-06-23\customers.csv | Size: 237 bytes
2026-10-07 12:07:16,466 | INFO | Input file: D:\airflow_etl\raw\customers\2026-06-26\customers.csv | Size: 244 bytes
2026-10-07 12:07:16,466 | INFO | Input file: D:\airflow_etl\raw\customers\2026-06-27\customers.csv | Size: 150 bytes
2026-10-07 12:07:16,466 | INFO | Input file: D:\airflow_etl\raw\customers\2026-06-29\customers.csv | Size: 311 bytes
2026-10-07 12:07:16,466 | INFO | Input file: D:\airflow_etl\raw\customers\2026-07-07\customers.csv | Size: 154 bytes
2026-10-07 12:07:16,466 | INFO | Input file: D:\airflow_etl\raw\customers\2026-07-10\customers.csv | Size: 157 bytes
2026-10-07 12:07:16,466 | INFO | Input file: D:\airflow_etl\raw\customers\2026-07-11\customers.csv | Size: 157 bytes
2026-10-07 12:07:16,466 | INFO | Input file: D:\airflow_etl\raw\customers\2026-07-12\customers.csv | Size: 156 bytes
2026-10-07 12:07:16,466 | INFO | Input file: D:\airflow_etl\raw\customers\2026-07-20\customers.csv | Size: 151 bytes
2026-10-07 12:07:16,467 | INFO | Input file: D:\airflow_etl\raw\customers\2026-07-22\customers.csv | Size: 152 bytes
2026-10-07 12:07:16,467 | INFO | Input file: D:\airflow_etl\raw\customers\2026-07-23\customers.csv | Size: 152 bytes
2026-10-07 12:07:16,467 | INFO | Input file: D:\airflow_etl\raw\customers\2026-07-24\customers.csv | Size: 157 bytes
2026-10-07 12:07:16,467 | INFO | Input file: D:\airflow_etl\raw\customers\2026-07-26\customers.csv | Size: 151 bytes
2026-10-07 12:07:16,467 | INFO | Input file: D:\airflow_etl\raw\customers\2026-07-28\customers.csv | Size: 154 bytes
2026-10-07 12:07:16,467 | INFO | Input file: D:\airflow_etl\raw\customers\2026-07-31\customers.csv | Size: 236 bytes
2026-10-07 12:07:16,467 | INFO | Input file: D:\airflow_etl\raw\customers\2026-08-02\customers.csv | Size: 231 bytes
2026-10-07 12:07:16,467 | INFO | Input file: D:\airflow_etl\raw\customers\2026-08-03\customers.csv | Size: 159 bytes
2026-10-07 12:07:16,467 | INFO | Input file: D:\airflow_etl\raw\customers\2026-08-04\customers.csv | Size: 410 bytes
2026-10-07 12:07:16,467 | INFO | Input file: D:\airflow_etl\raw\customers\2026-08-05\customers.csv | Size: 155 bytes
2026-10-07 12:07:16,467 | INFO | Input file: D:\airflow_etl\raw\customers\2026-08-06\customers.csv | Size: 157 bytes
2026-10-07 12:07:16,468 | INFO | Input file: D:\airflow_etl\raw\customers\2026-08-10\customers.csv | Size: 150 bytes
2026-10-07 12:07:16,468 | INFO | Input file: D:\airflow_etl\raw\customers\2026-08-11\customers.csv | Size: 167 bytes
2026-10-07 12:07:16,468 | INFO | Input file: D:\airflow_etl\raw\customers\2026-08-12\customers.csv | Size: 151 bytes
2026-10-07 12:07:16,468 | INFO | Input file: D:\airflow_etl\raw\customers\2026-08-14\customers.csv | Size: 156 bytes
2026-10-07 12:07:16,468 | INFO | Input file: D:\airflow_etl\raw\customers\2026-08-16\customers.csv | Size: 155 bytes
2026-10-07 12:07:16,468 | INFO | Input file: D:\airflow_etl\raw\customers\2026-08-19\customers.csv | Size: 235 bytes
2026-10-07 12:07:16,468 | INFO | Input file: D:\airflow_etl\raw\customers\2026-08-21\customers.csv | Size: 144 bytes
2026-10-07 12:07:16,468 | INFO | Input file: D:\airflow_etl\raw\customers\2026-08-22\customers.csv | Size: 155 bytes
2026-10-07 12:07:16,468 | INFO | Input file: D:\airflow_etl\raw\customers\2026-08-23\customers.csv | Size: 240 bytes
2026-10-07 12:07:16,469 | INFO | Input file: D:\airflow_etl\raw\customers\2026-08-26\customers.csv | Size: 155 bytes
2026-10-07 12:07:16,469 | INFO | Input file: D:\airflow_etl\raw\customers\2026-08-27\customers.csv | Size: 157 bytes
2026-10-07 12:07:16,469 | INFO | Input file: D:\airflow_etl\raw\customers\2026-08-28\customers.csv | Size: 146 bytes
2026-10-07 12:07:16,469 | INFO | Input file: D:\airflow_etl\raw\customers\2026-08-29\customers.csv | Size: 146 bytes
2026-10-07 12:07:16,470 | INFO | Input file check completed.
2026-10-07 12:07:16,470 | INFO | 
2026-10-07 12:07:16,470 | INFO | ================================================================================
2026-10-07 12:07:16,471 | INFO | STARTING TASK: EXTRACT RAW DATA
2026-10-07 12:07:16,471 | INFO | ================================================================================
2026-10-07 12:07:16,472 | ERROR | 
2026-10-07 12:07:16,472 | ERROR | ================================================================================
2026-10-07 12:07:16,472 | ERROR | PIPELINE FAILURE
2026-10-07 12:07:16,472 | ERROR | ================================================================================
2026-10-07 12:07:16,472 | ERROR | Failed Task: End-to-End Pipeline
2026-10-07 12:07:16,473 | ERROR | Error: Python script not found: D:\airflow_etl\src\extract_data_from_raw_pandas.py
2026-10-07 12:07:16,473 | ERROR | Log file: D:\airflow_etl\logs\pipeline_20261007_120715.log
2026-10-07 12:07:16,473 | ERROR | ================================================================================
