2026-10-08 12:02:53,249 | INFO | 
2026-10-08 12:02:53,249 | INFO | ################################################################################
2026-10-08 12:02:53,250 | INFO | LOCAL RETAIL DATA PIPELINE STARTED
2026-10-08 12:02:53,250 | INFO | ################################################################################
2026-10-08 12:02:53,250 | INFO | Start time: 2026-10-08 12:02:53.249344
2026-10-08 12:02:53,250 | INFO | ================================================================================
2026-10-08 12:02:53,250 | INFO | VALIDATING PROJECT CONFIGURATION
2026-10-08 12:02:53,251 | INFO | ================================================================================
2026-10-08 12:02:53,251 | INFO | Project root: D:\airflow_etl
2026-10-08 12:02:53,251 | INFO | Python executable: D:\airflow_etl\.venv\Scripts\python.exe
2026-10-08 12:02:53,251 | INFO | Raw folder: D:\airflow_etl\raw
2026-10-08 12:02:53,252 | INFO | Configuration validation completed.
2026-10-08 12:02:53,252 | INFO | ================================================================================
2026-10-08 12:02:53,252 | INFO | CHECKING RAW FOLDER FOR CSV FILES
2026-10-08 12:02:53,252 | INFO | ================================================================================
2026-10-08 12:02:53,398 | INFO | Found 1979 CSV file(s).
2026-10-08 12:02:53,398 | INFO | Input file: D:\airflow_etl\raw\products\products - Copy.csv | Size: 11101 bytes
2026-10-08 12:02:53,398 | INFO | Input file: D:\airflow_etl\raw\products\products.csv | Size: 11101 bytes
2026-10-08 12:02:53,399 | INFO | Input file: D:\airflow_etl\raw\orders_enriched\2025-01-01\orders_enriched.csv | Size: 13786 bytes
2026-10-08 12:02:53,399 | INFO | Input file: D:\airflow_etl\raw\orders_enriched\2025-01-02\orders_enriched.csv | Size: 13501 bytes
2026-10-08 12:02:53,399 | INFO | Input file: D:\airflow_etl\raw\orders_enriched\2025-01-03\orders_enriched.csv | Size: 17448 bytes
2026-10-08 12:02:53,399 | INFO | Input file: D:\airflow_etl\raw\orders_enriched\2025-01-04\orders_enriched.csv | Size: 11655 bytes
2026-10-08 12:02:53,399 | INFO | Input file: D:\airflow_etl\raw\orders_enriched\2025-01-05\orders_enriched.csv | Size: 16830 bytes
2026-10-08 12:02:53,399 | INFO | Input file: D:\airflow_etl\raw\orders_enriched\2025-01-06\orders_enriched.csv | Size: 14390 bytes
2026-10-08 12:02:53,399 | INFO | Input file: D:\airflow_etl\raw\orders_enriched\2025-01-07\orders_enriched.csv | Size: 13691 bytes
2026-10-08 12:02:53,400 | INFO | Input file: D:\airflow_etl\raw\orders_enriched\2025-01-08\orders_enriched.csv | Size: 14940 bytes
2026-10-08 12:02:53,400 | INFO | Input file: D:\airflow_etl\raw\orders_enriched\2025-01-09\orders_enriched.csv | Size: 13354 bytes
2026-10-08 12:02:53,400 | INFO | Input file: D:\airflow_etl\raw\orders_enriched\2025-01-10\orders_enriched.csv | Size: 15030 bytes
2026-10-08 12:02:53,400 | INFO | Input file: D:\airflow_etl\raw\orders_enriched\2025-01-11\orders_enriched.csv | Size: 12811 bytes
2026-10-08 12:02:53,400 | INFO | Input file: D:\airflow_etl\raw\orders_enriched\2025-01-12\orders_enriched.csv | Size: 14378 bytes
2026-10-08 12:02:53,400 | INFO | Input file: D:\airflow_etl\raw\orders_enriched\2025-01-13\orders_enriched.csv | Size: 15267 bytes
2026-10-08 12:02:53,401 | INFO | Input file: D:\airflow_etl\raw\orders_enriched\2025-01-14\orders_enriched.csv | Size: 14572 bytes
2026-10-08 12:02:53,401 | INFO | Input file: D:\airflow_etl\raw\orders_enriched\2025-01-15\orders_enriched.csv | Size: 16592 bytes
2026-10-08 12:02:53,401 | INFO | Input file: D:\airflow_etl\raw\orders_enriched\2025-01-16\orders_enriched.csv | Size: 15301 bytes
2026-10-08 12:02:53,401 | INFO | Input file: D:\airflow_etl\raw\orders_enriched\2025-01-17\orders_enriched.csv | Size: 13574 bytes
2026-10-08 12:02:53,401 | INFO | Input file: D:\airflow_etl\raw\orders_enriched\2025-01-18\orders_enriched.csv | Size: 12238 bytes
2026-10-08 12:02:53,401 | INFO | Input file: D:\airflow_etl\raw\orders_enriched\2025-01-19\orders_enriched.csv | Size: 13027 bytes
2026-10-08 12:02:53,402 | INFO | Input file: D:\airflow_etl\raw\orders_enriched\2025-01-20\orders_enriched.csv | Size: 16854 bytes
2026-10-08 12:02:53,402 | INFO | Input file: D:\airflow_etl\raw\orders_enriched\2025-01-21\orders_enriched.csv | Size: 15508 bytes
2026-10-08 12:02:53,402 | INFO | Input file: D:\airflow_etl\raw\orders_enriched\2025-01-22\orders_enriched.csv | Size: 16822 bytes
2026-10-08 12:02:53,402 | INFO | Input file: D:\airflow_etl\raw\orders_enriched\2025-01-23\orders_enriched.csv | Size: 12160 bytes
2026-10-08 12:02:53,402 | INFO | Input file: D:\airflow_etl\raw\orders_enriched\2025-01-24\orders_enriched.csv | Size: 13122 bytes
2026-10-08 12:02:53,402 | INFO | Input file: D:\airflow_etl\raw\orders_enriched\2025-01-25\orders_enriched.csv | Size: 13116 bytes
2026-10-08 12:02:53,403 | INFO | Input file: D:\airflow_etl\raw\orders_enriched\2025-01-26\orders_enriched.csv | Size: 17419 bytes
2026-10-08 12:02:53,403 | INFO | Input file: D:\airflow_etl\raw\orders_enriched\2025-01-27\orders_enriched.csv | Size: 17597 bytes
2026-10-08 12:02:53,403 | INFO | Input file: D:\airflow_etl\raw\orders_enriched\2025-01-28\orders_enriched.csv | Size: 16589 bytes
2026-10-08 12:02:53,403 | INFO | Input file: D:\airflow_etl\raw\orders_enriched\2025-01-29\orders_enriched.csv | Size: 15788 bytes
2026-10-08 12:02:53,404 | INFO | Input file: D:\airflow_etl\raw\orders_enriched\2025-01-30\orders_enriched.csv | Size: 13425 bytes
2026-10-08 12:02:53,404 | INFO | Input file: D:\airflow_etl\raw\orders_enriched\2025-01-31\orders_enriched.csv | Size: 17065 bytes
2026-10-08 12:02:53,404 | INFO | Input file: D:\airflow_etl\raw\orders_enriched\2025-02-01\orders_enriched.csv | Size: 15642 bytes
2026-10-08 12:02:53,404 | INFO | Input file: D:\airflow_etl\raw\orders_enriched\2025-02-02\orders_enriched.csv | Size: 15101 bytes
2026-10-08 12:02:53,404 | INFO | Input file: D:\airflow_etl\raw\orders_enriched\2025-02-03\orders_enriched.csv | Size: 12507 bytes
2026-10-08 12:02:53,405 | INFO | Input file: D:\airflow_etl\raw\orders_enriched\2025-02-04\orders_enriched.csv | Size: 13954 bytes
2026-10-08 12:02:53,405 | INFO | Input file: D:\airflow_etl\raw\orders_enriched\2025-02-05\orders_enriched.csv | Size: 15101 bytes
2026-10-08 12:02:53,405 | INFO | Input file: D:\airflow_etl\raw\orders_enriched\2025-02-06\orders_enriched.csv | Size: 14754 bytes
2026-10-08 12:02:53,405 | INFO | Input file: D:\airflow_etl\raw\orders_enriched\2025-02-07\orders_enriched.csv | Size: 11876 bytes
2026-10-08 12:02:53,405 | INFO | Input file: D:\airflow_etl\raw\orders_enriched\2025-02-08\orders_enriched.csv | Size: 15885 bytes
2026-10-08 12:02:53,406 | INFO | Input file: D:\airflow_etl\raw\orders_enriched\2025-02-09\orders_enriched.csv | Size: 13845 bytes
2026-10-08 12:02:53,406 | INFO | Input file: D:\airflow_etl\raw\orders_enriched\2025-02-10\orders_enriched.csv | Size: 14645 bytes
2026-10-08 12:02:53,406 | INFO | Input file: D:\airflow_etl\raw\orders_enriched\2025-02-11\orders_enriched.csv | Size: 15927 bytes
2026-10-08 12:02:53,406 | INFO | Input file: D:\airflow_etl\raw\orders_enriched\2025-02-12\orders_enriched.csv | Size: 15965 bytes
2026-10-08 12:02:53,406 | INFO | Input file: D:\airflow_etl\raw\orders_enriched\2025-02-13\orders_enriched.csv | Size: 14014 bytes
2026-10-08 12:02:53,407 | INFO | Input file: D:\airflow_etl\raw\orders_enriched\2025-02-14\orders_enriched.csv | Size: 16695 bytes
2026-10-08 12:02:53,407 | INFO | Input file: D:\airflow_etl\raw\orders_enriched\2025-02-15\orders_enriched.csv | Size: 16256 bytes
2026-10-08 12:02:53,407 | INFO | Input file: D:\airflow_etl\raw\orders_enriched\2025-02-16\orders_enriched.csv | Size: 13860 bytes
2026-10-08 12:02:53,408 | INFO | Input file: D:\airflow_etl\raw\orders_enriched\2025-02-17\orders_enriched.csv | Size: 17468 bytes
2026-10-08 12:02:53,408 | INFO | Input file: D:\airflow_etl\raw\orders_enriched\2025-02-18\orders_enriched.csv | Size: 15674 bytes
2026-10-08 12:02:53,409 | INFO | Input file: D:\airflow_etl\raw\orders_enriched\2025-02-19\orders_enriched.csv | Size: 15239 bytes
2026-10-08 12:02:53,409 | INFO | Input file: D:\airflow_etl\raw\orders_enriched\2025-02-20\orders_enriched.csv | Size: 15099 bytes
2026-10-08 12:02:53,409 | INFO | Input file: D:\airflow_etl\raw\orders_enriched\2025-02-21\orders_enriched.csv | Size: 13393 bytes
2026-10-08 12:02:53,409 | INFO | Input file: D:\airflow_etl\raw\orders_enriched\2025-02-22\orders_enriched.csv | Size: 14369 bytes
2026-10-08 12:02:53,410 | INFO | Input file: D:\airflow_etl\raw\orders_enriched\2025-02-23\orders_enriched.csv | Size: 16277 bytes
2026-10-08 12:02:53,410 | INFO | Input file: D:\airflow_etl\raw\orders_enriched\2025-02-24\orders_enriched.csv | Size: 16224 bytes
2026-10-08 12:02:53,410 | INFO | Input file: D:\airflow_etl\raw\orders_enriched\2025-02-25\orders_enriched.csv | Size: 14404 bytes
2026-10-08 12:02:53,410 | INFO | Input file: D:\airflow_etl\raw\orders_enriched\2025-02-26\orders_enriched.csv | Size: 14604 bytes
2026-10-08 12:02:53,411 | INFO | Input file: D:\airflow_etl\raw\orders_enriched\2025-02-27\orders_enriched.csv | Size: 11230 bytes
2026-10-08 12:02:53,411 | INFO | Input file: D:\airflow_etl\raw\orders_enriched\2025-02-28\orders_enriched.csv | Size: 16856 bytes
2026-10-08 12:02:53,411 | INFO | Input file: D:\airflow_etl\raw\orders_enriched\2025-03-01\orders_enriched.csv | Size: 16346 bytes
2026-10-08 12:02:53,411 | INFO | Input file: D:\airflow_etl\raw\orders_enriched\2025-03-02\orders_enriched.csv | Size: 13771 bytes
2026-10-08 12:02:53,411 | INFO | Input file: D:\airflow_etl\raw\orders_enriched\2025-03-03\orders_enriched.csv | Size: 13900 bytes
2026-10-08 12:02:53,412 | INFO | Input file: D:\airflow_etl\raw\orders_enriched\2025-03-04\orders_enriched.csv | Size: 15922 bytes
2026-10-08 12:02:53,412 | INFO | Input file: D:\airflow_etl\raw\orders_enriched\2025-03-05\orders_enriched.csv | Size: 14645 bytes
2026-10-08 12:02:53,412 | INFO | Input file: D:\airflow_etl\raw\orders_enriched\2025-03-06\orders_enriched.csv | Size: 16415 bytes
2026-10-08 12:02:53,413 | INFO | Input file: D:\airflow_etl\raw\orders_enriched\2025-03-07\orders_enriched.csv | Size: 17459 bytes
2026-10-08 12:02:53,414 | INFO | Input file: D:\airflow_etl\raw\orders_enriched\2025-03-08\orders_enriched.csv | Size: 14791 bytes
2026-10-08 12:02:53,415 | INFO | Input file: D:\airflow_etl\raw\orders_enriched\2025-03-09\orders_enriched.csv | Size: 14269 bytes
2026-10-08 12:02:53,416 | INFO | Input file: D:\airflow_etl\raw\orders_enriched\2025-03-10\orders_enriched.csv | Size: 15148 bytes
2026-10-08 12:02:53,416 | INFO | Input file: D:\airflow_etl\raw\orders_enriched\2025-03-11\orders_enriched.csv | Size: 15833 bytes
2026-10-08 12:02:53,417 | INFO | Input file: D:\airflow_etl\raw\orders_enriched\2025-03-12\orders_enriched.csv | Size: 14338 bytes
2026-10-08 12:02:53,417 | INFO | Input file: D:\airflow_etl\raw\orders_enriched\2025-03-13\orders_enriched.csv | Size: 13784 bytes
2026-10-08 12:02:53,417 | INFO | Input file: D:\airflow_etl\raw\orders_enriched\2025-03-14\orders_enriched.csv | Size: 12494 bytes
2026-10-08 12:02:53,417 | INFO | Input file: D:\airflow_etl\raw\orders_enriched\2025-03-15\orders_enriched.csv | Size: 15077 bytes
2026-10-08 12:02:53,417 | INFO | Input file: D:\airflow_etl\raw\orders_enriched\2025-03-16\orders_enriched.csv | Size: 15875 bytes
2026-10-08 12:02:53,418 | INFO | Input file: D:\airflow_etl\raw\orders_enriched\2025-03-17\orders_enriched.csv | Size: 16669 bytes
2026-10-08 12:02:53,418 | INFO | Input file: D:\airflow_etl\raw\orders_enriched\2025-03-18\orders_enriched.csv | Size: 16735 bytes
2026-10-08 12:02:53,418 | INFO | Input file: D:\airflow_etl\raw\orders_enriched\2025-03-19\orders_enriched.csv | Size: 14997 bytes
2026-10-08 12:02:53,418 | INFO | Input file: D:\airflow_etl\raw\orders_enriched\2025-03-20\orders_enriched.csv | Size: 15420 bytes
2026-10-08 12:02:53,418 | INFO | Input file: D:\airflow_etl\raw\orders_enriched\2025-03-21\orders_enriched.csv | Size: 13233 bytes
2026-10-08 12:02:53,419 | INFO | Input file: D:\airflow_etl\raw\orders_enriched\2025-03-22\orders_enriched.csv | Size: 15364 bytes
2026-10-08 12:02:53,419 | INFO | Input file: D:\airflow_etl\raw\orders_enriched\2025-03-23\orders_enriched.csv | Size: 15438 bytes
2026-10-08 12:02:53,419 | INFO | Input file: D:\airflow_etl\raw\orders_enriched\2025-03-24\orders_enriched.csv | Size: 15852 bytes
2026-10-08 12:02:53,419 | INFO | Input file: D:\airflow_etl\raw\orders_enriched\2025-03-25\orders_enriched.csv | Size: 11813 bytes
2026-10-08 12:02:53,420 | INFO | Input file: D:\airflow_etl\raw\orders_enriched\2025-03-26\orders_enriched.csv | Size: 19056 bytes
2026-10-08 12:02:53,421 | INFO | Input file: D:\airflow_etl\raw\orders_enriched\2025-03-27\orders_enriched.csv | Size: 12999 bytes
2026-10-08 12:02:53,421 | INFO | Input file: D:\airflow_etl\raw\orders_enriched\2025-03-28\orders_enriched.csv | Size: 13913 bytes
2026-10-08 12:02:53,422 | INFO | Input file: D:\airflow_etl\raw\orders_enriched\2025-03-29\orders_enriched.csv | Size: 12534 bytes
2026-10-08 12:02:53,422 | INFO | Input file: D:\airflow_etl\raw\orders_enriched\2025-03-30\orders_enriched.csv | Size: 17489 bytes
2026-10-08 12:02:53,423 | INFO | Input file: D:\airflow_etl\raw\orders_enriched\2025-03-31\orders_enriched.csv | Size: 13973 bytes
2026-10-08 12:02:53,423 | INFO | Input file: D:\airflow_etl\raw\orders_enriched\2025-04-01\orders_enriched.csv | Size: 14717 bytes
2026-10-08 12:02:53,423 | INFO | Input file: D:\airflow_etl\raw\orders_enriched\2025-04-02\orders_enriched.csv | Size: 14322 bytes
2026-10-08 12:02:53,423 | INFO | Input file: D:\airflow_etl\raw\orders_enriched\2025-04-03\orders_enriched.csv | Size: 13645 bytes
2026-10-08 12:02:53,424 | INFO | Input file: D:\airflow_etl\raw\orders_enriched\2025-04-04\orders_enriched.csv | Size: 18677 bytes
2026-10-08 12:02:53,424 | INFO | Input file: D:\airflow_etl\raw\orders_enriched\2025-04-05\orders_enriched.csv | Size: 15782 bytes
2026-10-08 12:02:53,424 | INFO | Input file: D:\airflow_etl\raw\orders_enriched\2025-04-06\orders_enriched.csv | Size: 14327 bytes
2026-10-08 12:02:53,424 | INFO | Input file: D:\airflow_etl\raw\orders_enriched\2025-04-07\orders_enriched.csv | Size: 13127 bytes
2026-10-08 12:02:53,425 | INFO | Input file: D:\airflow_etl\raw\orders_enriched\2025-04-08\orders_enriched.csv | Size: 15460 bytes
2026-10-08 12:02:53,425 | INFO | Input file: D:\airflow_etl\raw\orders_enriched\2025-04-09\orders_enriched.csv | Size: 17276 bytes
2026-10-08 12:02:53,425 | INFO | Input file: D:\airflow_etl\raw\orders_enriched\2025-04-10\orders_enriched.csv | Size: 14499 bytes
2026-10-08 12:02:53,425 | INFO | Input file: D:\airflow_etl\raw\orders_enriched\2025-04-11\orders_enriched.csv | Size: 16359 bytes
2026-10-08 12:02:53,425 | INFO | Input file: D:\airflow_etl\raw\orders_enriched\2025-04-12\orders_enriched.csv | Size: 14675 bytes
2026-10-08 12:02:53,426 | INFO | Input file: D:\airflow_etl\raw\orders_enriched\2025-04-13\orders_enriched.csv | Size: 15884 bytes
2026-10-08 12:02:53,426 | INFO | Input file: D:\airflow_etl\raw\orders_enriched\2025-04-14\orders_enriched.csv | Size: 13930 bytes
2026-10-08 12:02:53,426 | INFO | Input file: D:\airflow_etl\raw\orders_enriched\2025-04-15\orders_enriched.csv | Size: 12519 bytes
2026-10-08 12:02:53,426 | INFO | Input file: D:\airflow_etl\raw\orders_enriched\2025-04-16\orders_enriched.csv | Size: 13279 bytes
2026-10-08 12:02:53,427 | INFO | Input file: D:\airflow_etl\raw\orders_enriched\2025-04-17\orders_enriched.csv | Size: 15128 bytes
2026-10-08 12:02:53,427 | INFO | Input file: D:\airflow_etl\raw\orders_enriched\2025-04-18\orders_enriched.csv | Size: 15543 bytes
2026-10-08 12:02:53,427 | INFO | Input file: D:\airflow_etl\raw\orders_enriched\2025-04-19\orders_enriched.csv | Size: 13897 bytes
2026-10-08 12:02:53,427 | INFO | Input file: D:\airflow_etl\raw\orders_enriched\2025-04-20\orders_enriched.csv | Size: 15248 bytes
2026-10-08 12:02:53,428 | INFO | Input file: D:\airflow_etl\raw\orders_enriched\2025-04-21\orders_enriched.csv | Size: 18908 bytes
2026-10-08 12:02:53,428 | INFO | Input file: D:\airflow_etl\raw\orders_enriched\2025-04-22\orders_enriched.csv | Size: 15452 bytes
2026-10-08 12:02:53,428 | INFO | Input file: D:\airflow_etl\raw\orders_enriched\2025-04-23\orders_enriched.csv | Size: 11956 bytes
2026-10-08 12:02:53,428 | INFO | Input file: D:\airflow_etl\raw\orders_enriched\2025-04-24\orders_enriched.csv | Size: 14934 bytes
2026-10-08 12:02:53,428 | INFO | Input file: D:\airflow_etl\raw\orders_enriched\2025-04-25\orders_enriched.csv | Size: 15961 bytes
2026-10-08 12:02:53,429 | INFO | Input file: D:\airflow_etl\raw\orders_enriched\2025-04-26\orders_enriched.csv | Size: 14758 bytes
2026-10-08 12:02:53,429 | INFO | Input file: D:\airflow_etl\raw\orders_enriched\2025-04-27\orders_enriched.csv | Size: 14861 bytes
2026-10-08 12:02:53,430 | INFO | Input file: D:\airflow_etl\raw\orders_enriched\2025-04-28\orders_enriched.csv | Size: 13776 bytes
2026-10-08 12:02:53,431 | INFO | Input file: D:\airflow_etl\raw\orders_enriched\2025-04-29\orders_enriched.csv | Size: 17034 bytes
2026-10-08 12:02:53,431 | INFO | Input file: D:\airflow_etl\raw\orders_enriched\2025-04-30\orders_enriched.csv | Size: 17457 bytes
2026-10-08 12:02:53,432 | INFO | Input file: D:\airflow_etl\raw\orders_enriched\2025-05-01\orders_enriched.csv | Size: 18539 bytes
2026-10-08 12:02:53,432 | INFO | Input file: D:\airflow_etl\raw\orders_enriched\2025-05-02\orders_enriched.csv | Size: 13193 bytes
2026-10-08 12:02:53,433 | INFO | Input file: D:\airflow_etl\raw\orders_enriched\2025-05-03\orders_enriched.csv | Size: 15145 bytes
2026-10-08 12:02:53,433 | INFO | Input file: D:\airflow_etl\raw\orders_enriched\2025-05-04\orders_enriched.csv | Size: 14142 bytes
2026-10-08 12:02:53,433 | INFO | Input file: D:\airflow_etl\raw\orders_enriched\2025-05-05\orders_enriched.csv | Size: 13538 bytes
2026-10-08 12:02:53,433 | INFO | Input file: D:\airflow_etl\raw\orders_enriched\2025-05-06\orders_enriched.csv | Size: 17092 bytes
2026-10-08 12:02:53,434 | INFO | Input file: D:\airflow_etl\raw\orders_enriched\2025-05-07\orders_enriched.csv | Size: 14726 bytes
2026-10-08 12:02:53,434 | INFO | Input file: D:\airflow_etl\raw\orders_enriched\2025-05-08\orders_enriched.csv | Size: 14085 bytes
2026-10-08 12:02:53,435 | INFO | Input file: D:\airflow_etl\raw\orders_enriched\2025-05-09\orders_enriched.csv | Size: 17723 bytes
2026-10-08 12:02:53,435 | INFO | Input file: D:\airflow_etl\raw\orders_enriched\2025-05-10\orders_enriched.csv | Size: 15086 bytes
2026-10-08 12:02:53,436 | INFO | Input file: D:\airflow_etl\raw\orders_enriched\2025-05-11\orders_enriched.csv | Size: 15337 bytes
2026-10-08 12:02:53,436 | INFO | Input file: D:\airflow_etl\raw\orders_enriched\2025-05-12\orders_enriched.csv | Size: 12620 bytes
2026-10-08 12:02:53,436 | INFO | Input file: D:\airflow_etl\raw\orders_enriched\2025-05-13\orders_enriched.csv | Size: 16159 bytes
2026-10-08 12:02:53,436 | INFO | Input file: D:\airflow_etl\raw\orders_enriched\2025-05-14\orders_enriched.csv | Size: 14624 bytes
2026-10-08 12:02:53,437 | INFO | Input file: D:\airflow_etl\raw\orders_enriched\2025-05-15\orders_enriched.csv | Size: 17684 bytes
2026-10-08 12:02:53,437 | INFO | Input file: D:\airflow_etl\raw\orders_enriched\2025-05-16\orders_enriched.csv | Size: 12633 bytes
2026-10-08 12:02:53,437 | INFO | Input file: D:\airflow_etl\raw\orders_enriched\2025-05-17\orders_enriched.csv | Size: 16987 bytes
2026-10-08 12:02:53,437 | INFO | Input file: D:\airflow_etl\raw\orders_enriched\2025-05-18\orders_enriched.csv | Size: 15494 bytes
2026-10-08 12:02:53,437 | INFO | Input file: D:\airflow_etl\raw\orders_enriched\2025-05-19\orders_enriched.csv | Size: 9989 bytes
2026-10-08 12:02:53,437 | INFO | Input file: D:\airflow_etl\raw\orders_enriched\2025-05-20\orders_enriched.csv | Size: 16719 bytes
2026-10-08 12:02:53,438 | INFO | Input file: D:\airflow_etl\raw\orders_enriched\2025-05-21\orders_enriched.csv | Size: 15948 bytes
2026-10-08 12:02:53,438 | INFO | Input file: D:\airflow_etl\raw\orders_enriched\2025-05-22\orders_enriched.csv | Size: 14623 bytes
2026-10-08 12:02:53,438 | INFO | Input file: D:\airflow_etl\raw\orders_enriched\2025-05-23\orders_enriched.csv | Size: 14617 bytes
2026-10-08 12:02:53,439 | INFO | Input file: D:\airflow_etl\raw\orders_enriched\2025-05-24\orders_enriched.csv | Size: 17301 bytes
2026-10-08 12:02:53,439 | INFO | Input file: D:\airflow_etl\raw\orders_enriched\2025-05-25\orders_enriched.csv | Size: 14354 bytes
2026-10-08 12:02:53,439 | INFO | Input file: D:\airflow_etl\raw\orders_enriched\2025-05-26\orders_enriched.csv | Size: 15934 bytes
2026-10-08 12:02:53,439 | INFO | Input file: D:\airflow_etl\raw\orders_enriched\2025-05-27\orders_enriched.csv | Size: 14271 bytes
2026-10-08 12:02:53,439 | INFO | Input file: D:\airflow_etl\raw\orders_enriched\2025-05-28\orders_enriched.csv | Size: 15039 bytes
2026-10-08 12:02:53,440 | INFO | Input file: D:\airflow_etl\raw\orders_enriched\2025-05-29\orders_enriched.csv | Size: 17093 bytes
2026-10-08 12:02:53,440 | INFO | Input file: D:\airflow_etl\raw\orders_enriched\2025-05-30\orders_enriched.csv | Size: 13799 bytes
2026-10-08 12:02:53,440 | INFO | Input file: D:\airflow_etl\raw\orders_enriched\2025-05-31\orders_enriched.csv | Size: 15551 bytes
2026-10-08 12:02:53,440 | INFO | Input file: D:\airflow_etl\raw\orders_enriched\2025-06-01\orders_enriched.csv | Size: 16397 bytes
2026-10-08 12:02:53,440 | INFO | Input file: D:\airflow_etl\raw\orders_enriched\2025-06-02\orders_enriched.csv | Size: 17758 bytes
2026-10-08 12:02:53,440 | INFO | Input file: D:\airflow_etl\raw\orders_enriched\2025-06-03\orders_enriched.csv | Size: 16718 bytes
2026-10-08 12:02:53,441 | INFO | Input file: D:\airflow_etl\raw\orders_enriched\2025-06-04\orders_enriched.csv | Size: 13750 bytes
2026-10-08 12:02:53,441 | INFO | Input file: D:\airflow_etl\raw\orders_enriched\2025-06-05\orders_enriched.csv | Size: 14341 bytes
2026-10-08 12:02:53,441 | INFO | Input file: D:\airflow_etl\raw\orders_enriched\2025-06-06\orders_enriched.csv | Size: 14384 bytes
2026-10-08 12:02:53,441 | INFO | Input file: D:\airflow_etl\raw\orders_enriched\2025-06-07\orders_enriched.csv | Size: 15333 bytes
2026-10-08 12:02:53,441 | INFO | Input file: D:\airflow_etl\raw\orders_enriched\2025-06-08\orders_enriched.csv | Size: 14791 bytes
2026-10-08 12:02:53,441 | INFO | Input file: D:\airflow_etl\raw\orders_enriched\2025-06-09\orders_enriched.csv | Size: 12072 bytes
2026-10-08 12:02:53,442 | INFO | Input file: D:\airflow_etl\raw\orders_enriched\2025-06-10\orders_enriched.csv | Size: 18022 bytes
2026-10-08 12:02:53,442 | INFO | Input file: D:\airflow_etl\raw\orders_enriched\2025-06-11\orders_enriched.csv | Size: 15604 bytes
2026-10-08 12:02:53,442 | INFO | Input file: D:\airflow_etl\raw\orders_enriched\2025-06-12\orders_enriched.csv | Size: 13946 bytes
2026-10-08 12:02:53,442 | INFO | Input file: D:\airflow_etl\raw\orders_enriched\2025-06-13\orders_enriched.csv | Size: 13736 bytes
2026-10-08 12:02:53,442 | INFO | Input file: D:\airflow_etl\raw\orders_enriched\2025-06-14\orders_enriched.csv | Size: 20077 bytes
2026-10-08 12:02:53,442 | INFO | Input file: D:\airflow_etl\raw\orders_enriched\2025-06-15\orders_enriched.csv | Size: 16384 bytes
2026-10-08 12:02:53,443 | INFO | Input file: D:\airflow_etl\raw\orders_enriched\2025-06-16\orders_enriched.csv | Size: 14781 bytes
2026-10-08 12:02:53,443 | INFO | Input file: D:\airflow_etl\raw\orders_enriched\2025-06-17\orders_enriched.csv | Size: 17395 bytes
2026-10-08 12:02:53,443 | INFO | Input file: D:\airflow_etl\raw\orders_enriched\2025-06-18\orders_enriched.csv | Size: 15398 bytes
2026-10-08 12:02:53,443 | INFO | Input file: D:\airflow_etl\raw\orders_enriched\2025-06-19\orders_enriched.csv | Size: 15535 bytes
2026-10-08 12:02:53,443 | INFO | Input file: D:\airflow_etl\raw\orders_enriched\2025-06-20\orders_enriched.csv | Size: 15870 bytes
2026-10-08 12:02:53,443 | INFO | Input file: D:\airflow_etl\raw\orders_enriched\2025-06-21\orders_enriched.csv | Size: 14429 bytes
2026-10-08 12:02:53,444 | INFO | Input file: D:\airflow_etl\raw\orders_enriched\2025-06-22\orders_enriched.csv | Size: 13924 bytes
2026-10-08 12:02:53,444 | INFO | Input file: D:\airflow_etl\raw\orders_enriched\2025-06-23\orders_enriched.csv | Size: 16025 bytes
2026-10-08 12:02:53,444 | INFO | Input file: D:\airflow_etl\raw\orders_enriched\2025-06-24\orders_enriched.csv | Size: 17024 bytes
2026-10-08 12:02:53,444 | INFO | Input file: D:\airflow_etl\raw\orders_enriched\2025-06-25\orders_enriched.csv | Size: 16580 bytes
2026-10-08 12:02:53,444 | INFO | Input file: D:\airflow_etl\raw\orders_enriched\2025-06-26\orders_enriched.csv | Size: 14063 bytes
2026-10-08 12:02:53,444 | INFO | Input file: D:\airflow_etl\raw\orders_enriched\2025-06-27\orders_enriched.csv | Size: 15526 bytes
2026-10-08 12:02:53,445 | INFO | Input file: D:\airflow_etl\raw\orders_enriched\2025-06-28\orders_enriched.csv | Size: 15784 bytes
2026-10-08 12:02:53,445 | INFO | Input file: D:\airflow_etl\raw\orders_enriched\2025-06-29\orders_enriched.csv | Size: 14232 bytes
2026-10-08 12:02:53,445 | INFO | Input file: D:\airflow_etl\raw\orders_enriched\2025-06-30\orders_enriched.csv | Size: 13772 bytes
2026-10-08 12:02:53,445 | INFO | Input file: D:\airflow_etl\raw\orders_enriched\2025-07-01\orders_enriched.csv | Size: 17362 bytes
2026-10-08 12:02:53,445 | INFO | Input file: D:\airflow_etl\raw\orders_enriched\2025-07-02\orders_enriched.csv | Size: 14795 bytes
2026-10-08 12:02:53,445 | INFO | Input file: D:\airflow_etl\raw\orders_enriched\2025-07-03\orders_enriched.csv | Size: 15429 bytes
2026-10-08 12:02:53,446 | INFO | Input file: D:\airflow_etl\raw\orders_enriched\2025-07-04\orders_enriched.csv | Size: 15484 bytes
2026-10-08 12:02:53,446 | INFO | Input file: D:\airflow_etl\raw\orders_enriched\2025-07-05\orders_enriched.csv | Size: 18045 bytes
2026-10-08 12:02:53,447 | INFO | Input file: D:\airflow_etl\raw\orders_enriched\2025-07-06\orders_enriched.csv | Size: 14492 bytes
2026-10-08 12:02:53,447 | INFO | Input file: D:\airflow_etl\raw\orders_enriched\2025-07-07\orders_enriched.csv | Size: 15959 bytes
2026-10-08 12:02:53,448 | INFO | Input file: D:\airflow_etl\raw\orders_enriched\2025-07-08\orders_enriched.csv | Size: 13908 bytes
2026-10-08 12:02:53,448 | INFO | Input file: D:\airflow_etl\raw\orders_enriched\2025-07-09\orders_enriched.csv | Size: 15629 bytes
2026-10-08 12:02:53,448 | INFO | Input file: D:\airflow_etl\raw\orders_enriched\2025-07-10\orders_enriched.csv | Size: 15323 bytes
2026-10-08 12:02:53,448 | INFO | Input file: D:\airflow_etl\raw\orders_enriched\2025-07-11\orders_enriched.csv | Size: 14582 bytes
2026-10-08 12:02:53,449 | INFO | Input file: D:\airflow_etl\raw\orders_enriched\2025-07-12\orders_enriched.csv | Size: 13996 bytes
2026-10-08 12:02:53,449 | INFO | Input file: D:\airflow_etl\raw\orders_enriched\2025-07-13\orders_enriched.csv | Size: 18610 bytes
2026-10-08 12:02:53,449 | INFO | Input file: D:\airflow_etl\raw\orders_enriched\2025-07-14\orders_enriched.csv | Size: 13699 bytes
2026-10-08 12:02:53,450 | INFO | Input file: D:\airflow_etl\raw\orders_enriched\2025-07-15\orders_enriched.csv | Size: 14652 bytes
2026-10-08 12:02:53,450 | INFO | Input file: D:\airflow_etl\raw\orders_enriched\2025-07-16\orders_enriched.csv | Size: 15819 bytes
2026-10-08 12:02:53,450 | INFO | Input file: D:\airflow_etl\raw\orders_enriched\2025-07-17\orders_enriched.csv | Size: 15363 bytes
2026-10-08 12:02:53,450 | INFO | Input file: D:\airflow_etl\raw\orders_enriched\2025-07-18\orders_enriched.csv | Size: 12515 bytes
2026-10-08 12:02:53,450 | INFO | Input file: D:\airflow_etl\raw\orders_enriched\2025-07-19\orders_enriched.csv | Size: 14413 bytes
2026-10-08 12:02:53,451 | INFO | Input file: D:\airflow_etl\raw\orders_enriched\2025-07-20\orders_enriched.csv | Size: 16964 bytes
2026-10-08 12:02:53,451 | INFO | Input file: D:\airflow_etl\raw\orders_enriched\2025-07-21\orders_enriched.csv | Size: 14900 bytes
2026-10-08 12:02:53,451 | INFO | Input file: D:\airflow_etl\raw\orders_enriched\2025-07-22\orders_enriched.csv | Size: 12954 bytes
2026-10-08 12:02:53,451 | INFO | Input file: D:\airflow_etl\raw\orders_enriched\2025-07-23\orders_enriched.csv | Size: 15244 bytes
2026-10-08 12:02:53,451 | INFO | Input file: D:\airflow_etl\raw\orders_enriched\2025-07-24\orders_enriched.csv | Size: 15063 bytes
2026-10-08 12:02:53,451 | INFO | Input file: D:\airflow_etl\raw\orders_enriched\2025-07-25\orders_enriched.csv | Size: 15003 bytes
2026-10-08 12:02:53,452 | INFO | Input file: D:\airflow_etl\raw\orders_enriched\2025-07-26\orders_enriched.csv | Size: 12759 bytes
2026-10-08 12:02:53,452 | INFO | Input file: D:\airflow_etl\raw\orders_enriched\2025-07-27\orders_enriched.csv | Size: 15280 bytes
2026-10-08 12:02:53,452 | INFO | Input file: D:\airflow_etl\raw\orders_enriched\2025-07-28\orders_enriched.csv | Size: 16102 bytes
2026-10-08 12:02:53,452 | INFO | Input file: D:\airflow_etl\raw\orders_enriched\2025-07-29\orders_enriched.csv | Size: 13625 bytes
2026-10-08 12:02:53,452 | INFO | Input file: D:\airflow_etl\raw\orders_enriched\2025-07-30\orders_enriched.csv | Size: 11724 bytes
2026-10-08 12:02:53,452 | INFO | Input file: D:\airflow_etl\raw\orders_enriched\2025-07-31\orders_enriched.csv | Size: 16045 bytes
2026-10-08 12:02:53,453 | INFO | Input file: D:\airflow_etl\raw\orders_enriched\2025-08-01\orders_enriched.csv | Size: 17642 bytes
2026-10-08 12:02:53,453 | INFO | Input file: D:\airflow_etl\raw\orders_enriched\2025-08-02\orders_enriched.csv | Size: 14433 bytes
2026-10-08 12:02:53,453 | INFO | Input file: D:\airflow_etl\raw\orders_enriched\2025-08-03\orders_enriched.csv | Size: 13122 bytes
2026-10-08 12:02:53,453 | INFO | Input file: D:\airflow_etl\raw\orders_enriched\2025-08-04\orders_enriched.csv | Size: 16124 bytes
2026-10-08 12:02:53,453 | INFO | Input file: D:\airflow_etl\raw\orders_enriched\2025-08-05\orders_enriched.csv | Size: 17280 bytes
2026-10-08 12:02:53,454 | INFO | Input file: D:\airflow_etl\raw\orders_enriched\2025-08-06\orders_enriched.csv | Size: 16887 bytes
2026-10-08 12:02:53,454 | INFO | Input file: D:\airflow_etl\raw\orders_enriched\2025-08-07\orders_enriched.csv | Size: 15524 bytes
2026-10-08 12:02:53,454 | INFO | Input file: D:\airflow_etl\raw\orders_enriched\2025-08-08\orders_enriched.csv | Size: 19196 bytes
2026-10-08 12:02:53,454 | INFO | Input file: D:\airflow_etl\raw\orders_enriched\2025-08-09\orders_enriched.csv | Size: 18022 bytes
2026-10-08 12:02:53,454 | INFO | Input file: D:\airflow_etl\raw\orders_enriched\2025-08-10\orders_enriched.csv | Size: 15584 bytes
2026-10-08 12:02:53,454 | INFO | Input file: D:\airflow_etl\raw\orders_enriched\2025-08-11\orders_enriched.csv | Size: 16805 bytes
2026-10-08 12:02:53,454 | INFO | Input file: D:\airflow_etl\raw\orders_enriched\2025-08-12\orders_enriched.csv | Size: 14594 bytes
2026-10-08 12:02:53,455 | INFO | Input file: D:\airflow_etl\raw\orders_enriched\2025-08-13\orders_enriched.csv | Size: 14361 bytes
2026-10-08 12:02:53,455 | INFO | Input file: D:\airflow_etl\raw\orders_enriched\2025-08-14\orders_enriched.csv | Size: 14121 bytes
2026-10-08 12:02:53,455 | INFO | Input file: D:\airflow_etl\raw\orders_enriched\2025-08-15\orders_enriched.csv | Size: 13323 bytes
2026-10-08 12:02:53,455 | INFO | Input file: D:\airflow_etl\raw\orders_enriched\2025-08-16\orders_enriched.csv | Size: 17112 bytes
2026-10-08 12:02:53,455 | INFO | Input file: D:\airflow_etl\raw\orders_enriched\2025-08-17\orders_enriched.csv | Size: 14053 bytes
2026-10-08 12:02:53,455 | INFO | Input file: D:\airflow_etl\raw\orders_enriched\2025-08-18\orders_enriched.csv | Size: 13974 bytes
2026-10-08 12:02:53,455 | INFO | Input file: D:\airflow_etl\raw\orders_enriched\2025-08-19\orders_enriched.csv | Size: 16667 bytes
2026-10-08 12:02:53,455 | INFO | Input file: D:\airflow_etl\raw\orders_enriched\2025-08-20\orders_enriched.csv | Size: 17191 bytes
2026-10-08 12:02:53,456 | INFO | Input file: D:\airflow_etl\raw\orders_enriched\2025-08-21\orders_enriched.csv | Size: 15102 bytes
2026-10-08 12:02:53,456 | INFO | Input file: D:\airflow_etl\raw\orders_enriched\2025-08-22\orders_enriched.csv | Size: 14204 bytes
2026-10-08 12:02:53,456 | INFO | Input file: D:\airflow_etl\raw\orders_enriched\2025-08-23\orders_enriched.csv | Size: 13345 bytes
2026-10-08 12:02:53,456 | INFO | Input file: D:\airflow_etl\raw\orders_enriched\2025-08-24\orders_enriched.csv | Size: 13563 bytes
2026-10-08 12:02:53,456 | INFO | Input file: D:\airflow_etl\raw\orders_enriched\2025-08-25\orders_enriched.csv | Size: 16790 bytes
2026-10-08 12:02:53,456 | INFO | Input file: D:\airflow_etl\raw\orders_enriched\2025-08-26\orders_enriched.csv | Size: 14418 bytes
2026-10-08 12:02:53,457 | INFO | Input file: D:\airflow_etl\raw\orders_enriched\2025-08-27\orders_enriched.csv | Size: 13646 bytes
2026-10-08 12:02:53,457 | INFO | Input file: D:\airflow_etl\raw\orders_enriched\2025-08-28\orders_enriched.csv | Size: 14844 bytes
2026-10-08 12:02:53,457 | INFO | Input file: D:\airflow_etl\raw\orders_enriched\2025-08-29\orders_enriched.csv | Size: 16491 bytes
2026-10-08 12:02:53,457 | INFO | Input file: D:\airflow_etl\raw\orders_enriched\2025-08-30\orders_enriched.csv | Size: 15588 bytes
2026-10-08 12:02:53,457 | INFO | Input file: D:\airflow_etl\raw\orders_enriched\2025-08-31\orders_enriched.csv | Size: 17790 bytes
2026-10-08 12:02:53,457 | INFO | Input file: D:\airflow_etl\raw\orders_enriched\2025-09-01\orders_enriched.csv | Size: 14178 bytes
2026-10-08 12:02:53,458 | INFO | Input file: D:\airflow_etl\raw\orders_enriched\2025-09-02\orders_enriched.csv | Size: 15276 bytes
2026-10-08 12:02:53,458 | INFO | Input file: D:\airflow_etl\raw\orders_enriched\2025-09-03\orders_enriched.csv | Size: 16653 bytes
2026-10-08 12:02:53,458 | INFO | Input file: D:\airflow_etl\raw\orders_enriched\2025-09-04\orders_enriched.csv | Size: 17276 bytes
2026-10-08 12:02:53,459 | INFO | Input file: D:\airflow_etl\raw\orders_enriched\2025-09-05\orders_enriched.csv | Size: 17243 bytes
2026-10-08 12:02:53,459 | INFO | Input file: D:\airflow_etl\raw\orders_enriched\2025-09-06\orders_enriched.csv | Size: 13674 bytes
2026-10-08 12:02:53,460 | INFO | Input file: D:\airflow_etl\raw\orders_enriched\2025-09-07\orders_enriched.csv | Size: 15696 bytes
2026-10-08 12:02:53,460 | INFO | Input file: D:\airflow_etl\raw\orders_enriched\2025-09-08\orders_enriched.csv | Size: 14908 bytes
2026-10-08 12:02:53,460 | INFO | Input file: D:\airflow_etl\raw\orders_enriched\2025-09-09\orders_enriched.csv | Size: 13975 bytes
2026-10-08 12:02:53,461 | INFO | Input file: D:\airflow_etl\raw\orders_enriched\2025-09-10\orders_enriched.csv | Size: 16015 bytes
2026-10-08 12:02:53,461 | INFO | Input file: D:\airflow_etl\raw\orders_enriched\2025-09-11\orders_enriched.csv | Size: 13916 bytes
2026-10-08 12:02:53,461 | INFO | Input file: D:\airflow_etl\raw\orders_enriched\2025-09-12\orders_enriched.csv | Size: 17570 bytes
2026-10-08 12:02:53,461 | INFO | Input file: D:\airflow_etl\raw\orders_enriched\2025-09-13\orders_enriched.csv | Size: 16086 bytes
2026-10-08 12:02:53,461 | INFO | Input file: D:\airflow_etl\raw\orders_enriched\2025-09-14\orders_enriched.csv | Size: 18011 bytes
2026-10-08 12:02:53,462 | INFO | Input file: D:\airflow_etl\raw\orders_enriched\2025-09-15\orders_enriched.csv | Size: 12355 bytes
2026-10-08 12:02:53,462 | INFO | Input file: D:\airflow_etl\raw\orders_enriched\2025-09-16\orders_enriched.csv | Size: 16009 bytes
2026-10-08 12:02:53,462 | INFO | Input file: D:\airflow_etl\raw\orders_enriched\2025-09-17\orders_enriched.csv | Size: 13482 bytes
2026-10-08 12:02:53,462 | INFO | Input file: D:\airflow_etl\raw\orders_enriched\2025-09-18\orders_enriched.csv | Size: 14339 bytes
2026-10-08 12:02:53,462 | INFO | Input file: D:\airflow_etl\raw\orders_enriched\2025-09-19\orders_enriched.csv | Size: 14279 bytes
2026-10-08 12:02:53,463 | INFO | Input file: D:\airflow_etl\raw\orders_enriched\2025-09-20\orders_enriched.csv | Size: 19144 bytes
2026-10-08 12:02:53,463 | INFO | Input file: D:\airflow_etl\raw\orders_enriched\2025-09-21\orders_enriched.csv | Size: 14982 bytes
2026-10-08 12:02:53,463 | INFO | Input file: D:\airflow_etl\raw\orders_enriched\2025-09-22\orders_enriched.csv | Size: 16072 bytes
2026-10-08 12:02:53,463 | INFO | Input file: D:\airflow_etl\raw\orders_enriched\2025-09-23\orders_enriched.csv | Size: 17235 bytes
2026-10-08 12:02:53,463 | INFO | Input file: D:\airflow_etl\raw\orders_enriched\2025-09-24\orders_enriched.csv | Size: 15223 bytes
2026-10-08 12:02:53,464 | INFO | Input file: D:\airflow_etl\raw\orders_enriched\2025-09-25\orders_enriched.csv | Size: 14336 bytes
2026-10-08 12:02:53,464 | INFO | Input file: D:\airflow_etl\raw\orders_enriched\2025-09-26\orders_enriched.csv | Size: 17233 bytes
2026-10-08 12:02:53,464 | INFO | Input file: D:\airflow_etl\raw\orders_enriched\2025-09-27\orders_enriched.csv | Size: 13918 bytes
2026-10-08 12:02:53,464 | INFO | Input file: D:\airflow_etl\raw\orders_enriched\2025-09-28\orders_enriched.csv | Size: 15374 bytes
2026-10-08 12:02:53,464 | INFO | Input file: D:\airflow_etl\raw\orders_enriched\2025-09-29\orders_enriched.csv | Size: 15385 bytes
2026-10-08 12:02:53,464 | INFO | Input file: D:\airflow_etl\raw\orders_enriched\2025-09-30\orders_enriched.csv | Size: 13878 bytes
2026-10-08 12:02:53,465 | INFO | Input file: D:\airflow_etl\raw\orders_enriched\2025-10-01\orders_enriched.csv | Size: 16815 bytes
2026-10-08 12:02:53,465 | INFO | Input file: D:\airflow_etl\raw\orders_enriched\2025-10-02\orders_enriched.csv | Size: 13845 bytes
2026-10-08 12:02:53,465 | INFO | Input file: D:\airflow_etl\raw\orders_enriched\2025-10-03\orders_enriched.csv | Size: 17945 bytes
2026-10-08 12:02:53,465 | INFO | Input file: D:\airflow_etl\raw\orders_enriched\2025-10-04\orders_enriched.csv | Size: 13679 bytes
2026-10-08 12:02:53,465 | INFO | Input file: D:\airflow_etl\raw\orders_enriched\2025-10-05\orders_enriched.csv | Size: 16537 bytes
2026-10-08 12:02:53,465 | INFO | Input file: D:\airflow_etl\raw\orders_enriched\2025-10-06\orders_enriched.csv | Size: 13601 bytes
2026-10-08 12:02:53,465 | INFO | Input file: D:\airflow_etl\raw\orders_enriched\2025-10-07\orders_enriched.csv | Size: 16893 bytes
2026-10-08 12:02:53,466 | INFO | Input file: D:\airflow_etl\raw\orders_enriched\2025-10-08\orders_enriched.csv | Size: 17337 bytes
2026-10-08 12:02:53,466 | INFO | Input file: D:\airflow_etl\raw\orders_enriched\2025-10-09\orders_enriched.csv | Size: 9746 bytes
2026-10-08 12:02:53,466 | INFO | Input file: D:\airflow_etl\raw\orders_enriched\2025-10-10\orders_enriched.csv | Size: 15010 bytes
2026-10-08 12:02:53,466 | INFO | Input file: D:\airflow_etl\raw\orders_enriched\2025-10-11\orders_enriched.csv | Size: 14817 bytes
2026-10-08 12:02:53,466 | INFO | Input file: D:\airflow_etl\raw\orders_enriched\2025-10-12\orders_enriched.csv | Size: 14065 bytes
2026-10-08 12:02:53,466 | INFO | Input file: D:\airflow_etl\raw\orders_enriched\2025-10-13\orders_enriched.csv | Size: 15173 bytes
2026-10-08 12:02:53,466 | INFO | Input file: D:\airflow_etl\raw\orders_enriched\2025-10-14\orders_enriched.csv | Size: 15223 bytes
2026-10-08 12:02:53,467 | INFO | Input file: D:\airflow_etl\raw\orders_enriched\2025-10-15\orders_enriched.csv | Size: 17055 bytes
2026-10-08 12:02:53,467 | INFO | Input file: D:\airflow_etl\raw\orders_enriched\2025-10-16\orders_enriched.csv | Size: 17806 bytes
2026-10-08 12:02:53,467 | INFO | Input file: D:\airflow_etl\raw\orders_enriched\2025-10-17\orders_enriched.csv | Size: 12302 bytes
2026-10-08 12:02:53,467 | INFO | Input file: D:\airflow_etl\raw\orders_enriched\2025-10-18\orders_enriched.csv | Size: 13482 bytes
2026-10-08 12:02:53,467 | INFO | Input file: D:\airflow_etl\raw\orders_enriched\2025-10-19\orders_enriched.csv | Size: 15253 bytes
2026-10-08 12:02:53,467 | INFO | Input file: D:\airflow_etl\raw\orders_enriched\2025-10-20\orders_enriched.csv | Size: 17599 bytes
2026-10-08 12:02:53,468 | INFO | Input file: D:\airflow_etl\raw\orders_enriched\2025-10-21\orders_enriched.csv | Size: 10964 bytes
2026-10-08 12:02:53,468 | INFO | Input file: D:\airflow_etl\raw\orders_enriched\2025-10-22\orders_enriched.csv | Size: 16152 bytes
2026-10-08 12:02:53,468 | INFO | Input file: D:\airflow_etl\raw\orders_enriched\2025-10-23\orders_enriched.csv | Size: 16564 bytes
2026-10-08 12:02:53,468 | INFO | Input file: D:\airflow_etl\raw\orders_enriched\2025-10-24\orders_enriched.csv | Size: 18976 bytes
2026-10-08 12:02:53,469 | INFO | Input file: D:\airflow_etl\raw\orders_enriched\2025-10-25\orders_enriched.csv | Size: 15695 bytes
2026-10-08 12:02:53,469 | INFO | Input file: D:\airflow_etl\raw\orders_enriched\2025-10-26\orders_enriched.csv | Size: 16013 bytes
2026-10-08 12:02:53,469 | INFO | Input file: D:\airflow_etl\raw\orders_enriched\2025-10-27\orders_enriched.csv | Size: 13736 bytes
2026-10-08 12:02:53,469 | INFO | Input file: D:\airflow_etl\raw\orders_enriched\2025-10-28\orders_enriched.csv | Size: 13068 bytes
2026-10-08 12:02:53,469 | INFO | Input file: D:\airflow_etl\raw\orders_enriched\2025-10-29\orders_enriched.csv | Size: 13950 bytes
2026-10-08 12:02:53,470 | INFO | Input file: D:\airflow_etl\raw\orders_enriched\2025-10-30\orders_enriched.csv | Size: 14015 bytes
2026-10-08 12:02:53,470 | INFO | Input file: D:\airflow_etl\raw\orders_enriched\2025-10-31\orders_enriched.csv | Size: 12236 bytes
2026-10-08 12:02:53,470 | INFO | Input file: D:\airflow_etl\raw\orders_enriched\2025-11-01\orders_enriched.csv | Size: 14212 bytes
2026-10-08 12:02:53,470 | INFO | Input file: D:\airflow_etl\raw\orders_enriched\2025-11-02\orders_enriched.csv | Size: 16070 bytes
2026-10-08 12:02:53,470 | INFO | Input file: D:\airflow_etl\raw\orders_enriched\2025-11-03\orders_enriched.csv | Size: 15969 bytes
2026-10-08 12:02:53,470 | INFO | Input file: D:\airflow_etl\raw\orders_enriched\2025-11-04\orders_enriched.csv | Size: 11764 bytes
2026-10-08 12:02:53,470 | INFO | Input file: D:\airflow_etl\raw\orders_enriched\2025-11-05\orders_enriched.csv | Size: 16903 bytes
2026-10-08 12:02:53,471 | INFO | Input file: D:\airflow_etl\raw\orders_enriched\2025-11-06\orders_enriched.csv | Size: 15300 bytes
2026-10-08 12:02:53,471 | INFO | Input file: D:\airflow_etl\raw\orders_enriched\2025-11-07\orders_enriched.csv | Size: 14355 bytes
2026-10-08 12:02:53,471 | INFO | Input file: D:\airflow_etl\raw\orders_enriched\2025-11-08\orders_enriched.csv | Size: 14510 bytes
2026-10-08 12:02:53,471 | INFO | Input file: D:\airflow_etl\raw\orders_enriched\2025-11-09\orders_enriched.csv | Size: 14056 bytes
2026-10-08 12:02:53,471 | INFO | Input file: D:\airflow_etl\raw\orders_enriched\2025-11-10\orders_enriched.csv | Size: 15820 bytes
2026-10-08 12:02:53,471 | INFO | Input file: D:\airflow_etl\raw\orders_enriched\2025-11-11\orders_enriched.csv | Size: 15426 bytes
2026-10-08 12:02:53,471 | INFO | Input file: D:\airflow_etl\raw\orders_enriched\2025-11-12\orders_enriched.csv | Size: 15169 bytes
2026-10-08 12:02:53,472 | INFO | Input file: D:\airflow_etl\raw\orders_enriched\2025-11-13\orders_enriched.csv | Size: 14786 bytes
2026-10-08 12:02:53,472 | INFO | Input file: D:\airflow_etl\raw\orders_enriched\2025-11-14\orders_enriched.csv | Size: 15963 bytes
2026-10-08 12:02:53,472 | INFO | Input file: D:\airflow_etl\raw\orders_enriched\2025-11-15\orders_enriched.csv | Size: 16102 bytes
2026-10-08 12:02:53,472 | INFO | Input file: D:\airflow_etl\raw\orders_enriched\2025-11-16\orders_enriched.csv | Size: 12953 bytes
2026-10-08 12:02:53,473 | INFO | Input file: D:\airflow_etl\raw\orders_enriched\2025-11-17\orders_enriched.csv | Size: 12250 bytes
2026-10-08 12:02:53,473 | INFO | Input file: D:\airflow_etl\raw\orders_enriched\2025-11-18\orders_enriched.csv | Size: 15038 bytes
2026-10-08 12:02:53,473 | INFO | Input file: D:\airflow_etl\raw\orders_enriched\2025-11-19\orders_enriched.csv | Size: 14209 bytes
2026-10-08 12:02:53,473 | INFO | Input file: D:\airflow_etl\raw\orders_enriched\2025-11-20\orders_enriched.csv | Size: 15538 bytes
2026-10-08 12:02:53,474 | INFO | Input file: D:\airflow_etl\raw\orders_enriched\2025-11-21\orders_enriched.csv | Size: 14161 bytes
2026-10-08 12:02:53,474 | INFO | Input file: D:\airflow_etl\raw\orders_enriched\2025-11-22\orders_enriched.csv | Size: 14572 bytes
2026-10-08 12:02:53,474 | INFO | Input file: D:\airflow_etl\raw\orders_enriched\2025-11-23\orders_enriched.csv | Size: 12751 bytes
2026-10-08 12:02:53,474 | INFO | Input file: D:\airflow_etl\raw\orders_enriched\2025-11-24\orders_enriched.csv | Size: 15167 bytes
2026-10-08 12:02:53,474 | INFO | Input file: D:\airflow_etl\raw\orders_enriched\2025-11-25\orders_enriched.csv | Size: 13858 bytes
2026-10-08 12:02:53,474 | INFO | Input file: D:\airflow_etl\raw\orders_enriched\2025-11-26\orders_enriched.csv | Size: 14273 bytes
2026-10-08 12:02:53,475 | INFO | Input file: D:\airflow_etl\raw\orders_enriched\2025-11-27\orders_enriched.csv | Size: 12155 bytes
2026-10-08 12:02:53,475 | INFO | Input file: D:\airflow_etl\raw\orders_enriched\2025-11-28\orders_enriched.csv | Size: 14814 bytes
2026-10-08 12:02:53,475 | INFO | Input file: D:\airflow_etl\raw\orders_enriched\2025-11-29\orders_enriched.csv | Size: 16121 bytes
2026-10-08 12:02:53,476 | INFO | Input file: D:\airflow_etl\raw\orders_enriched\2025-11-30\orders_enriched.csv | Size: 16118 bytes
2026-10-08 12:02:53,476 | INFO | Input file: D:\airflow_etl\raw\orders_enriched\2025-12-01\orders_enriched.csv | Size: 15755 bytes
2026-10-08 12:02:53,476 | INFO | Input file: D:\airflow_etl\raw\orders_enriched\2025-12-02\orders_enriched.csv | Size: 15728 bytes
2026-10-08 12:02:53,476 | INFO | Input file: D:\airflow_etl\raw\orders_enriched\2025-12-03\orders_enriched.csv | Size: 15956 bytes
2026-10-08 12:02:53,477 | INFO | Input file: D:\airflow_etl\raw\orders_enriched\2025-12-04\orders_enriched.csv | Size: 15450 bytes
2026-10-08 12:02:53,477 | INFO | Input file: D:\airflow_etl\raw\orders_enriched\2025-12-05\orders_enriched.csv | Size: 13391 bytes
2026-10-08 12:02:53,477 | INFO | Input file: D:\airflow_etl\raw\orders_enriched\2025-12-06\orders_enriched.csv | Size: 17504 bytes
2026-10-08 12:02:53,478 | INFO | Input file: D:\airflow_etl\raw\orders_enriched\2025-12-07\orders_enriched.csv | Size: 15365 bytes
2026-10-08 12:02:53,478 | INFO | Input file: D:\airflow_etl\raw\orders_enriched\2025-12-08\orders_enriched.csv | Size: 16056 bytes
2026-10-08 12:02:53,478 | INFO | Input file: D:\airflow_etl\raw\orders_enriched\2025-12-09\orders_enriched.csv | Size: 15375 bytes
2026-10-08 12:02:53,479 | INFO | Input file: D:\airflow_etl\raw\orders_enriched\2025-12-10\orders_enriched.csv | Size: 17579 bytes
2026-10-08 12:02:53,479 | INFO | Input file: D:\airflow_etl\raw\orders_enriched\2025-12-11\orders_enriched.csv | Size: 16678 bytes
2026-10-08 12:02:53,479 | INFO | Input file: D:\airflow_etl\raw\orders_enriched\2025-12-12\orders_enriched.csv | Size: 15535 bytes
2026-10-08 12:02:53,479 | INFO | Input file: D:\airflow_etl\raw\orders_enriched\2025-12-13\orders_enriched.csv | Size: 14850 bytes
2026-10-08 12:02:53,479 | INFO | Input file: D:\airflow_etl\raw\orders_enriched\2025-12-14\orders_enriched.csv | Size: 12548 bytes
2026-10-08 12:02:53,480 | INFO | Input file: D:\airflow_etl\raw\orders_enriched\2025-12-15\orders_enriched.csv | Size: 12649 bytes
2026-10-08 12:02:53,480 | INFO | Input file: D:\airflow_etl\raw\orders_enriched\2025-12-16\orders_enriched.csv | Size: 15037 bytes
2026-10-08 12:02:53,480 | INFO | Input file: D:\airflow_etl\raw\orders_enriched\2025-12-17\orders_enriched.csv | Size: 12521 bytes
2026-10-08 12:02:53,480 | INFO | Input file: D:\airflow_etl\raw\orders_enriched\2025-12-18\orders_enriched.csv | Size: 18314 bytes
2026-10-08 12:02:53,480 | INFO | Input file: D:\airflow_etl\raw\orders_enriched\2025-12-19\orders_enriched.csv | Size: 14140 bytes
2026-10-08 12:02:53,480 | INFO | Input file: D:\airflow_etl\raw\orders_enriched\2025-12-20\orders_enriched.csv | Size: 14505 bytes
2026-10-08 12:02:53,481 | INFO | Input file: D:\airflow_etl\raw\orders_enriched\2025-12-21\orders_enriched.csv | Size: 13062 bytes
2026-10-08 12:02:53,481 | INFO | Input file: D:\airflow_etl\raw\orders_enriched\2025-12-22\orders_enriched.csv | Size: 17233 bytes
2026-10-08 12:02:53,481 | INFO | Input file: D:\airflow_etl\raw\orders_enriched\2025-12-23\orders_enriched.csv | Size: 16404 bytes
2026-10-08 12:02:53,481 | INFO | Input file: D:\airflow_etl\raw\orders_enriched\2025-12-24\orders_enriched.csv | Size: 16478 bytes
2026-10-08 12:02:53,481 | INFO | Input file: D:\airflow_etl\raw\orders_enriched\2025-12-25\orders_enriched.csv | Size: 12832 bytes
2026-10-08 12:02:53,481 | INFO | Input file: D:\airflow_etl\raw\orders_enriched\2025-12-26\orders_enriched.csv | Size: 15700 bytes
2026-10-08 12:02:53,481 | INFO | Input file: D:\airflow_etl\raw\orders_enriched\2025-12-27\orders_enriched.csv | Size: 12956 bytes
2026-10-08 12:02:53,482 | INFO | Input file: D:\airflow_etl\raw\orders_enriched\2025-12-28\orders_enriched.csv | Size: 13682 bytes
2026-10-08 12:02:53,482 | INFO | Input file: D:\airflow_etl\raw\orders_enriched\2025-12-29\orders_enriched.csv | Size: 17366 bytes
2026-10-08 12:02:53,482 | INFO | Input file: D:\airflow_etl\raw\orders_enriched\2025-12-30\orders_enriched.csv | Size: 12978 bytes
2026-10-08 12:02:53,482 | INFO | Input file: D:\airflow_etl\raw\orders_enriched\2025-12-31\orders_enriched.csv | Size: 16535 bytes
2026-10-08 12:02:53,482 | INFO | Input file: D:\airflow_etl\raw\orders_enriched\2026-01-01\orders_enriched.csv | Size: 13929 bytes
2026-10-08 12:02:53,482 | INFO | Input file: D:\airflow_etl\raw\orders_enriched\2026-01-02\orders_enriched.csv | Size: 15443 bytes
2026-10-08 12:02:53,482 | INFO | Input file: D:\airflow_etl\raw\orders_enriched\2026-01-03\orders_enriched.csv | Size: 13062 bytes
2026-10-08 12:02:53,483 | INFO | Input file: D:\airflow_etl\raw\orders_enriched\2026-01-04\orders_enriched.csv | Size: 13255 bytes
2026-10-08 12:02:53,483 | INFO | Input file: D:\airflow_etl\raw\orders_enriched\2026-01-05\orders_enriched.csv | Size: 16757 bytes
2026-10-08 12:02:53,483 | INFO | Input file: D:\airflow_etl\raw\orders_enriched\2026-01-06\orders_enriched.csv | Size: 15992 bytes
2026-10-08 12:02:53,483 | INFO | Input file: D:\airflow_etl\raw\orders_enriched\2026-01-07\orders_enriched.csv | Size: 15340 bytes
2026-10-08 12:02:53,483 | INFO | Input file: D:\airflow_etl\raw\orders_enriched\2026-01-08\orders_enriched.csv | Size: 14585 bytes
2026-10-08 12:02:53,483 | INFO | Input file: D:\airflow_etl\raw\orders_enriched\2026-01-09\orders_enriched.csv | Size: 15149 bytes
2026-10-08 12:02:53,483 | INFO | Input file: D:\airflow_etl\raw\orders_enriched\2026-01-10\orders_enriched.csv | Size: 15885 bytes
2026-10-08 12:02:53,484 | INFO | Input file: D:\airflow_etl\raw\orders_enriched\2026-01-11\orders_enriched.csv | Size: 16981 bytes
2026-10-08 12:02:53,484 | INFO | Input file: D:\airflow_etl\raw\orders_enriched\2026-01-12\orders_enriched.csv | Size: 13722 bytes
2026-10-08 12:02:53,484 | INFO | Input file: D:\airflow_etl\raw\orders_enriched\2026-01-13\orders_enriched.csv | Size: 14568 bytes
2026-10-08 12:02:53,484 | INFO | Input file: D:\airflow_etl\raw\orders_enriched\2026-01-14\orders_enriched.csv | Size: 13686 bytes
2026-10-08 12:02:53,484 | INFO | Input file: D:\airflow_etl\raw\orders_enriched\2026-01-15\orders_enriched.csv | Size: 15023 bytes
2026-10-08 12:02:53,485 | INFO | Input file: D:\airflow_etl\raw\orders_enriched\2026-01-16\orders_enriched.csv | Size: 13639 bytes
2026-10-08 12:02:53,485 | INFO | Input file: D:\airflow_etl\raw\orders_enriched\2026-01-17\orders_enriched.csv | Size: 17448 bytes
2026-10-08 12:02:53,485 | INFO | Input file: D:\airflow_etl\raw\orders_enriched\2026-01-18\orders_enriched.csv | Size: 17660 bytes
2026-10-08 12:02:53,485 | INFO | Input file: D:\airflow_etl\raw\orders_enriched\2026-01-19\orders_enriched.csv | Size: 16696 bytes
2026-10-08 12:02:53,485 | INFO | Input file: D:\airflow_etl\raw\orders_enriched\2026-01-20\orders_enriched.csv | Size: 16551 bytes
2026-10-08 12:02:53,486 | INFO | Input file: D:\airflow_etl\raw\orders_enriched\2026-01-21\orders_enriched.csv | Size: 15804 bytes
2026-10-08 12:02:53,486 | INFO | Input file: D:\airflow_etl\raw\orders_enriched\2026-01-22\orders_enriched.csv | Size: 15838 bytes
2026-10-08 12:02:53,486 | INFO | Input file: D:\airflow_etl\raw\orders_enriched\2026-01-23\orders_enriched.csv | Size: 16095 bytes
2026-10-08 12:02:53,486 | INFO | Input file: D:\airflow_etl\raw\orders_enriched\2026-01-24\orders_enriched.csv | Size: 17287 bytes
2026-10-08 12:02:53,486 | INFO | Input file: D:\airflow_etl\raw\orders_enriched\2026-01-25\orders_enriched.csv | Size: 17693 bytes
2026-10-08 12:02:53,486 | INFO | Input file: D:\airflow_etl\raw\orders_enriched\2026-01-26\orders_enriched.csv | Size: 13652 bytes
2026-10-08 12:02:53,486 | INFO | Input file: D:\airflow_etl\raw\orders_enriched\2026-01-27\orders_enriched.csv | Size: 14674 bytes
2026-10-08 12:02:53,487 | INFO | Input file: D:\airflow_etl\raw\orders_enriched\2026-01-28\orders_enriched.csv | Size: 15164 bytes
2026-10-08 12:02:53,487 | INFO | Input file: D:\airflow_etl\raw\orders_enriched\2026-01-29\orders_enriched.csv | Size: 17367 bytes
2026-10-08 12:02:53,487 | INFO | Input file: D:\airflow_etl\raw\orders_enriched\2026-01-30\orders_enriched.csv | Size: 14283 bytes
2026-10-08 12:02:53,487 | INFO | Input file: D:\airflow_etl\raw\orders_enriched\2026-01-31\orders_enriched.csv | Size: 14704 bytes
2026-10-08 12:02:53,487 | INFO | Input file: D:\airflow_etl\raw\orders_enriched\2026-02-01\orders_enriched.csv | Size: 14317 bytes
2026-10-08 12:02:53,487 | INFO | Input file: D:\airflow_etl\raw\orders_enriched\2026-02-02\orders_enriched.csv | Size: 19257 bytes
2026-10-08 12:02:53,487 | INFO | Input file: D:\airflow_etl\raw\orders_enriched\2026-02-03\orders_enriched.csv | Size: 16236 bytes
2026-10-08 12:02:53,487 | INFO | Input file: D:\airflow_etl\raw\orders_enriched\2026-02-04\orders_enriched.csv | Size: 14875 bytes
2026-10-08 12:02:53,488 | INFO | Input file: D:\airflow_etl\raw\orders_enriched\2026-02-05\orders_enriched.csv | Size: 15643 bytes
2026-10-08 12:02:53,488 | INFO | Input file: D:\airflow_etl\raw\orders_enriched\2026-02-06\orders_enriched.csv | Size: 14048 bytes
2026-10-08 12:02:53,488 | INFO | Input file: D:\airflow_etl\raw\orders_enriched\2026-02-07\orders_enriched.csv | Size: 19745 bytes
2026-10-08 12:02:53,488 | INFO | Input file: D:\airflow_etl\raw\orders_enriched\2026-02-08\orders_enriched.csv | Size: 13309 bytes
2026-10-08 12:02:53,488 | INFO | Input file: D:\airflow_etl\raw\orders_enriched\2026-02-09\orders_enriched.csv | Size: 15613 bytes
2026-10-08 12:02:53,488 | INFO | Input file: D:\airflow_etl\raw\orders_enriched\2026-02-10\orders_enriched.csv | Size: 15886 bytes
2026-10-08 12:02:53,489 | INFO | Input file: D:\airflow_etl\raw\orders_enriched\2026-02-11\orders_enriched.csv | Size: 14592 bytes
2026-10-08 12:02:53,489 | INFO | Input file: D:\airflow_etl\raw\orders_enriched\2026-02-12\orders_enriched.csv | Size: 14600 bytes
2026-10-08 12:02:53,489 | INFO | Input file: D:\airflow_etl\raw\orders_enriched\2026-02-13\orders_enriched.csv | Size: 15372 bytes
2026-10-08 12:02:53,489 | INFO | Input file: D:\airflow_etl\raw\orders_enriched\2026-02-14\orders_enriched.csv | Size: 16618 bytes
2026-10-08 12:02:53,489 | INFO | Input file: D:\airflow_etl\raw\orders_enriched\2026-02-15\orders_enriched.csv | Size: 17869 bytes
2026-10-08 12:02:53,490 | INFO | Input file: D:\airflow_etl\raw\orders_enriched\2026-02-16\orders_enriched.csv | Size: 13736 bytes
2026-10-08 12:02:53,490 | INFO | Input file: D:\airflow_etl\raw\orders_enriched\2026-02-17\orders_enriched.csv | Size: 13394 bytes
2026-10-08 12:02:53,490 | INFO | Input file: D:\airflow_etl\raw\orders_enriched\2026-02-18\orders_enriched.csv | Size: 17516 bytes
2026-10-08 12:02:53,490 | INFO | Input file: D:\airflow_etl\raw\orders_enriched\2026-02-19\orders_enriched.csv | Size: 15009 bytes
2026-10-08 12:02:53,490 | INFO | Input file: D:\airflow_etl\raw\orders_enriched\2026-02-20\orders_enriched.csv | Size: 14736 bytes
2026-10-08 12:02:53,491 | INFO | Input file: D:\airflow_etl\raw\orders_enriched\2026-02-21\orders_enriched.csv | Size: 14607 bytes
2026-10-08 12:02:53,491 | INFO | Input file: D:\airflow_etl\raw\orders_enriched\2026-02-22\orders_enriched.csv | Size: 14542 bytes
2026-10-08 12:02:53,491 | INFO | Input file: D:\airflow_etl\raw\orders_enriched\2026-02-23\orders_enriched.csv | Size: 15566 bytes
2026-10-08 12:02:53,491 | INFO | Input file: D:\airflow_etl\raw\orders_enriched\2026-02-24\orders_enriched.csv | Size: 15106 bytes
2026-10-08 12:02:53,492 | INFO | Input file: D:\airflow_etl\raw\orders_enriched\2026-02-25\orders_enriched.csv | Size: 12319 bytes
2026-10-08 12:02:53,492 | INFO | Input file: D:\airflow_etl\raw\orders_enriched\2026-02-26\orders_enriched.csv | Size: 16255 bytes
2026-10-08 12:02:53,492 | INFO | Input file: D:\airflow_etl\raw\orders_enriched\2026-02-27\orders_enriched.csv | Size: 14228 bytes
2026-10-08 12:02:53,492 | INFO | Input file: D:\airflow_etl\raw\orders_enriched\2026-02-28\orders_enriched.csv | Size: 14180 bytes
2026-10-08 12:02:53,492 | INFO | Input file: D:\airflow_etl\raw\orders_enriched\2026-03-01\orders_enriched.csv | Size: 15655 bytes
2026-10-08 12:02:53,492 | INFO | Input file: D:\airflow_etl\raw\orders_enriched\2026-03-02\orders_enriched.csv | Size: 15025 bytes
2026-10-08 12:02:53,493 | INFO | Input file: D:\airflow_etl\raw\orders_enriched\2026-03-03\orders_enriched.csv | Size: 17551 bytes
2026-10-08 12:02:53,493 | INFO | Input file: D:\airflow_etl\raw\orders_enriched\2026-03-04\orders_enriched.csv | Size: 15187 bytes
2026-10-08 12:02:53,493 | INFO | Input file: D:\airflow_etl\raw\orders_enriched\2026-03-05\orders_enriched.csv | Size: 16435 bytes
2026-10-08 12:02:53,494 | INFO | Input file: D:\airflow_etl\raw\orders_enriched\2026-03-06\orders_enriched.csv | Size: 14859 bytes
2026-10-08 12:02:53,494 | INFO | Input file: D:\airflow_etl\raw\orders_enriched\2026-03-07\orders_enriched.csv | Size: 15183 bytes
2026-10-08 12:02:53,494 | INFO | Input file: D:\airflow_etl\raw\orders_enriched\2026-03-08\orders_enriched.csv | Size: 16548 bytes
2026-10-08 12:02:53,495 | INFO | Input file: D:\airflow_etl\raw\orders_enriched\2026-03-09\orders_enriched.csv | Size: 14712 bytes
2026-10-08 12:02:53,495 | INFO | Input file: D:\airflow_etl\raw\orders_enriched\2026-03-10\orders_enriched.csv | Size: 14549 bytes
2026-10-08 12:02:53,495 | INFO | Input file: D:\airflow_etl\raw\orders_enriched\2026-03-11\orders_enriched.csv | Size: 14845 bytes
2026-10-08 12:02:53,495 | INFO | Input file: D:\airflow_etl\raw\orders_enriched\2026-03-12\orders_enriched.csv | Size: 13506 bytes
2026-10-08 12:02:53,495 | INFO | Input file: D:\airflow_etl\raw\orders_enriched\2026-03-13\orders_enriched.csv | Size: 15743 bytes
2026-10-08 12:02:53,495 | INFO | Input file: D:\airflow_etl\raw\orders_enriched\2026-03-14\orders_enriched.csv | Size: 18987 bytes
2026-10-08 12:02:53,495 | INFO | Input file: D:\airflow_etl\raw\orders_enriched\2026-03-15\orders_enriched.csv | Size: 14910 bytes
2026-10-08 12:02:53,496 | INFO | Input file: D:\airflow_etl\raw\orders_enriched\2026-03-16\orders_enriched.csv | Size: 15355 bytes
2026-10-08 12:02:53,496 | INFO | Input file: D:\airflow_etl\raw\orders_enriched\2026-03-17\orders_enriched.csv | Size: 15148 bytes
2026-10-08 12:02:53,496 | INFO | Input file: D:\airflow_etl\raw\orders_enriched\2026-03-18\orders_enriched.csv | Size: 18296 bytes
2026-10-08 12:02:53,496 | INFO | Input file: D:\airflow_etl\raw\orders_enriched\2026-03-19\orders_enriched.csv | Size: 13024 bytes
2026-10-08 12:02:53,496 | INFO | Input file: D:\airflow_etl\raw\orders_enriched\2026-03-20\orders_enriched.csv | Size: 17066 bytes
2026-10-08 12:02:53,496 | INFO | Input file: D:\airflow_etl\raw\orders_enriched\2026-03-21\orders_enriched.csv | Size: 14673 bytes
2026-10-08 12:02:53,497 | INFO | Input file: D:\airflow_etl\raw\orders_enriched\2026-03-22\orders_enriched.csv | Size: 15195 bytes
2026-10-08 12:02:53,497 | INFO | Input file: D:\airflow_etl\raw\orders_enriched\2026-03-23\orders_enriched.csv | Size: 16361 bytes
2026-10-08 12:02:53,497 | INFO | Input file: D:\airflow_etl\raw\orders_enriched\2026-03-24\orders_enriched.csv | Size: 13524 bytes
2026-10-08 12:02:53,497 | INFO | Input file: D:\airflow_etl\raw\orders_enriched\2026-03-25\orders_enriched.csv | Size: 14126 bytes
2026-10-08 12:02:53,497 | INFO | Input file: D:\airflow_etl\raw\orders_enriched\2026-03-26\orders_enriched.csv | Size: 14927 bytes
2026-10-08 12:02:53,497 | INFO | Input file: D:\airflow_etl\raw\orders_enriched\2026-03-27\orders_enriched.csv | Size: 14244 bytes
2026-10-08 12:02:53,497 | INFO | Input file: D:\airflow_etl\raw\orders_enriched\2026-03-28\orders_enriched.csv | Size: 16541 bytes
2026-10-08 12:02:53,497 | INFO | Input file: D:\airflow_etl\raw\orders_enriched\2026-03-29\orders_enriched.csv | Size: 16688 bytes
2026-10-08 12:02:53,498 | INFO | Input file: D:\airflow_etl\raw\orders_enriched\2026-03-30\orders_enriched.csv | Size: 15140 bytes
2026-10-08 12:02:53,498 | INFO | Input file: D:\airflow_etl\raw\orders_enriched\2026-03-31\orders_enriched.csv | Size: 14273 bytes
2026-10-08 12:02:53,498 | INFO | Input file: D:\airflow_etl\raw\orders_enriched\2026-04-01\orders_enriched.csv | Size: 14163 bytes
2026-10-08 12:02:53,498 | INFO | Input file: D:\airflow_etl\raw\orders_enriched\2026-04-02\orders_enriched.csv | Size: 13530 bytes
2026-10-08 12:02:53,498 | INFO | Input file: D:\airflow_etl\raw\orders_enriched\2026-04-03\orders_enriched.csv | Size: 15757 bytes
2026-10-08 12:02:53,498 | INFO | Input file: D:\airflow_etl\raw\orders_enriched\2026-04-04\orders_enriched.csv | Size: 13498 bytes
2026-10-08 12:02:53,499 | INFO | Input file: D:\airflow_etl\raw\orders_enriched\2026-04-05\orders_enriched.csv | Size: 14191 bytes
2026-10-08 12:02:53,499 | INFO | Input file: D:\airflow_etl\raw\orders_enriched\2026-04-06\orders_enriched.csv | Size: 13796 bytes
2026-10-08 12:02:53,499 | INFO | Input file: D:\airflow_etl\raw\orders_enriched\2026-04-07\orders_enriched.csv | Size: 12951 bytes
2026-10-08 12:02:53,499 | INFO | Input file: D:\airflow_etl\raw\orders_enriched\2026-04-08\orders_enriched.csv | Size: 17117 bytes
2026-10-08 12:02:53,499 | INFO | Input file: D:\airflow_etl\raw\orders_enriched\2026-04-09\orders_enriched.csv | Size: 12959 bytes
2026-10-08 12:02:53,499 | INFO | Input file: D:\airflow_etl\raw\orders_enriched\2026-04-10\orders_enriched.csv | Size: 18539 bytes
2026-10-08 12:02:53,500 | INFO | Input file: D:\airflow_etl\raw\orders_enriched\2026-04-11\orders_enriched.csv | Size: 18354 bytes
2026-10-08 12:02:53,500 | INFO | Input file: D:\airflow_etl\raw\orders_enriched\2026-04-12\orders_enriched.csv | Size: 15975 bytes
2026-10-08 12:02:53,500 | INFO | Input file: D:\airflow_etl\raw\orders_enriched\2026-04-13\orders_enriched.csv | Size: 17301 bytes
2026-10-08 12:02:53,500 | INFO | Input file: D:\airflow_etl\raw\orders_enriched\2026-04-14\orders_enriched.csv | Size: 16186 bytes
2026-10-08 12:02:53,500 | INFO | Input file: D:\airflow_etl\raw\orders_enriched\2026-04-15\orders_enriched.csv | Size: 15616 bytes
2026-10-08 12:02:53,500 | INFO | Input file: D:\airflow_etl\raw\orders_enriched\2026-04-16\orders_enriched.csv | Size: 12575 bytes
2026-10-08 12:02:53,501 | INFO | Input file: D:\airflow_etl\raw\orders_enriched\2026-04-17\orders_enriched.csv | Size: 12545 bytes
2026-10-08 12:02:53,501 | INFO | Input file: D:\airflow_etl\raw\orders_enriched\2026-04-18\orders_enriched.csv | Size: 18670 bytes
2026-10-08 12:02:53,501 | INFO | Input file: D:\airflow_etl\raw\orders_enriched\2026-04-19\orders_enriched.csv | Size: 14365 bytes
2026-10-08 12:02:53,501 | INFO | Input file: D:\airflow_etl\raw\orders_enriched\2026-04-20\orders_enriched.csv | Size: 15836 bytes
2026-10-08 12:02:53,501 | INFO | Input file: D:\airflow_etl\raw\orders_enriched\2026-04-21\orders_enriched.csv | Size: 13858 bytes
2026-10-08 12:02:53,501 | INFO | Input file: D:\airflow_etl\raw\orders_enriched\2026-04-22\orders_enriched.csv | Size: 16082 bytes
2026-10-08 12:02:53,501 | INFO | Input file: D:\airflow_etl\raw\orders_enriched\2026-04-23\orders_enriched.csv | Size: 13719 bytes
2026-10-08 12:02:53,502 | INFO | Input file: D:\airflow_etl\raw\orders_enriched\2026-04-24\orders_enriched.csv | Size: 13547 bytes
2026-10-08 12:02:53,502 | INFO | Input file: D:\airflow_etl\raw\orders_enriched\2026-04-25\orders_enriched.csv | Size: 14944 bytes
2026-10-08 12:02:53,502 | INFO | Input file: D:\airflow_etl\raw\orders_enriched\2026-04-26\orders_enriched.csv | Size: 12915 bytes
2026-10-08 12:02:53,502 | INFO | Input file: D:\airflow_etl\raw\orders_enriched\2026-04-27\orders_enriched.csv | Size: 18304 bytes
2026-10-08 12:02:53,502 | INFO | Input file: D:\airflow_etl\raw\orders_enriched\2026-04-28\orders_enriched.csv | Size: 12327 bytes
2026-10-08 12:02:53,502 | INFO | Input file: D:\airflow_etl\raw\orders_enriched\2026-04-29\orders_enriched.csv | Size: 15313 bytes
2026-10-08 12:02:53,502 | INFO | Input file: D:\airflow_etl\raw\orders_enriched\2026-04-30\orders_enriched.csv | Size: 16810 bytes
2026-10-08 12:02:53,503 | INFO | Input file: D:\airflow_etl\raw\orders_enriched\2026-05-01\orders_enriched.csv | Size: 14659 bytes
2026-10-08 12:02:53,503 | INFO | Input file: D:\airflow_etl\raw\orders_enriched\2026-05-02\orders_enriched.csv | Size: 17858 bytes
2026-10-08 12:02:53,503 | INFO | Input file: D:\airflow_etl\raw\orders_enriched\2026-05-03\orders_enriched.csv | Size: 17176 bytes
2026-10-08 12:02:53,503 | INFO | Input file: D:\airflow_etl\raw\orders_enriched\2026-05-04\orders_enriched.csv | Size: 12920 bytes
2026-10-08 12:02:53,503 | INFO | Input file: D:\airflow_etl\raw\orders_enriched\2026-05-05\orders_enriched.csv | Size: 17634 bytes
2026-10-08 12:02:53,503 | INFO | Input file: D:\airflow_etl\raw\orders_enriched\2026-05-06\orders_enriched.csv | Size: 15852 bytes
2026-10-08 12:02:53,504 | INFO | Input file: D:\airflow_etl\raw\orders_enriched\2026-05-07\orders_enriched.csv | Size: 14921 bytes
2026-10-08 12:02:53,504 | INFO | Input file: D:\airflow_etl\raw\orders_enriched\2026-05-08\orders_enriched.csv | Size: 15929 bytes
2026-10-08 12:02:53,504 | INFO | Input file: D:\airflow_etl\raw\orders_enriched\2026-05-09\orders_enriched.csv | Size: 11246 bytes
2026-10-08 12:02:53,504 | INFO | Input file: D:\airflow_etl\raw\orders_enriched\2026-05-10\orders_enriched.csv | Size: 19089 bytes
2026-10-08 12:02:53,504 | INFO | Input file: D:\airflow_etl\raw\orders_enriched\2026-05-11\orders_enriched.csv | Size: 17093 bytes
2026-10-08 12:02:53,505 | INFO | Input file: D:\airflow_etl\raw\orders_enriched\2026-05-12\orders_enriched.csv | Size: 10522 bytes
2026-10-08 12:02:53,505 | INFO | Input file: D:\airflow_etl\raw\orders_enriched\2026-05-13\orders_enriched.csv | Size: 13586 bytes
2026-10-08 12:02:53,505 | INFO | Input file: D:\airflow_etl\raw\orders_enriched\2026-05-14\orders_enriched.csv | Size: 13823 bytes
2026-10-08 12:02:53,505 | INFO | Input file: D:\airflow_etl\raw\orders_enriched\2026-05-15\orders_enriched.csv | Size: 19972 bytes
2026-10-08 12:02:53,505 | INFO | Input file: D:\airflow_etl\raw\orders_enriched\2026-05-16\orders_enriched.csv | Size: 15776 bytes
2026-10-08 12:02:53,505 | INFO | Input file: D:\airflow_etl\raw\orders_enriched\2026-05-17\orders_enriched.csv | Size: 16574 bytes
2026-10-08 12:02:53,506 | INFO | Input file: D:\airflow_etl\raw\orders_enriched\2026-05-18\orders_enriched.csv | Size: 14359 bytes
2026-10-08 12:02:53,506 | INFO | Input file: D:\airflow_etl\raw\orders_enriched\2026-05-19\orders_enriched.csv | Size: 10594 bytes
2026-10-08 12:02:53,506 | INFO | Input file: D:\airflow_etl\raw\orders_enriched\2026-05-20\orders_enriched.csv | Size: 15255 bytes
2026-10-08 12:02:53,506 | INFO | Input file: D:\airflow_etl\raw\orders_enriched\2026-05-21\orders_enriched.csv | Size: 17238 bytes
2026-10-08 12:02:53,506 | INFO | Input file: D:\airflow_etl\raw\orders_enriched\2026-05-22\orders_enriched.csv | Size: 13587 bytes
2026-10-08 12:02:53,506 | INFO | Input file: D:\airflow_etl\raw\orders_enriched\2026-05-23\orders_enriched.csv | Size: 15756 bytes
2026-10-08 12:02:53,507 | INFO | Input file: D:\airflow_etl\raw\orders_enriched\2026-05-24\orders_enriched.csv | Size: 15881 bytes
2026-10-08 12:02:53,507 | INFO | Input file: D:\airflow_etl\raw\orders_enriched\2026-05-25\orders_enriched.csv | Size: 12296 bytes
2026-10-08 12:02:53,507 | INFO | Input file: D:\airflow_etl\raw\orders_enriched\2026-05-26\orders_enriched.csv | Size: 15280 bytes
2026-10-08 12:02:53,507 | INFO | Input file: D:\airflow_etl\raw\orders_enriched\2026-05-27\orders_enriched.csv | Size: 13973 bytes
2026-10-08 12:02:53,507 | INFO | Input file: D:\airflow_etl\raw\orders_enriched\2026-05-28\orders_enriched.csv | Size: 14854 bytes
2026-10-08 12:02:53,507 | INFO | Input file: D:\airflow_etl\raw\orders_enriched\2026-05-29\orders_enriched.csv | Size: 13318 bytes
2026-10-08 12:02:53,507 | INFO | Input file: D:\airflow_etl\raw\orders_enriched\2026-05-30\orders_enriched.csv | Size: 15003 bytes
2026-10-08 12:02:53,508 | INFO | Input file: D:\airflow_etl\raw\orders_enriched\2026-05-31\orders_enriched.csv | Size: 15272 bytes
2026-10-08 12:02:53,508 | INFO | Input file: D:\airflow_etl\raw\orders_enriched\2026-06-01\orders_enriched.csv | Size: 15582 bytes
2026-10-08 12:02:53,508 | INFO | Input file: D:\airflow_etl\raw\orders_enriched\2026-06-02\orders_enriched.csv | Size: 13001 bytes
2026-10-08 12:02:53,509 | INFO | Input file: D:\airflow_etl\raw\orders_enriched\2026-06-03\orders_enriched.csv | Size: 12487 bytes
2026-10-08 12:02:53,509 | INFO | Input file: D:\airflow_etl\raw\orders_enriched\2026-06-04\orders_enriched.csv | Size: 14905 bytes
2026-10-08 12:02:53,509 | INFO | Input file: D:\airflow_etl\raw\orders_enriched\2026-06-05\orders_enriched.csv | Size: 18186 bytes
2026-10-08 12:02:53,509 | INFO | Input file: D:\airflow_etl\raw\orders_enriched\2026-06-06\orders_enriched.csv | Size: 15576 bytes
2026-10-08 12:02:53,509 | INFO | Input file: D:\airflow_etl\raw\orders_enriched\2026-06-07\orders_enriched.csv | Size: 17755 bytes
2026-10-08 12:02:53,510 | INFO | Input file: D:\airflow_etl\raw\orders_enriched\2026-06-08\orders_enriched.csv | Size: 13813 bytes
2026-10-08 12:02:53,510 | INFO | Input file: D:\airflow_etl\raw\orders_enriched\2026-06-09\orders_enriched.csv | Size: 15030 bytes
2026-10-08 12:02:53,510 | INFO | Input file: D:\airflow_etl\raw\orders_enriched\2026-06-10\orders_enriched.csv | Size: 12913 bytes
2026-10-08 12:02:53,510 | INFO | Input file: D:\airflow_etl\raw\orders_enriched\2026-06-11\orders_enriched.csv | Size: 15263 bytes
2026-10-08 12:02:53,511 | INFO | Input file: D:\airflow_etl\raw\orders_enriched\2026-06-12\orders_enriched.csv | Size: 15434 bytes
2026-10-08 12:02:53,511 | INFO | Input file: D:\airflow_etl\raw\orders_enriched\2026-06-13\orders_enriched.csv | Size: 18141 bytes
2026-10-08 12:02:53,511 | INFO | Input file: D:\airflow_etl\raw\orders_enriched\2026-06-14\orders_enriched.csv | Size: 15816 bytes
2026-10-08 12:02:53,511 | INFO | Input file: D:\airflow_etl\raw\orders_enriched\2026-06-15\orders_enriched.csv | Size: 14052 bytes
2026-10-08 12:02:53,511 | INFO | Input file: D:\airflow_etl\raw\orders_enriched\2026-06-16\orders_enriched.csv | Size: 15899 bytes
2026-10-08 12:02:53,512 | INFO | Input file: D:\airflow_etl\raw\orders_enriched\2026-06-17\orders_enriched.csv | Size: 15714 bytes
2026-10-08 12:02:53,512 | INFO | Input file: D:\airflow_etl\raw\orders_enriched\2026-06-18\orders_enriched.csv | Size: 14236 bytes
2026-10-08 12:02:53,512 | INFO | Input file: D:\airflow_etl\raw\orders_enriched\2026-06-19\orders_enriched.csv | Size: 14867 bytes
2026-10-08 12:02:53,512 | INFO | Input file: D:\airflow_etl\raw\orders_enriched\2026-06-20\orders_enriched.csv | Size: 15706 bytes
2026-10-08 12:02:53,512 | INFO | Input file: D:\airflow_etl\raw\orders_enriched\2026-06-21\orders_enriched.csv | Size: 15737 bytes
2026-10-08 12:02:53,512 | INFO | Input file: D:\airflow_etl\raw\orders_enriched\2026-06-22\orders_enriched.csv | Size: 15872 bytes
2026-10-08 12:02:53,513 | INFO | Input file: D:\airflow_etl\raw\orders_enriched\2026-06-23\orders_enriched.csv | Size: 13820 bytes
2026-10-08 12:02:53,513 | INFO | Input file: D:\airflow_etl\raw\orders_enriched\2026-06-24\orders_enriched.csv | Size: 10949 bytes
2026-10-08 12:02:53,513 | INFO | Input file: D:\airflow_etl\raw\orders_enriched\2026-06-25\orders_enriched.csv | Size: 12767 bytes
2026-10-08 12:02:53,513 | INFO | Input file: D:\airflow_etl\raw\orders_enriched\2026-06-26\orders_enriched.csv | Size: 16505 bytes
2026-10-08 12:02:53,513 | INFO | Input file: D:\airflow_etl\raw\orders_enriched\2026-06-27\orders_enriched.csv | Size: 17555 bytes
2026-10-08 12:02:53,513 | INFO | Input file: D:\airflow_etl\raw\orders_enriched\2026-06-28\orders_enriched.csv | Size: 15500 bytes
2026-10-08 12:02:53,514 | INFO | Input file: D:\airflow_etl\raw\orders_enriched\2026-06-29\orders_enriched.csv | Size: 13463 bytes
2026-10-08 12:02:53,514 | INFO | Input file: D:\airflow_etl\raw\orders_enriched\2026-06-30\orders_enriched.csv | Size: 12656 bytes
2026-10-08 12:02:53,514 | INFO | Input file: D:\airflow_etl\raw\orders_enriched\2026-07-01\orders_enriched.csv | Size: 14741 bytes
2026-10-08 12:02:53,514 | INFO | Input file: D:\airflow_etl\raw\orders_enriched\2026-07-02\orders_enriched.csv | Size: 17059 bytes
2026-10-08 12:02:53,514 | INFO | Input file: D:\airflow_etl\raw\orders_enriched\2026-07-03\orders_enriched.csv | Size: 16196 bytes
2026-10-08 12:02:53,514 | INFO | Input file: D:\airflow_etl\raw\orders_enriched\2026-07-04\orders_enriched.csv | Size: 13335 bytes
2026-10-08 12:02:53,514 | INFO | Input file: D:\airflow_etl\raw\orders_enriched\2026-07-05\orders_enriched.csv | Size: 14853 bytes
2026-10-08 12:02:53,515 | INFO | Input file: D:\airflow_etl\raw\orders_enriched\2026-07-06\orders_enriched.csv | Size: 17257 bytes
2026-10-08 12:02:53,515 | INFO | Input file: D:\airflow_etl\raw\orders_enriched\2026-07-07\orders_enriched.csv | Size: 16883 bytes
2026-10-08 12:02:53,515 | INFO | Input file: D:\airflow_etl\raw\orders_enriched\2026-07-08\orders_enriched.csv | Size: 15420 bytes
2026-10-08 12:02:53,515 | INFO | Input file: D:\airflow_etl\raw\orders_enriched\2026-07-09\orders_enriched.csv | Size: 13214 bytes
2026-10-08 12:02:53,515 | INFO | Input file: D:\airflow_etl\raw\orders_enriched\2026-07-10\orders_enriched.csv | Size: 14799 bytes
2026-10-08 12:02:53,515 | INFO | Input file: D:\airflow_etl\raw\orders_enriched\2026-07-11\orders_enriched.csv | Size: 13574 bytes
2026-10-08 12:02:53,515 | INFO | Input file: D:\airflow_etl\raw\orders_enriched\2026-07-12\orders_enriched.csv | Size: 18600 bytes
2026-10-08 12:02:53,515 | INFO | Input file: D:\airflow_etl\raw\orders_enriched\2026-07-13\orders_enriched.csv | Size: 13661 bytes
2026-10-08 12:02:53,516 | INFO | Input file: D:\airflow_etl\raw\orders_enriched\2026-07-14\orders_enriched.csv | Size: 15413 bytes
2026-10-08 12:02:53,516 | INFO | Input file: D:\airflow_etl\raw\orders_enriched\2026-07-15\orders_enriched.csv | Size: 15516 bytes
2026-10-08 12:02:53,516 | INFO | Input file: D:\airflow_etl\raw\orders_enriched\2026-07-16\orders_enriched.csv | Size: 12926 bytes
2026-10-08 12:02:53,516 | INFO | Input file: D:\airflow_etl\raw\orders_enriched\2026-07-17\orders_enriched.csv | Size: 14319 bytes
2026-10-08 12:02:53,516 | INFO | Input file: D:\airflow_etl\raw\orders_enriched\2026-07-18\orders_enriched.csv | Size: 15139 bytes
2026-10-08 12:02:53,516 | INFO | Input file: D:\airflow_etl\raw\orders_enriched\2026-07-19\orders_enriched.csv | Size: 17052 bytes
2026-10-08 12:02:53,516 | INFO | Input file: D:\airflow_etl\raw\orders_enriched\2026-07-20\orders_enriched.csv | Size: 15373 bytes
2026-10-08 12:02:53,517 | INFO | Input file: D:\airflow_etl\raw\orders_enriched\2026-07-21\orders_enriched.csv | Size: 12402 bytes
2026-10-08 12:02:53,517 | INFO | Input file: D:\airflow_etl\raw\orders_enriched\2026-07-22\orders_enriched.csv | Size: 14423 bytes
2026-10-08 12:02:53,517 | INFO | Input file: D:\airflow_etl\raw\orders_enriched\2026-07-23\orders_enriched.csv | Size: 14024 bytes
2026-10-08 12:02:53,517 | INFO | Input file: D:\airflow_etl\raw\orders_enriched\2026-07-24\orders_enriched.csv | Size: 15056 bytes
2026-10-08 12:02:53,517 | INFO | Input file: D:\airflow_etl\raw\orders_enriched\2026-07-25\orders_enriched.csv | Size: 16133 bytes
2026-10-08 12:02:53,517 | INFO | Input file: D:\airflow_etl\raw\orders_enriched\2026-07-26\orders_enriched.csv | Size: 14992 bytes
2026-10-08 12:02:53,518 | INFO | Input file: D:\airflow_etl\raw\orders_enriched\2026-07-27\orders_enriched.csv | Size: 14655 bytes
2026-10-08 12:02:53,518 | INFO | Input file: D:\airflow_etl\raw\orders_enriched\2026-07-28\orders_enriched.csv | Size: 14134 bytes
2026-10-08 12:02:53,518 | INFO | Input file: D:\airflow_etl\raw\orders_enriched\2026-07-29\orders_enriched.csv | Size: 13499 bytes
2026-10-08 12:02:53,518 | INFO | Input file: D:\airflow_etl\raw\orders_enriched\2026-07-30\orders_enriched.csv | Size: 17177 bytes
2026-10-08 12:02:53,518 | INFO | Input file: D:\airflow_etl\raw\orders_enriched\2026-07-31\orders_enriched.csv | Size: 15051 bytes
2026-10-08 12:02:53,518 | INFO | Input file: D:\airflow_etl\raw\orders_enriched\2026-08-01\orders_enriched.csv | Size: 15089 bytes
2026-10-08 12:02:53,519 | INFO | Input file: D:\airflow_etl\raw\orders_enriched\2026-08-02\orders_enriched.csv | Size: 14114 bytes
2026-10-08 12:02:53,519 | INFO | Input file: D:\airflow_etl\raw\orders_enriched\2026-08-03\orders_enriched.csv | Size: 15264 bytes
2026-10-08 12:02:53,519 | INFO | Input file: D:\airflow_etl\raw\orders_enriched\2026-08-04\orders_enriched.csv | Size: 16589 bytes
2026-10-08 12:02:53,519 | INFO | Input file: D:\airflow_etl\raw\orders_enriched\2026-08-05\orders_enriched.csv | Size: 16590 bytes
2026-10-08 12:02:53,519 | INFO | Input file: D:\airflow_etl\raw\orders_enriched\2026-08-06\orders_enriched.csv | Size: 14553 bytes
2026-10-08 12:02:53,519 | INFO | Input file: D:\airflow_etl\raw\orders_enriched\2026-08-07\orders_enriched.csv | Size: 16080 bytes
2026-10-08 12:02:53,520 | INFO | Input file: D:\airflow_etl\raw\orders_enriched\2026-08-08\orders_enriched.csv | Size: 19224 bytes
2026-10-08 12:02:53,520 | INFO | Input file: D:\airflow_etl\raw\orders_enriched\2026-08-09\orders_enriched.csv | Size: 13949 bytes
2026-10-08 12:02:53,520 | INFO | Input file: D:\airflow_etl\raw\orders_enriched\2026-08-10\orders_enriched.csv | Size: 15698 bytes
2026-10-08 12:02:53,520 | INFO | Input file: D:\airflow_etl\raw\orders_enriched\2026-08-11\orders_enriched.csv | Size: 16478 bytes
2026-10-08 12:02:53,520 | INFO | Input file: D:\airflow_etl\raw\orders_enriched\2026-08-12\orders_enriched.csv | Size: 14086 bytes
2026-10-08 12:02:53,520 | INFO | Input file: D:\airflow_etl\raw\orders_enriched\2026-08-13\orders_enriched.csv | Size: 17654 bytes
2026-10-08 12:02:53,520 | INFO | Input file: D:\airflow_etl\raw\orders_enriched\2026-08-14\orders_enriched.csv | Size: 17087 bytes
2026-10-08 12:02:53,521 | INFO | Input file: D:\airflow_etl\raw\orders_enriched\2026-08-15\orders_enriched.csv | Size: 17770 bytes
2026-10-08 12:02:53,521 | INFO | Input file: D:\airflow_etl\raw\orders_enriched\2026-08-16\orders_enriched.csv | Size: 13424 bytes
2026-10-08 12:02:53,521 | INFO | Input file: D:\airflow_etl\raw\orders_enriched\2026-08-17\orders_enriched.csv | Size: 15998 bytes
2026-10-08 12:02:53,521 | INFO | Input file: D:\airflow_etl\raw\orders_enriched\2026-08-18\orders_enriched.csv | Size: 16408 bytes
2026-10-08 12:02:53,521 | INFO | Input file: D:\airflow_etl\raw\orders_enriched\2026-08-19\orders_enriched.csv | Size: 14834 bytes
2026-10-08 12:02:53,521 | INFO | Input file: D:\airflow_etl\raw\orders_enriched\2026-08-20\orders_enriched.csv | Size: 16887 bytes
2026-10-08 12:02:53,522 | INFO | Input file: D:\airflow_etl\raw\orders_enriched\2026-08-21\orders_enriched.csv | Size: 15686 bytes
2026-10-08 12:02:53,522 | INFO | Input file: D:\airflow_etl\raw\orders_enriched\2026-08-22\orders_enriched.csv | Size: 18360 bytes
2026-10-08 12:02:53,522 | INFO | Input file: D:\airflow_etl\raw\orders_enriched\2026-08-23\orders_enriched.csv | Size: 15760 bytes
2026-10-08 12:02:53,522 | INFO | Input file: D:\airflow_etl\raw\orders_enriched\2026-08-24\orders_enriched.csv | Size: 17483 bytes
2026-10-08 12:02:53,522 | INFO | Input file: D:\airflow_etl\raw\orders_enriched\2026-08-25\orders_enriched.csv | Size: 14461 bytes
2026-10-08 12:02:53,522 | INFO | Input file: D:\airflow_etl\raw\orders_enriched\2026-08-26\orders_enriched.csv | Size: 14491 bytes
2026-10-08 12:02:53,522 | INFO | Input file: D:\airflow_etl\raw\orders_enriched\2026-08-27\orders_enriched.csv | Size: 14298 bytes
2026-10-08 12:02:53,523 | INFO | Input file: D:\airflow_etl\raw\orders_enriched\2026-08-28\orders_enriched.csv | Size: 15043 bytes
2026-10-08 12:02:53,523 | INFO | Input file: D:\airflow_etl\raw\orders_enriched\2026-08-29\orders_enriched.csv | Size: 14370 bytes
2026-10-08 12:02:53,523 | INFO | Input file: D:\airflow_etl\raw\orders_enriched\2026-08-30\orders_enriched.csv | Size: 14086 bytes
2026-10-08 12:02:53,523 | INFO | Input file: D:\airflow_etl\raw\orders\2025-01-01\orders.csv | Size: 6442 bytes
2026-10-08 12:02:53,523 | INFO | Input file: D:\airflow_etl\raw\orders\2025-01-01 copy\orders.csv | Size: 6442 bytes
2026-10-08 12:02:53,524 | INFO | Input file: D:\airflow_etl\raw\orders\2025-01-02\orders.csv | Size: 6221 bytes
2026-10-08 12:02:53,524 | INFO | Input file: D:\airflow_etl\raw\orders\2025-01-03\orders.csv | Size: 8145 bytes
2026-10-08 12:02:53,524 | INFO | Input file: D:\airflow_etl\raw\orders\2025-01-04\orders.csv | Size: 5397 bytes
2026-10-08 12:02:53,524 | INFO | Input file: D:\airflow_etl\raw\orders\2025-01-05\orders.csv | Size: 7822 bytes
2026-10-08 12:02:53,524 | INFO | Input file: D:\airflow_etl\raw\orders\2025-01-06\orders.csv | Size: 6645 bytes
2026-10-08 12:02:53,524 | INFO | Input file: D:\airflow_etl\raw\orders\2025-01-07\orders.csv | Size: 6389 bytes
2026-10-08 12:02:53,525 | INFO | Input file: D:\airflow_etl\raw\orders\2025-01-08\orders.csv | Size: 6939 bytes
2026-10-08 12:02:53,525 | INFO | Input file: D:\airflow_etl\raw\orders\2025-01-09\orders.csv | Size: 6220 bytes
2026-10-08 12:02:53,525 | INFO | Input file: D:\airflow_etl\raw\orders\2025-01-10\orders.csv | Size: 7006 bytes
2026-10-08 12:02:53,526 | INFO | Input file: D:\airflow_etl\raw\orders\2025-01-11\orders.csv | Size: 5971 bytes
2026-10-08 12:02:53,526 | INFO | Input file: D:\airflow_etl\raw\orders\2025-01-12\orders.csv | Size: 6649 bytes
2026-10-08 12:02:53,526 | INFO | Input file: D:\airflow_etl\raw\orders\2025-01-13\orders.csv | Size: 7113 bytes
2026-10-08 12:02:53,527 | INFO | Input file: D:\airflow_etl\raw\orders\2025-01-14\orders.csv | Size: 6775 bytes
2026-10-08 12:02:53,527 | INFO | Input file: D:\airflow_etl\raw\orders\2025-01-15\orders.csv | Size: 7745 bytes
2026-10-08 12:02:53,528 | INFO | Input file: D:\airflow_etl\raw\orders\2025-01-16\orders.csv | Size: 7087 bytes
2026-10-08 12:02:53,528 | INFO | Input file: D:\airflow_etl\raw\orders\2025-01-17\orders.csv | Size: 6323 bytes
2026-10-08 12:02:53,528 | INFO | Input file: D:\airflow_etl\raw\orders\2025-01-18\orders.csv | Size: 5647 bytes
2026-10-08 12:02:53,528 | INFO | Input file: D:\airflow_etl\raw\orders\2025-01-19\orders.csv | Size: 6112 bytes
2026-10-08 12:02:53,530 | INFO | Input file: D:\airflow_etl\raw\orders\2025-01-20\orders.csv | Size: 7837 bytes
2026-10-08 12:02:53,530 | INFO | Input file: D:\airflow_etl\raw\orders\2025-01-21\orders.csv | Size: 7250 bytes
2026-10-08 12:02:53,530 | INFO | Input file: D:\airflow_etl\raw\orders\2025-01-22\orders.csv | Size: 7815 bytes
2026-10-08 12:02:53,530 | INFO | Input file: D:\airflow_etl\raw\orders\2025-01-23\orders.csv | Size: 5678 bytes
2026-10-08 12:02:53,530 | INFO | Input file: D:\airflow_etl\raw\orders\2025-01-24\orders.csv | Size: 6078 bytes
2026-10-08 12:02:53,531 | INFO | Input file: D:\airflow_etl\raw\orders\2025-01-25\orders.csv | Size: 6094 bytes
2026-10-08 12:02:53,531 | INFO | Input file: D:\airflow_etl\raw\orders\2025-01-26\orders.csv | Size: 8045 bytes
2026-10-08 12:02:53,531 | INFO | Input file: D:\airflow_etl\raw\orders\2025-01-27\orders.csv | Size: 8181 bytes
2026-10-08 12:02:53,531 | INFO | Input file: D:\airflow_etl\raw\orders\2025-01-28\orders.csv | Size: 7704 bytes
2026-10-08 12:02:53,531 | INFO | Input file: D:\airflow_etl\raw\orders\2025-01-29\orders.csv | Size: 7351 bytes
2026-10-08 12:02:53,532 | INFO | Input file: D:\airflow_etl\raw\orders\2025-01-30\orders.csv | Size: 6283 bytes
2026-10-08 12:02:53,532 | INFO | Input file: D:\airflow_etl\raw\orders\2025-01-31\orders.csv | Size: 7958 bytes
2026-10-08 12:02:53,532 | INFO | Input file: D:\airflow_etl\raw\orders\2025-02-01\orders.csv | Size: 7246 bytes
2026-10-08 12:02:53,532 | INFO | Input file: D:\airflow_etl\raw\orders\2025-02-02\orders.csv | Size: 7019 bytes
2026-10-08 12:02:53,532 | INFO | Input file: D:\airflow_etl\raw\orders\2025-02-03\orders.csv | Size: 5858 bytes
2026-10-08 12:02:53,533 | INFO | Input file: D:\airflow_etl\raw\orders\2025-02-04\orders.csv | Size: 6552 bytes
2026-10-08 12:02:53,533 | INFO | Input file: D:\airflow_etl\raw\orders\2025-02-05\orders.csv | Size: 6981 bytes
2026-10-08 12:02:53,533 | INFO | Input file: D:\airflow_etl\raw\orders\2025-02-06\orders.csv | Size: 6886 bytes
2026-10-08 12:02:53,533 | INFO | Input file: D:\airflow_etl\raw\orders\2025-02-07\orders.csv | Size: 5523 bytes
2026-10-08 12:02:53,533 | INFO | Input file: D:\airflow_etl\raw\orders\2025-02-08\orders.csv | Size: 7315 bytes
2026-10-08 12:02:53,551 | INFO | Input file: D:\airflow_etl\raw\orders\2025-02-09\orders.csv | Size: 6473 bytes
2026-10-08 12:02:53,576 | INFO | Input file: D:\airflow_etl\raw\orders\2025-02-10\orders.csv | Size: 6831 bytes
2026-10-08 12:02:53,590 | INFO | Input file: D:\airflow_etl\raw\orders\2025-02-11\orders.csv | Size: 7430 bytes
2026-10-08 12:02:53,591 | INFO | Input file: D:\airflow_etl\raw\orders\2025-02-12\orders.csv | Size: 7413 bytes
2026-10-08 12:02:53,591 | INFO | Input file: D:\airflow_etl\raw\orders\2025-02-13\orders.csv | Size: 6550 bytes
2026-10-08 12:02:53,591 | INFO | Input file: D:\airflow_etl\raw\orders\2025-02-14\orders.csv | Size: 7784 bytes
2026-10-08 12:02:53,591 | INFO | Input file: D:\airflow_etl\raw\orders\2025-02-15\orders.csv | Size: 7551 bytes
2026-10-08 12:02:53,591 | INFO | Input file: D:\airflow_etl\raw\orders\2025-02-16\orders.csv | Size: 6493 bytes
2026-10-08 12:02:53,592 | INFO | Input file: D:\airflow_etl\raw\orders\2025-02-17\orders.csv | Size: 8053 bytes
2026-10-08 12:02:53,593 | INFO | Input file: D:\airflow_etl\raw\orders\2025-02-18\orders.csv | Size: 7250 bytes
2026-10-08 12:02:53,594 | INFO | Input file: D:\airflow_etl\raw\orders\2025-02-19\orders.csv | Size: 7079 bytes
2026-10-08 12:02:53,595 | INFO | Input file: D:\airflow_etl\raw\orders\2025-02-20\orders.csv | Size: 7066 bytes
2026-10-08 12:02:53,595 | INFO | Input file: D:\airflow_etl\raw\orders\2025-02-21\orders.csv | Size: 6306 bytes
2026-10-08 12:02:53,595 | INFO | Input file: D:\airflow_etl\raw\orders\2025-02-22\orders.csv | Size: 6700 bytes
2026-10-08 12:02:53,595 | INFO | Input file: D:\airflow_etl\raw\orders\2025-02-23\orders.csv | Size: 7521 bytes
2026-10-08 12:02:53,596 | INFO | Input file: D:\airflow_etl\raw\orders\2025-02-24\orders.csv | Size: 7526 bytes
2026-10-08 12:02:53,596 | INFO | Input file: D:\airflow_etl\raw\orders\2025-02-25\orders.csv | Size: 6711 bytes
2026-10-08 12:02:53,596 | INFO | Input file: D:\airflow_etl\raw\orders\2025-02-26\orders.csv | Size: 6804 bytes
2026-10-08 12:02:53,596 | INFO | Input file: D:\airflow_etl\raw\orders\2025-02-27\orders.csv | Size: 5234 bytes
2026-10-08 12:02:53,596 | INFO | Input file: D:\airflow_etl\raw\orders\2025-02-28\orders.csv | Size: 7865 bytes
2026-10-08 12:02:53,597 | INFO | Input file: D:\airflow_etl\raw\orders\2025-03-01\orders.csv | Size: 7572 bytes
2026-10-08 12:02:53,597 | INFO | Input file: D:\airflow_etl\raw\orders\2025-03-02\orders.csv | Size: 6393 bytes
2026-10-08 12:02:53,597 | INFO | Input file: D:\airflow_etl\raw\orders\2025-03-03\orders.csv | Size: 6479 bytes
2026-10-08 12:02:53,597 | INFO | Input file: D:\airflow_etl\raw\orders\2025-03-04\orders.csv | Size: 7421 bytes
2026-10-08 12:02:53,597 | INFO | Input file: D:\airflow_etl\raw\orders\2025-03-05\orders.csv | Size: 6784 bytes
2026-10-08 12:02:53,597 | INFO | Input file: D:\airflow_etl\raw\orders\2025-03-06\orders.csv | Size: 7649 bytes
2026-10-08 12:02:53,598 | INFO | Input file: D:\airflow_etl\raw\orders\2025-03-07\orders.csv | Size: 8137 bytes
2026-10-08 12:02:53,598 | INFO | Input file: D:\airflow_etl\raw\orders\2025-03-08\orders.csv | Size: 6818 bytes
2026-10-08 12:02:53,598 | INFO | Input file: D:\airflow_etl\raw\orders\2025-03-09\orders.csv | Size: 6660 bytes
2026-10-08 12:02:53,598 | INFO | Input file: D:\airflow_etl\raw\orders\2025-03-10\orders.csv | Size: 7090 bytes
2026-10-08 12:02:53,598 | INFO | Input file: D:\airflow_etl\raw\orders\2025-03-11\orders.csv | Size: 7386 bytes
2026-10-08 12:02:53,598 | INFO | Input file: D:\airflow_etl\raw\orders\2025-03-12\orders.csv | Size: 6681 bytes
2026-10-08 12:02:53,598 | INFO | Input file: D:\airflow_etl\raw\orders\2025-03-13\orders.csv | Size: 6487 bytes
2026-10-08 12:02:53,598 | INFO | Input file: D:\airflow_etl\raw\orders\2025-03-14\orders.csv | Size: 5808 bytes
2026-10-08 12:02:53,599 | INFO | Input file: D:\airflow_etl\raw\orders\2025-03-15\orders.csv | Size: 7000 bytes
2026-10-08 12:02:53,599 | INFO | Input file: D:\airflow_etl\raw\orders\2025-03-16\orders.csv | Size: 7394 bytes
2026-10-08 12:02:53,599 | INFO | Input file: D:\airflow_etl\raw\orders\2025-03-17\orders.csv | Size: 7771 bytes
2026-10-08 12:02:53,600 | INFO | Input file: D:\airflow_etl\raw\orders\2025-03-18\orders.csv | Size: 7821 bytes
2026-10-08 12:02:53,600 | INFO | Input file: D:\airflow_etl\raw\orders\2025-03-19\orders.csv | Size: 6963 bytes
2026-10-08 12:02:53,600 | INFO | Input file: D:\airflow_etl\raw\orders\2025-03-20\orders.csv | Size: 7182 bytes
2026-10-08 12:02:53,600 | INFO | Input file: D:\airflow_etl\raw\orders\2025-03-21\orders.csv | Size: 6234 bytes
2026-10-08 12:02:53,601 | INFO | Input file: D:\airflow_etl\raw\orders\2025-03-22\orders.csv | Size: 7218 bytes
2026-10-08 12:02:53,601 | INFO | Input file: D:\airflow_etl\raw\orders\2025-03-23\orders.csv | Size: 7198 bytes
2026-10-08 12:02:53,601 | INFO | Input file: D:\airflow_etl\raw\orders\2025-03-24\orders.csv | Size: 7405 bytes
2026-10-08 12:02:53,601 | INFO | Input file: D:\airflow_etl\raw\orders\2025-03-25\orders.csv | Size: 5508 bytes
2026-10-08 12:02:53,601 | INFO | Input file: D:\airflow_etl\raw\orders\2025-03-26\orders.csv | Size: 8871 bytes
2026-10-08 12:02:53,601 | INFO | Input file: D:\airflow_etl\raw\orders\2025-03-27\orders.csv | Size: 6032 bytes
2026-10-08 12:02:53,601 | INFO | Input file: D:\airflow_etl\raw\orders\2025-03-28\orders.csv | Size: 6485 bytes
2026-10-08 12:02:53,602 | INFO | Input file: D:\airflow_etl\raw\orders\2025-03-29\orders.csv | Size: 5857 bytes
2026-10-08 12:02:53,602 | INFO | Input file: D:\airflow_etl\raw\orders\2025-03-30\orders.csv | Size: 8137 bytes
2026-10-08 12:02:53,602 | INFO | Input file: D:\airflow_etl\raw\orders\2025-03-31\orders.csv | Size: 6533 bytes
2026-10-08 12:02:53,602 | INFO | Input file: D:\airflow_etl\raw\orders\2025-04-01\orders.csv | Size: 6813 bytes
2026-10-08 12:02:53,602 | INFO | Input file: D:\airflow_etl\raw\orders\2025-04-02\orders.csv | Size: 6703 bytes
2026-10-08 12:02:53,602 | INFO | Input file: D:\airflow_etl\raw\orders\2025-04-03\orders.csv | Size: 6367 bytes
2026-10-08 12:02:53,603 | INFO | Input file: D:\airflow_etl\raw\orders\2025-04-04\orders.csv | Size: 8646 bytes
2026-10-08 12:02:53,603 | INFO | Input file: D:\airflow_etl\raw\orders\2025-04-05\orders.csv | Size: 7292 bytes
2026-10-08 12:02:53,603 | INFO | Input file: D:\airflow_etl\raw\orders\2025-04-06\orders.csv | Size: 6700 bytes
2026-10-08 12:02:53,603 | INFO | Input file: D:\airflow_etl\raw\orders\2025-04-07\orders.csv | Size: 6145 bytes
2026-10-08 12:02:53,603 | INFO | Input file: D:\airflow_etl\raw\orders\2025-04-08\orders.csv | Size: 7242 bytes
2026-10-08 12:02:53,604 | INFO | Input file: D:\airflow_etl\raw\orders\2025-04-09\orders.csv | Size: 8016 bytes
2026-10-08 12:02:53,604 | INFO | Input file: D:\airflow_etl\raw\orders\2025-04-10\orders.csv | Size: 6721 bytes
2026-10-08 12:02:53,604 | INFO | Input file: D:\airflow_etl\raw\orders\2025-04-11\orders.csv | Size: 7693 bytes
2026-10-08 12:02:53,604 | INFO | Input file: D:\airflow_etl\raw\orders\2025-04-12\orders.csv | Size: 6831 bytes
2026-10-08 12:02:53,604 | INFO | Input file: D:\airflow_etl\raw\orders\2025-04-13\orders.csv | Size: 7360 bytes
2026-10-08 12:02:53,605 | INFO | Input file: D:\airflow_etl\raw\orders\2025-04-14\orders.csv | Size: 6495 bytes
2026-10-08 12:02:53,605 | INFO | Input file: D:\airflow_etl\raw\orders\2025-04-15\orders.csv | Size: 5842 bytes
2026-10-08 12:02:53,605 | INFO | Input file: D:\airflow_etl\raw\orders\2025-04-16\orders.csv | Size: 6181 bytes
2026-10-08 12:02:53,605 | INFO | Input file: D:\airflow_etl\raw\orders\2025-04-17\orders.csv | Size: 7019 bytes
2026-10-08 12:02:53,606 | INFO | Input file: D:\airflow_etl\raw\orders\2025-04-18\orders.csv | Size: 7147 bytes
2026-10-08 12:02:53,606 | INFO | Input file: D:\airflow_etl\raw\orders\2025-04-19\orders.csv | Size: 6482 bytes
2026-10-08 12:02:53,606 | INFO | Input file: D:\airflow_etl\raw\orders\2025-04-20\orders.csv | Size: 7055 bytes
2026-10-08 12:02:53,606 | INFO | Input file: D:\airflow_etl\raw\orders\2025-04-21\orders.csv | Size: 8808 bytes
2026-10-08 12:02:53,606 | INFO | Input file: D:\airflow_etl\raw\orders\2025-04-22\orders.csv | Size: 7152 bytes
2026-10-08 12:02:53,607 | INFO | Input file: D:\airflow_etl\raw\orders\2025-04-23\orders.csv | Size: 5592 bytes
2026-10-08 12:02:53,607 | INFO | Input file: D:\airflow_etl\raw\orders\2025-04-24\orders.csv | Size: 6966 bytes
2026-10-08 12:02:53,607 | INFO | Input file: D:\airflow_etl\raw\orders\2025-04-25\orders.csv | Size: 7435 bytes
2026-10-08 12:02:53,607 | INFO | Input file: D:\airflow_etl\raw\orders\2025-04-26\orders.csv | Size: 6905 bytes
2026-10-08 12:02:53,607 | INFO | Input file: D:\airflow_etl\raw\orders\2025-04-27\orders.csv | Size: 6918 bytes
2026-10-08 12:02:53,607 | INFO | Input file: D:\airflow_etl\raw\orders\2025-04-28\orders.csv | Size: 6416 bytes
2026-10-08 12:02:53,622 | INFO | Input file: D:\airflow_etl\raw\orders\2025-04-29\orders.csv | Size: 7935 bytes
2026-10-08 12:02:53,622 | INFO | Input file: D:\airflow_etl\raw\orders\2025-04-30\orders.csv | Size: 8115 bytes
2026-10-08 12:02:53,622 | INFO | Input file: D:\airflow_etl\raw\orders\2025-05-01\orders.csv | Size: 8616 bytes
2026-10-08 12:02:53,623 | INFO | Input file: D:\airflow_etl\raw\orders\2025-05-02\orders.csv | Size: 6125 bytes
2026-10-08 12:02:53,623 | INFO | Input file: D:\airflow_etl\raw\orders\2025-05-03\orders.csv | Size: 6995 bytes
2026-10-08 12:02:53,623 | INFO | Input file: D:\airflow_etl\raw\orders\2025-05-04\orders.csv | Size: 6582 bytes
2026-10-08 12:02:53,623 | INFO | Input file: D:\airflow_etl\raw\orders\2025-05-05\orders.csv | Size: 6330 bytes
2026-10-08 12:02:53,623 | INFO | Input file: D:\airflow_etl\raw\orders\2025-05-06\orders.csv | Size: 7927 bytes
2026-10-08 12:02:53,624 | INFO | Input file: D:\airflow_etl\raw\orders\2025-05-07\orders.csv | Size: 6850 bytes
2026-10-08 12:02:53,624 | INFO | Input file: D:\airflow_etl\raw\orders\2025-05-08\orders.csv | Size: 6583 bytes
2026-10-08 12:02:53,624 | INFO | Input file: D:\airflow_etl\raw\orders\2025-05-09\orders.csv | Size: 8191 bytes
2026-10-08 12:02:53,624 | INFO | Input file: D:\airflow_etl\raw\orders\2025-05-10\orders.csv | Size: 7017 bytes
2026-10-08 12:02:53,624 | INFO | Input file: D:\airflow_etl\raw\orders\2025-05-11\orders.csv | Size: 7229 bytes
2026-10-08 12:02:53,625 | INFO | Input file: D:\airflow_etl\raw\orders\2025-05-12\orders.csv | Size: 5806 bytes
2026-10-08 12:02:53,625 | INFO | Input file: D:\airflow_etl\raw\orders\2025-05-13\orders.csv | Size: 7589 bytes
2026-10-08 12:02:53,625 | INFO | Input file: D:\airflow_etl\raw\orders\2025-05-14\orders.csv | Size: 6828 bytes
2026-10-08 12:02:53,625 | INFO | Input file: D:\airflow_etl\raw\orders\2025-05-15\orders.csv | Size: 8253 bytes
2026-10-08 12:02:53,625 | INFO | Input file: D:\airflow_etl\raw\orders\2025-05-16\orders.csv | Size: 5879 bytes
2026-10-08 12:02:53,626 | INFO | Input file: D:\airflow_etl\raw\orders\2025-05-17\orders.csv | Size: 7897 bytes
2026-10-08 12:02:53,626 | INFO | Input file: D:\airflow_etl\raw\orders\2025-05-18\orders.csv | Size: 7118 bytes
2026-10-08 12:02:53,626 | INFO | Input file: D:\airflow_etl\raw\orders\2025-05-19\orders.csv | Size: 4644 bytes
2026-10-08 12:02:53,626 | INFO | Input file: D:\airflow_etl\raw\orders\2025-05-20\orders.csv | Size: 7799 bytes
2026-10-08 12:02:53,626 | INFO | Input file: D:\airflow_etl\raw\orders\2025-05-21\orders.csv | Size: 7453 bytes
2026-10-08 12:02:53,626 | INFO | Input file: D:\airflow_etl\raw\orders\2025-05-22\orders.csv | Size: 6883 bytes
2026-10-08 12:02:53,627 | INFO | Input file: D:\airflow_etl\raw\orders\2025-05-23\orders.csv | Size: 6807 bytes
2026-10-08 12:02:53,627 | INFO | Input file: D:\airflow_etl\raw\orders\2025-05-24\orders.csv | Size: 7996 bytes
2026-10-08 12:02:53,627 | INFO | Input file: D:\airflow_etl\raw\orders\2025-05-25\orders.csv | Size: 6733 bytes
2026-10-08 12:02:53,627 | INFO | Input file: D:\airflow_etl\raw\orders\2025-05-26\orders.csv | Size: 7412 bytes
2026-10-08 12:02:53,627 | INFO | Input file: D:\airflow_etl\raw\orders\2025-05-27\orders.csv | Size: 6618 bytes
2026-10-08 12:02:53,627 | INFO | Input file: D:\airflow_etl\raw\orders\2025-05-28\orders.csv | Size: 7013 bytes
2026-10-08 12:02:53,628 | INFO | Input file: D:\airflow_etl\raw\orders\2025-05-29\orders.csv | Size: 7888 bytes
2026-10-08 12:02:53,628 | INFO | Input file: D:\airflow_etl\raw\orders\2025-05-30\orders.csv | Size: 6410 bytes
2026-10-08 12:02:53,628 | INFO | Input file: D:\airflow_etl\raw\orders\2025-05-31\orders.csv | Size: 7196 bytes
2026-10-08 12:02:53,628 | INFO | Input file: D:\airflow_etl\raw\orders\2025-06-01\orders.csv | Size: 7591 bytes
2026-10-08 12:02:53,628 | INFO | Input file: D:\airflow_etl\raw\orders\2025-06-02\orders.csv | Size: 8298 bytes
2026-10-08 12:02:53,628 | INFO | Input file: D:\airflow_etl\raw\orders\2025-06-03\orders.csv | Size: 7745 bytes
2026-10-08 12:02:53,629 | INFO | Input file: D:\airflow_etl\raw\orders\2025-06-04\orders.csv | Size: 6401 bytes
2026-10-08 12:02:53,629 | INFO | Input file: D:\airflow_etl\raw\orders\2025-06-05\orders.csv | Size: 6659 bytes
2026-10-08 12:02:53,629 | INFO | Input file: D:\airflow_etl\raw\orders\2025-06-06\orders.csv | Size: 6674 bytes
2026-10-08 12:02:53,629 | INFO | Input file: D:\airflow_etl\raw\orders\2025-06-07\orders.csv | Size: 7150 bytes
2026-10-08 12:02:53,629 | INFO | Input file: D:\airflow_etl\raw\orders\2025-06-08\orders.csv | Size: 6878 bytes
2026-10-08 12:02:53,629 | INFO | Input file: D:\airflow_etl\raw\orders\2025-06-09\orders.csv | Size: 5581 bytes
2026-10-08 12:02:53,630 | INFO | Input file: D:\airflow_etl\raw\orders\2025-06-10\orders.csv | Size: 8380 bytes
2026-10-08 12:02:53,630 | INFO | Input file: D:\airflow_etl\raw\orders\2025-06-11\orders.csv | Size: 7237 bytes
2026-10-08 12:02:53,630 | INFO | Input file: D:\airflow_etl\raw\orders\2025-06-12\orders.csv | Size: 6470 bytes
2026-10-08 12:02:53,630 | INFO | Input file: D:\airflow_etl\raw\orders\2025-06-13\orders.csv | Size: 6392 bytes
2026-10-08 12:02:53,630 | INFO | Input file: D:\airflow_etl\raw\orders\2025-06-14\orders.csv | Size: 9324 bytes
2026-10-08 12:02:53,630 | INFO | Input file: D:\airflow_etl\raw\orders\2025-06-15\orders.csv | Size: 7616 bytes
2026-10-08 12:02:53,631 | INFO | Input file: D:\airflow_etl\raw\orders\2025-06-16\orders.csv | Size: 6937 bytes
2026-10-08 12:02:53,631 | INFO | Input file: D:\airflow_etl\raw\orders\2025-06-17\orders.csv | Size: 8063 bytes
2026-10-08 12:02:53,631 | INFO | Input file: D:\airflow_etl\raw\orders\2025-06-18\orders.csv | Size: 7196 bytes
2026-10-08 12:02:53,632 | INFO | Input file: D:\airflow_etl\raw\orders\2025-06-19\orders.csv | Size: 7223 bytes
2026-10-08 12:02:53,632 | INFO | Input file: D:\airflow_etl\raw\orders\2025-06-20\orders.csv | Size: 7362 bytes
2026-10-08 12:02:53,633 | INFO | Input file: D:\airflow_etl\raw\orders\2025-06-21\orders.csv | Size: 6730 bytes
2026-10-08 12:02:53,634 | INFO | Input file: D:\airflow_etl\raw\orders\2025-06-22\orders.csv | Size: 6481 bytes
2026-10-08 12:02:53,634 | INFO | Input file: D:\airflow_etl\raw\orders\2025-06-23\orders.csv | Size: 7433 bytes
2026-10-08 12:02:53,635 | INFO | Input file: D:\airflow_etl\raw\orders\2025-06-24\orders.csv | Size: 7899 bytes
2026-10-08 12:02:53,635 | INFO | Input file: D:\airflow_etl\raw\orders\2025-06-25\orders.csv | Size: 7688 bytes
2026-10-08 12:02:53,635 | INFO | Input file: D:\airflow_etl\raw\orders\2025-06-26\orders.csv | Size: 6511 bytes
2026-10-08 12:02:53,635 | INFO | Input file: D:\airflow_etl\raw\orders\2025-06-27\orders.csv | Size: 7273 bytes
2026-10-08 12:02:53,635 | INFO | Input file: D:\airflow_etl\raw\orders\2025-06-28\orders.csv | Size: 7330 bytes
2026-10-08 12:02:53,636 | INFO | Input file: D:\airflow_etl\raw\orders\2025-06-29\orders.csv | Size: 6647 bytes
2026-10-08 12:02:53,636 | INFO | Input file: D:\airflow_etl\raw\orders\2025-06-30\orders.csv | Size: 6464 bytes
2026-10-08 12:02:53,636 | INFO | Input file: D:\airflow_etl\raw\orders\2025-07-01\orders.csv | Size: 8187 bytes
2026-10-08 12:02:53,636 | INFO | Input file: D:\airflow_etl\raw\orders\2025-07-02\orders.csv | Size: 6850 bytes
2026-10-08 12:02:53,636 | INFO | Input file: D:\airflow_etl\raw\orders\2025-07-03\orders.csv | Size: 7161 bytes
2026-10-08 12:02:53,636 | INFO | Input file: D:\airflow_etl\raw\orders\2025-07-04\orders.csv | Size: 7190 bytes
2026-10-08 12:02:53,637 | INFO | Input file: D:\airflow_etl\raw\orders\2025-07-05\orders.csv | Size: 8450 bytes
2026-10-08 12:02:53,637 | INFO | Input file: D:\airflow_etl\raw\orders\2025-07-06\orders.csv | Size: 6756 bytes
2026-10-08 12:02:53,637 | INFO | Input file: D:\airflow_etl\raw\orders\2025-07-07\orders.csv | Size: 7411 bytes
2026-10-08 12:02:53,637 | INFO | Input file: D:\airflow_etl\raw\orders\2025-07-08\orders.csv | Size: 6479 bytes
2026-10-08 12:02:53,637 | INFO | Input file: D:\airflow_etl\raw\orders\2025-07-09\orders.csv | Size: 7231 bytes
2026-10-08 12:02:53,638 | INFO | Input file: D:\airflow_etl\raw\orders\2025-07-10\orders.csv | Size: 7086 bytes
2026-10-08 12:02:53,638 | INFO | Input file: D:\airflow_etl\raw\orders\2025-07-11\orders.csv | Size: 6850 bytes
2026-10-08 12:02:53,638 | INFO | Input file: D:\airflow_etl\raw\orders\2025-07-12\orders.csv | Size: 6528 bytes
2026-10-08 12:02:53,638 | INFO | Input file: D:\airflow_etl\raw\orders\2025-07-13\orders.csv | Size: 8683 bytes
2026-10-08 12:02:53,638 | INFO | Input file: D:\airflow_etl\raw\orders\2025-07-14\orders.csv | Size: 6337 bytes
2026-10-08 12:02:53,639 | INFO | Input file: D:\airflow_etl\raw\orders\2025-07-15\orders.csv | Size: 6810 bytes
2026-10-08 12:02:53,639 | INFO | Input file: D:\airflow_etl\raw\orders\2025-07-16\orders.csv | Size: 7448 bytes
2026-10-08 12:02:53,639 | INFO | Input file: D:\airflow_etl\raw\orders\2025-07-17\orders.csv | Size: 7204 bytes
2026-10-08 12:02:53,639 | INFO | Input file: D:\airflow_etl\raw\orders\2025-07-18\orders.csv | Size: 5856 bytes
2026-10-08 12:02:53,639 | INFO | Input file: D:\airflow_etl\raw\orders\2025-07-19\orders.csv | Size: 6688 bytes
2026-10-08 12:02:53,639 | INFO | Input file: D:\airflow_etl\raw\orders\2025-07-20\orders.csv | Size: 7937 bytes
2026-10-08 12:02:53,640 | INFO | Input file: D:\airflow_etl\raw\orders\2025-07-21\orders.csv | Size: 6988 bytes
2026-10-08 12:02:53,640 | INFO | Input file: D:\airflow_etl\raw\orders\2025-07-22\orders.csv | Size: 6019 bytes
2026-10-08 12:02:53,640 | INFO | Input file: D:\airflow_etl\raw\orders\2025-07-23\orders.csv | Size: 7068 bytes
2026-10-08 12:02:53,640 | INFO | Input file: D:\airflow_etl\raw\orders\2025-07-24\orders.csv | Size: 7080 bytes
2026-10-08 12:02:53,640 | INFO | Input file: D:\airflow_etl\raw\orders\2025-07-25\orders.csv | Size: 6979 bytes
2026-10-08 12:02:53,640 | INFO | Input file: D:\airflow_etl\raw\orders\2025-07-26\orders.csv | Size: 5923 bytes
2026-10-08 12:02:53,641 | INFO | Input file: D:\airflow_etl\raw\orders\2025-07-27\orders.csv | Size: 7101 bytes
2026-10-08 12:02:53,641 | INFO | Input file: D:\airflow_etl\raw\orders\2025-07-28\orders.csv | Size: 7426 bytes
2026-10-08 12:02:53,641 | INFO | Input file: D:\airflow_etl\raw\orders\2025-07-29\orders.csv | Size: 6332 bytes
2026-10-08 12:02:53,642 | INFO | Input file: D:\airflow_etl\raw\orders\2025-07-30\orders.csv | Size: 5458 bytes
2026-10-08 12:02:53,642 | INFO | Input file: D:\airflow_etl\raw\orders\2025-07-31\orders.csv | Size: 7460 bytes
2026-10-08 12:02:53,643 | INFO | Input file: D:\airflow_etl\raw\orders\2025-08-01\orders.csv | Size: 8163 bytes
2026-10-08 12:02:53,643 | INFO | Input file: D:\airflow_etl\raw\orders\2025-08-02\orders.csv | Size: 6700 bytes
2026-10-08 12:02:53,643 | INFO | Input file: D:\airflow_etl\raw\orders\2025-08-03\orders.csv | Size: 6134 bytes
2026-10-08 12:02:53,644 | INFO | Input file: D:\airflow_etl\raw\orders\2025-08-04\orders.csv | Size: 7475 bytes
2026-10-08 12:02:53,644 | INFO | Input file: D:\airflow_etl\raw\orders\2025-08-05\orders.csv | Size: 8082 bytes
2026-10-08 12:02:53,644 | INFO | Input file: D:\airflow_etl\raw\orders\2025-08-06\orders.csv | Size: 7892 bytes
2026-10-08 12:02:53,644 | INFO | Input file: D:\airflow_etl\raw\orders\2025-08-07\orders.csv | Size: 7257 bytes
2026-10-08 12:02:53,644 | INFO | Input file: D:\airflow_etl\raw\orders\2025-08-08\orders.csv | Size: 8943 bytes
2026-10-08 12:02:53,644 | INFO | Input file: D:\airflow_etl\raw\orders\2025-08-09\orders.csv | Size: 8381 bytes
2026-10-08 12:02:53,644 | INFO | Input file: D:\airflow_etl\raw\orders\2025-08-10\orders.csv | Size: 7293 bytes
2026-10-08 12:02:53,645 | INFO | Input file: D:\airflow_etl\raw\orders\2025-08-11\orders.csv | Size: 7850 bytes
2026-10-08 12:02:53,645 | INFO | Input file: D:\airflow_etl\raw\orders\2025-08-12\orders.csv | Size: 6780 bytes
2026-10-08 12:02:53,645 | INFO | Input file: D:\airflow_etl\raw\orders\2025-08-13\orders.csv | Size: 6673 bytes
2026-10-08 12:02:53,645 | INFO | Input file: D:\airflow_etl\raw\orders\2025-08-14\orders.csv | Size: 6540 bytes
2026-10-08 12:02:53,645 | INFO | Input file: D:\airflow_etl\raw\orders\2025-08-15\orders.csv | Size: 6177 bytes
2026-10-08 12:02:53,645 | INFO | Input file: D:\airflow_etl\raw\orders\2025-08-16\orders.csv | Size: 7934 bytes
2026-10-08 12:02:53,645 | INFO | Input file: D:\airflow_etl\raw\orders\2025-08-17\orders.csv | Size: 6463 bytes
2026-10-08 12:02:53,645 | INFO | Input file: D:\airflow_etl\raw\orders\2025-08-18\orders.csv | Size: 6516 bytes
2026-10-08 12:02:53,646 | INFO | Input file: D:\airflow_etl\raw\orders\2025-08-19\orders.csv | Size: 7805 bytes
2026-10-08 12:02:53,646 | INFO | Input file: D:\airflow_etl\raw\orders\2025-08-20\orders.csv | Size: 8002 bytes
2026-10-08 12:02:53,646 | INFO | Input file: D:\airflow_etl\raw\orders\2025-08-21\orders.csv | Size: 6972 bytes
2026-10-08 12:02:53,646 | INFO | Input file: D:\airflow_etl\raw\orders\2025-08-22\orders.csv | Size: 6598 bytes
2026-10-08 12:02:53,646 | INFO | Input file: D:\airflow_etl\raw\orders\2025-08-23\orders.csv | Size: 6162 bytes
2026-10-08 12:02:53,646 | INFO | Input file: D:\airflow_etl\raw\orders\2025-08-24\orders.csv | Size: 6315 bytes
2026-10-08 12:02:53,646 | INFO | Input file: D:\airflow_etl\raw\orders\2025-08-25\orders.csv | Size: 7769 bytes
2026-10-08 12:02:53,647 | INFO | Input file: D:\airflow_etl\raw\orders\2025-08-26\orders.csv | Size: 6696 bytes
2026-10-08 12:02:53,647 | INFO | Input file: D:\airflow_etl\raw\orders\2025-08-27\orders.csv | Size: 6369 bytes
2026-10-08 12:02:53,647 | INFO | Input file: D:\airflow_etl\raw\orders\2025-08-28\orders.csv | Size: 6908 bytes
2026-10-08 12:02:53,647 | INFO | Input file: D:\airflow_etl\raw\orders\2025-08-29\orders.csv | Size: 7718 bytes
2026-10-08 12:02:53,648 | INFO | Input file: D:\airflow_etl\raw\orders\2025-08-30\orders.csv | Size: 7259 bytes
2026-10-08 12:02:53,648 | INFO | Input file: D:\airflow_etl\raw\orders\2025-08-31\orders.csv | Size: 8317 bytes
2026-10-08 12:02:53,648 | INFO | Input file: D:\airflow_etl\raw\orders\2025-09-01\orders.csv | Size: 6588 bytes
2026-10-08 12:02:53,648 | INFO | Input file: D:\airflow_etl\raw\orders\2025-09-02\orders.csv | Size: 7050 bytes
2026-10-08 12:02:53,648 | INFO | Input file: D:\airflow_etl\raw\orders\2025-09-03\orders.csv | Size: 7729 bytes
2026-10-08 12:02:53,649 | INFO | Input file: D:\airflow_etl\raw\orders\2025-09-04\orders.csv | Size: 8083 bytes
2026-10-08 12:02:53,649 | INFO | Input file: D:\airflow_etl\raw\orders\2025-09-05\orders.csv | Size: 8035 bytes
2026-10-08 12:02:53,649 | INFO | Input file: D:\airflow_etl\raw\orders\2025-09-06\orders.csv | Size: 6349 bytes
2026-10-08 12:02:53,649 | INFO | Input file: D:\airflow_etl\raw\orders\2025-09-07\orders.csv | Size: 7291 bytes
2026-10-08 12:02:53,649 | INFO | Input file: D:\airflow_etl\raw\orders\2025-09-08\orders.csv | Size: 6907 bytes
2026-10-08 12:02:53,650 | INFO | Input file: D:\airflow_etl\raw\orders\2025-09-09\orders.csv | Size: 6455 bytes
2026-10-08 12:02:53,650 | INFO | Input file: D:\airflow_etl\raw\orders\2025-09-10\orders.csv | Size: 7467 bytes
2026-10-08 12:02:53,650 | INFO | Input file: D:\airflow_etl\raw\orders\2025-09-11\orders.csv | Size: 6521 bytes
2026-10-08 12:02:53,650 | INFO | Input file: D:\airflow_etl\raw\orders\2025-09-12\orders.csv | Size: 8194 bytes
2026-10-08 12:02:53,650 | INFO | Input file: D:\airflow_etl\raw\orders\2025-09-13\orders.csv | Size: 7415 bytes
2026-10-08 12:02:53,650 | INFO | Input file: D:\airflow_etl\raw\orders\2025-09-14\orders.csv | Size: 8404 bytes
2026-10-08 12:02:53,650 | INFO | Input file: D:\airflow_etl\raw\orders\2025-09-15\orders.csv | Size: 5690 bytes
2026-10-08 12:02:53,651 | INFO | Input file: D:\airflow_etl\raw\orders\2025-09-16\orders.csv | Size: 7423 bytes
2026-10-08 12:02:53,651 | INFO | Input file: D:\airflow_etl\raw\orders\2025-09-17\orders.csv | Size: 6341 bytes
2026-10-08 12:02:53,651 | INFO | Input file: D:\airflow_etl\raw\orders\2025-09-18\orders.csv | Size: 6642 bytes
2026-10-08 12:02:53,651 | INFO | Input file: D:\airflow_etl\raw\orders\2025-09-19\orders.csv | Size: 6740 bytes
2026-10-08 12:02:53,651 | INFO | Input file: D:\airflow_etl\raw\orders\2025-09-20\orders.csv | Size: 8916 bytes
2026-10-08 12:02:53,652 | INFO | Input file: D:\airflow_etl\raw\orders\2025-09-21\orders.csv | Size: 6910 bytes
2026-10-08 12:02:53,652 | INFO | Input file: D:\airflow_etl\raw\orders\2025-09-22\orders.csv | Size: 7424 bytes
2026-10-08 12:02:53,652 | INFO | Input file: D:\airflow_etl\raw\orders\2025-09-23\orders.csv | Size: 8026 bytes
2026-10-08 12:02:53,652 | INFO | Input file: D:\airflow_etl\raw\orders\2025-09-24\orders.csv | Size: 7076 bytes
2026-10-08 12:02:53,652 | INFO | Input file: D:\airflow_etl\raw\orders\2025-09-25\orders.csv | Size: 6674 bytes
2026-10-08 12:02:53,652 | INFO | Input file: D:\airflow_etl\raw\orders\2025-09-26\orders.csv | Size: 8024 bytes
2026-10-08 12:02:53,653 | INFO | Input file: D:\airflow_etl\raw\orders\2025-09-27\orders.csv | Size: 6433 bytes
2026-10-08 12:02:53,653 | INFO | Input file: D:\airflow_etl\raw\orders\2025-09-28\orders.csv | Size: 7109 bytes
2026-10-08 12:02:53,653 | INFO | Input file: D:\airflow_etl\raw\orders\2025-09-29\orders.csv | Size: 7182 bytes
2026-10-08 12:02:53,653 | INFO | Input file: D:\airflow_etl\raw\orders\2025-09-30\orders.csv | Size: 6427 bytes
2026-10-08 12:02:53,653 | INFO | Input file: D:\airflow_etl\raw\orders\2025-10-01\orders.csv | Size: 7810 bytes
2026-10-08 12:02:53,653 | INFO | Input file: D:\airflow_etl\raw\orders\2025-10-02\orders.csv | Size: 6450 bytes
2026-10-08 12:02:53,654 | INFO | Input file: D:\airflow_etl\raw\orders\2025-10-03\orders.csv | Size: 8340 bytes
2026-10-08 12:02:53,654 | INFO | Input file: D:\airflow_etl\raw\orders\2025-10-04\orders.csv | Size: 6350 bytes
2026-10-08 12:02:53,654 | INFO | Input file: D:\airflow_etl\raw\orders\2025-10-05\orders.csv | Size: 7761 bytes
2026-10-08 12:02:53,654 | INFO | Input file: D:\airflow_etl\raw\orders\2025-10-06\orders.csv | Size: 6384 bytes
2026-10-08 12:02:53,655 | INFO | Input file: D:\airflow_etl\raw\orders\2025-10-07\orders.csv | Size: 7861 bytes
2026-10-08 12:02:53,655 | INFO | Input file: D:\airflow_etl\raw\orders\2025-10-08\orders.csv | Size: 8059 bytes
2026-10-08 12:02:53,655 | INFO | Input file: D:\airflow_etl\raw\orders\2025-10-09\orders.csv | Size: 4542 bytes
2026-10-08 12:02:53,655 | INFO | Input file: D:\airflow_etl\raw\orders\2025-10-10\orders.csv | Size: 7004 bytes
2026-10-08 12:02:53,655 | INFO | Input file: D:\airflow_etl\raw\orders\2025-10-11\orders.csv | Size: 6893 bytes
2026-10-08 12:02:53,655 | INFO | Input file: D:\airflow_etl\raw\orders\2025-10-12\orders.csv | Size: 6532 bytes
2026-10-08 12:02:53,656 | INFO | Input file: D:\airflow_etl\raw\orders\2025-10-13\orders.csv | Size: 6988 bytes
2026-10-08 12:02:53,656 | INFO | Input file: D:\airflow_etl\raw\orders\2025-10-14\orders.csv | Size: 7031 bytes
2026-10-08 12:02:53,656 | INFO | Input file: D:\airflow_etl\raw\orders\2025-10-15\orders.csv | Size: 7978 bytes
2026-10-08 12:02:53,656 | INFO | Input file: D:\airflow_etl\raw\orders\2025-10-16\orders.csv | Size: 8243 bytes
2026-10-08 12:02:53,656 | INFO | Input file: D:\airflow_etl\raw\orders\2025-10-17\orders.csv | Size: 5739 bytes
2026-10-08 12:02:53,657 | INFO | Input file: D:\airflow_etl\raw\orders\2025-10-18\orders.csv | Size: 6282 bytes
2026-10-08 12:02:53,657 | INFO | Input file: D:\airflow_etl\raw\orders\2025-10-19\orders.csv | Size: 7040 bytes
2026-10-08 12:02:53,657 | INFO | Input file: D:\airflow_etl\raw\orders\2025-10-20\orders.csv | Size: 8148 bytes
2026-10-08 12:02:53,657 | INFO | Input file: D:\airflow_etl\raw\orders\2025-10-21\orders.csv | Size: 5051 bytes
2026-10-08 12:02:53,658 | INFO | Input file: D:\airflow_etl\raw\orders\2025-10-22\orders.csv | Size: 7452 bytes
2026-10-08 12:02:53,658 | INFO | Input file: D:\airflow_etl\raw\orders\2025-10-23\orders.csv | Size: 7707 bytes
2026-10-08 12:02:53,658 | INFO | Input file: D:\airflow_etl\raw\orders\2025-10-24\orders.csv | Size: 8790 bytes
2026-10-08 12:02:53,659 | INFO | Input file: D:\airflow_etl\raw\orders\2025-10-25\orders.csv | Size: 7300 bytes
2026-10-08 12:02:53,659 | INFO | Input file: D:\airflow_etl\raw\orders\2025-10-26\orders.csv | Size: 7407 bytes
2026-10-08 12:02:53,660 | INFO | Input file: D:\airflow_etl\raw\orders\2025-10-27\orders.csv | Size: 6416 bytes
2026-10-08 12:02:53,660 | INFO | Input file: D:\airflow_etl\raw\orders\2025-10-28\orders.csv | Size: 6091 bytes
2026-10-08 12:02:53,660 | INFO | Input file: D:\airflow_etl\raw\orders\2025-10-29\orders.csv | Size: 6498 bytes
2026-10-08 12:02:53,661 | INFO | Input file: D:\airflow_etl\raw\orders\2025-10-30\orders.csv | Size: 6523 bytes
2026-10-08 12:02:53,661 | INFO | Input file: D:\airflow_etl\raw\orders\2025-10-31\orders.csv | Size: 5709 bytes
2026-10-08 12:02:53,661 | INFO | Input file: D:\airflow_etl\raw\orders\2025-11-01\orders.csv | Size: 6631 bytes
2026-10-08 12:02:53,661 | INFO | Input file: D:\airflow_etl\raw\orders\2025-11-02\orders.csv | Size: 7474 bytes
2026-10-08 12:02:53,661 | INFO | Input file: D:\airflow_etl\raw\orders\2025-11-03\orders.csv | Size: 7476 bytes
2026-10-08 12:02:53,661 | INFO | Input file: D:\airflow_etl\raw\orders\2025-11-04\orders.csv | Size: 5511 bytes
2026-10-08 12:02:53,662 | INFO | Input file: D:\airflow_etl\raw\orders\2025-11-05\orders.csv | Size: 7871 bytes
2026-10-08 12:02:53,662 | INFO | Input file: D:\airflow_etl\raw\orders\2025-11-06\orders.csv | Size: 7078 bytes
2026-10-08 12:02:53,662 | INFO | Input file: D:\airflow_etl\raw\orders\2025-11-07\orders.csv | Size: 6664 bytes
2026-10-08 12:02:53,662 | INFO | Input file: D:\airflow_etl\raw\orders\2025-11-08\orders.csv | Size: 6803 bytes
2026-10-08 12:02:53,662 | INFO | Input file: D:\airflow_etl\raw\orders\2025-11-09\orders.csv | Size: 6578 bytes
2026-10-08 12:02:53,663 | INFO | Input file: D:\airflow_etl\raw\orders\2025-11-10\orders.csv | Size: 7385 bytes
2026-10-08 12:02:53,663 | INFO | Input file: D:\airflow_etl\raw\orders\2025-11-11\orders.csv | Size: 7178 bytes
2026-10-08 12:02:53,663 | INFO | Input file: D:\airflow_etl\raw\orders\2025-11-12\orders.csv | Size: 7066 bytes
2026-10-08 12:02:53,663 | INFO | Input file: D:\airflow_etl\raw\orders\2025-11-13\orders.csv | Size: 6885 bytes
2026-10-08 12:02:53,663 | INFO | Input file: D:\airflow_etl\raw\orders\2025-11-14\orders.csv | Size: 7421 bytes
2026-10-08 12:02:53,663 | INFO | Input file: D:\airflow_etl\raw\orders\2025-11-15\orders.csv | Size: 7590 bytes
2026-10-08 12:02:53,663 | INFO | Input file: D:\airflow_etl\raw\orders\2025-11-16\orders.csv | Size: 5995 bytes
2026-10-08 12:02:53,664 | INFO | Input file: D:\airflow_etl\raw\orders\2025-11-17\orders.csv | Size: 5672 bytes
2026-10-08 12:02:53,664 | INFO | Input file: D:\airflow_etl\raw\orders\2025-11-18\orders.csv | Size: 7045 bytes
2026-10-08 12:02:53,664 | INFO | Input file: D:\airflow_etl\raw\orders\2025-11-19\orders.csv | Size: 6629 bytes
2026-10-08 12:02:53,664 | INFO | Input file: D:\airflow_etl\raw\orders\2025-11-20\orders.csv | Size: 7328 bytes
2026-10-08 12:02:53,664 | INFO | Input file: D:\airflow_etl\raw\orders\2025-11-21\orders.csv | Size: 6595 bytes
2026-10-08 12:02:53,664 | INFO | Input file: D:\airflow_etl\raw\orders\2025-11-22\orders.csv | Size: 6799 bytes
2026-10-08 12:02:53,664 | INFO | Input file: D:\airflow_etl\raw\orders\2025-11-23\orders.csv | Size: 5935 bytes
2026-10-08 12:02:53,665 | INFO | Input file: D:\airflow_etl\raw\orders\2025-11-24\orders.csv | Size: 7018 bytes
2026-10-08 12:02:53,665 | INFO | Input file: D:\airflow_etl\raw\orders\2025-11-25\orders.csv | Size: 6443 bytes
2026-10-08 12:02:53,665 | INFO | Input file: D:\airflow_etl\raw\orders\2025-11-26\orders.csv | Size: 6655 bytes
2026-10-08 12:02:53,665 | INFO | Input file: D:\airflow_etl\raw\orders\2025-11-27\orders.csv | Size: 5705 bytes
2026-10-08 12:02:53,666 | INFO | Input file: D:\airflow_etl\raw\orders\2025-11-28\orders.csv | Size: 6892 bytes
2026-10-08 12:02:53,666 | INFO | Input file: D:\airflow_etl\raw\orders\2025-11-29\orders.csv | Size: 7539 bytes
2026-10-08 12:02:53,666 | INFO | Input file: D:\airflow_etl\raw\orders\2025-11-30\orders.csv | Size: 7507 bytes
2026-10-08 12:02:53,666 | INFO | Input file: D:\airflow_etl\raw\orders\2025-12-01\orders.csv | Size: 7317 bytes
2026-10-08 12:02:53,666 | INFO | Input file: D:\airflow_etl\raw\orders\2025-12-02\orders.csv | Size: 7370 bytes
2026-10-08 12:02:53,666 | INFO | Input file: D:\airflow_etl\raw\orders\2025-12-03\orders.csv | Size: 7426 bytes
2026-10-08 12:02:53,667 | INFO | Input file: D:\airflow_etl\raw\orders\2025-12-04\orders.csv | Size: 7200 bytes
2026-10-08 12:02:53,667 | INFO | Input file: D:\airflow_etl\raw\orders\2025-12-05\orders.csv | Size: 6156 bytes
2026-10-08 12:02:53,667 | INFO | Input file: D:\airflow_etl\raw\orders\2025-12-06\orders.csv | Size: 8140 bytes
2026-10-08 12:02:53,667 | INFO | Input file: D:\airflow_etl\raw\orders\2025-12-07\orders.csv | Size: 7160 bytes
2026-10-08 12:02:53,667 | INFO | Input file: D:\airflow_etl\raw\orders\2025-12-08\orders.csv | Size: 7442 bytes
2026-10-08 12:02:53,668 | INFO | Input file: D:\airflow_etl\raw\orders\2025-12-09\orders.csv | Size: 7157 bytes
2026-10-08 12:02:53,668 | INFO | Input file: D:\airflow_etl\raw\orders\2025-12-10\orders.csv | Size: 8157 bytes
2026-10-08 12:02:53,668 | INFO | Input file: D:\airflow_etl\raw\orders\2025-12-11\orders.csv | Size: 7841 bytes
2026-10-08 12:02:53,668 | INFO | Input file: D:\airflow_etl\raw\orders\2025-12-12\orders.csv | Size: 7188 bytes
2026-10-08 12:02:53,668 | INFO | Input file: D:\airflow_etl\raw\orders\2025-12-13\orders.csv | Size: 6974 bytes
2026-10-08 12:02:53,668 | INFO | Input file: D:\airflow_etl\raw\orders\2025-12-14\orders.csv | Size: 5800 bytes
2026-10-08 12:02:53,669 | INFO | Input file: D:\airflow_etl\raw\orders\2025-12-15\orders.csv | Size: 5915 bytes
2026-10-08 12:02:53,669 | INFO | Input file: D:\airflow_etl\raw\orders\2025-12-16\orders.csv | Size: 6981 bytes
2026-10-08 12:02:53,669 | INFO | Input file: D:\airflow_etl\raw\orders\2025-12-17\orders.csv | Size: 5797 bytes
2026-10-08 12:02:53,669 | INFO | Input file: D:\airflow_etl\raw\orders\2025-12-18\orders.csv | Size: 8506 bytes
2026-10-08 12:02:53,669 | INFO | Input file: D:\airflow_etl\raw\orders\2025-12-19\orders.csv | Size: 6613 bytes
2026-10-08 12:02:53,670 | INFO | Input file: D:\airflow_etl\raw\orders\2025-12-20\orders.csv | Size: 6785 bytes
2026-10-08 12:02:53,670 | INFO | Input file: D:\airflow_etl\raw\orders\2025-12-21\orders.csv | Size: 6080 bytes
2026-10-08 12:02:53,670 | INFO | Input file: D:\airflow_etl\raw\orders\2025-12-22\orders.csv | Size: 8060 bytes
2026-10-08 12:02:53,670 | INFO | Input file: D:\airflow_etl\raw\orders\2025-12-23\orders.csv | Size: 7626 bytes
2026-10-08 12:02:53,670 | INFO | Input file: D:\airflow_etl\raw\orders\2025-12-24\orders.csv | Size: 7705 bytes
2026-10-08 12:02:53,670 | INFO | Input file: D:\airflow_etl\raw\orders\2025-12-25\orders.csv | Size: 5973 bytes
2026-10-08 12:02:53,671 | INFO | Input file: D:\airflow_etl\raw\orders\2025-12-26\orders.csv | Size: 7364 bytes
2026-10-08 12:02:53,671 | INFO | Input file: D:\airflow_etl\raw\orders\2025-12-27\orders.csv | Size: 6043 bytes
2026-10-08 12:02:53,671 | INFO | Input file: D:\airflow_etl\raw\orders\2025-12-28\orders.csv | Size: 6384 bytes
2026-10-08 12:02:53,671 | INFO | Input file: D:\airflow_etl\raw\orders\2025-12-29\orders.csv | Size: 8122 bytes
2026-10-08 12:02:53,671 | INFO | Input file: D:\airflow_etl\raw\orders\2025-12-30\orders.csv | Size: 6103 bytes
2026-10-08 12:02:53,671 | INFO | Input file: D:\airflow_etl\raw\orders\2025-12-31\orders.csv | Size: 7703 bytes
2026-10-08 12:02:53,672 | INFO | Input file: D:\airflow_etl\raw\orders\2026-01-01\orders.csv | Size: 6449 bytes
2026-10-08 12:02:53,672 | INFO | Input file: D:\airflow_etl\raw\orders\2026-01-02\orders.csv | Size: 7243 bytes
2026-10-08 12:02:53,672 | INFO | Input file: D:\airflow_etl\raw\orders\2026-01-03\orders.csv | Size: 6093 bytes
2026-10-08 12:02:53,672 | INFO | Input file: D:\airflow_etl\raw\orders\2026-01-04\orders.csv | Size: 6191 bytes
2026-10-08 12:02:53,672 | INFO | Input file: D:\airflow_etl\raw\orders\2026-01-05\orders.csv | Size: 7793 bytes
2026-10-08 12:02:53,673 | INFO | Input file: D:\airflow_etl\raw\orders\2026-01-06\orders.csv | Size: 7488 bytes
2026-10-08 12:02:53,673 | INFO | Input file: D:\airflow_etl\raw\orders\2026-01-07\orders.csv | Size: 7167 bytes
2026-10-08 12:02:53,673 | INFO | Input file: D:\airflow_etl\raw\orders\2026-01-08\orders.csv | Size: 6819 bytes
2026-10-08 12:02:53,673 | INFO | Input file: D:\airflow_etl\raw\orders\2026-01-09\orders.csv | Size: 7019 bytes
2026-10-08 12:02:53,674 | INFO | Input file: D:\airflow_etl\raw\orders\2026-01-10\orders.csv | Size: 7415 bytes
2026-10-08 12:02:53,674 | INFO | Input file: D:\airflow_etl\raw\orders\2026-01-11\orders.csv | Size: 7876 bytes
2026-10-08 12:02:53,674 | INFO | Input file: D:\airflow_etl\raw\orders\2026-01-12\orders.csv | Size: 6346 bytes
2026-10-08 12:02:53,674 | INFO | Input file: D:\airflow_etl\raw\orders\2026-01-13\orders.csv | Size: 6828 bytes
2026-10-08 12:02:53,674 | INFO | Input file: D:\airflow_etl\raw\orders\2026-01-14\orders.csv | Size: 6360 bytes
2026-10-08 12:02:53,674 | INFO | Input file: D:\airflow_etl\raw\orders\2026-01-15\orders.csv | Size: 6931 bytes
2026-10-08 12:02:53,675 | INFO | Input file: D:\airflow_etl\raw\orders\2026-01-16\orders.csv | Size: 6373 bytes
2026-10-08 12:02:53,675 | INFO | Input file: D:\airflow_etl\raw\orders\2026-01-17\orders.csv | Size: 8207 bytes
2026-10-08 12:02:53,675 | INFO | Input file: D:\airflow_etl\raw\orders\2026-01-18\orders.csv | Size: 8203 bytes
2026-10-08 12:02:53,676 | INFO | Input file: D:\airflow_etl\raw\orders\2026-01-19\orders.csv | Size: 7770 bytes
2026-10-08 12:02:53,676 | INFO | Input file: D:\airflow_etl\raw\orders\2026-01-20\orders.csv | Size: 7731 bytes
2026-10-08 12:02:53,677 | INFO | Input file: D:\airflow_etl\raw\orders\2026-01-21\orders.csv | Size: 7373 bytes
2026-10-08 12:02:53,677 | INFO | Input file: D:\airflow_etl\raw\orders\2026-01-22\orders.csv | Size: 7350 bytes
2026-10-08 12:02:53,677 | INFO | Input file: D:\airflow_etl\raw\orders\2026-01-23\orders.csv | Size: 7524 bytes
2026-10-08 12:02:53,678 | INFO | Input file: D:\airflow_etl\raw\orders\2026-01-24\orders.csv | Size: 8109 bytes
2026-10-08 12:02:53,678 | INFO | Input file: D:\airflow_etl\raw\orders\2026-01-25\orders.csv | Size: 8184 bytes
2026-10-08 12:02:53,678 | INFO | Input file: D:\airflow_etl\raw\orders\2026-01-26\orders.csv | Size: 6359 bytes
2026-10-08 12:02:53,678 | INFO | Input file: D:\airflow_etl\raw\orders\2026-01-27\orders.csv | Size: 6829 bytes
2026-10-08 12:02:53,679 | INFO | Input file: D:\airflow_etl\raw\orders\2026-01-28\orders.csv | Size: 7095 bytes
2026-10-08 12:02:53,679 | INFO | Input file: D:\airflow_etl\raw\orders\2026-01-29\orders.csv | Size: 8035 bytes
2026-10-08 12:02:53,679 | INFO | Input file: D:\airflow_etl\raw\orders\2026-01-30\orders.csv | Size: 6610 bytes
2026-10-08 12:02:53,679 | INFO | Input file: D:\airflow_etl\raw\orders\2026-01-31\orders.csv | Size: 6886 bytes
2026-10-08 12:02:53,679 | INFO | Input file: D:\airflow_etl\raw\orders\2026-02-01\orders.csv | Size: 6700 bytes
2026-10-08 12:02:53,680 | INFO | Input file: D:\airflow_etl\raw\orders\2026-02-02\orders.csv | Size: 8914 bytes
2026-10-08 12:02:53,680 | INFO | Input file: D:\airflow_etl\raw\orders\2026-02-03\orders.csv | Size: 7539 bytes
2026-10-08 12:02:53,680 | INFO | Input file: D:\airflow_etl\raw\orders\2026-02-04\orders.csv | Size: 6899 bytes
2026-10-08 12:02:53,680 | INFO | Input file: D:\airflow_etl\raw\orders\2026-02-05\orders.csv | Size: 7291 bytes
2026-10-08 12:02:53,680 | INFO | Input file: D:\airflow_etl\raw\orders\2026-02-06\orders.csv | Size: 6531 bytes
2026-10-08 12:02:53,680 | INFO | Input file: D:\airflow_etl\raw\orders\2026-02-07\orders.csv | Size: 9200 bytes
2026-10-08 12:02:53,681 | INFO | Input file: D:\airflow_etl\raw\orders\2026-02-08\orders.csv | Size: 6196 bytes
2026-10-08 12:02:53,681 | INFO | Input file: D:\airflow_etl\raw\orders\2026-02-09\orders.csv | Size: 7282 bytes
2026-10-08 12:02:53,681 | INFO | Input file: D:\airflow_etl\raw\orders\2026-02-10\orders.csv | Size: 7363 bytes
2026-10-08 12:02:53,681 | INFO | Input file: D:\airflow_etl\raw\orders\2026-02-11\orders.csv | Size: 6802 bytes
2026-10-08 12:02:53,681 | INFO | Input file: D:\airflow_etl\raw\orders\2026-02-12\orders.csv | Size: 6786 bytes
2026-10-08 12:02:53,681 | INFO | Input file: D:\airflow_etl\raw\orders\2026-02-13\orders.csv | Size: 7266 bytes
2026-10-08 12:02:53,681 | INFO | Input file: D:\airflow_etl\raw\orders\2026-02-14\orders.csv | Size: 7687 bytes
2026-10-08 12:02:53,682 | INFO | Input file: D:\airflow_etl\raw\orders\2026-02-15\orders.csv | Size: 8325 bytes
2026-10-08 12:02:53,682 | INFO | Input file: D:\airflow_etl\raw\orders\2026-02-16\orders.csv | Size: 6397 bytes
2026-10-08 12:02:53,682 | INFO | Input file: D:\airflow_etl\raw\orders\2026-02-17\orders.csv | Size: 6255 bytes
2026-10-08 12:02:53,682 | INFO | Input file: D:\airflow_etl\raw\orders\2026-02-18\orders.csv | Size: 8158 bytes
2026-10-08 12:02:53,682 | INFO | Input file: D:\airflow_etl\raw\orders\2026-02-19\orders.csv | Size: 6996 bytes
2026-10-08 12:02:53,682 | INFO | Input file: D:\airflow_etl\raw\orders\2026-02-20\orders.csv | Size: 6832 bytes
2026-10-08 12:02:53,682 | INFO | Input file: D:\airflow_etl\raw\orders\2026-02-21\orders.csv | Size: 6810 bytes
2026-10-08 12:02:53,683 | INFO | Input file: D:\airflow_etl\raw\orders\2026-02-22\orders.csv | Size: 6754 bytes
2026-10-08 12:02:53,683 | INFO | Input file: D:\airflow_etl\raw\orders\2026-02-23\orders.csv | Size: 7223 bytes
2026-10-08 12:02:53,683 | INFO | Input file: D:\airflow_etl\raw\orders\2026-02-24\orders.csv | Size: 6992 bytes
2026-10-08 12:02:53,683 | INFO | Input file: D:\airflow_etl\raw\orders\2026-02-25\orders.csv | Size: 5736 bytes
2026-10-08 12:02:53,683 | INFO | Input file: D:\airflow_etl\raw\orders\2026-02-26\orders.csv | Size: 7553 bytes
2026-10-08 12:02:53,684 | INFO | Input file: D:\airflow_etl\raw\orders\2026-02-27\orders.csv | Size: 6618 bytes
2026-10-08 12:02:53,684 | INFO | Input file: D:\airflow_etl\raw\orders\2026-02-28\orders.csv | Size: 6634 bytes
2026-10-08 12:02:53,684 | INFO | Input file: D:\airflow_etl\raw\orders\2026-03-01\orders.csv | Size: 7296 bytes
2026-10-08 12:02:53,684 | INFO | Input file: D:\airflow_etl\raw\orders\2026-03-02\orders.csv | Size: 7037 bytes
2026-10-08 12:02:53,684 | INFO | Input file: D:\airflow_etl\raw\orders\2026-03-03\orders.csv | Size: 8172 bytes
2026-10-08 12:02:53,684 | INFO | Input file: D:\airflow_etl\raw\orders\2026-03-04\orders.csv | Size: 7129 bytes
2026-10-08 12:02:53,684 | INFO | Input file: D:\airflow_etl\raw\orders\2026-03-05\orders.csv | Size: 7655 bytes
2026-10-08 12:02:53,685 | INFO | Input file: D:\airflow_etl\raw\orders\2026-03-06\orders.csv | Size: 6877 bytes
2026-10-08 12:02:53,685 | INFO | Input file: D:\airflow_etl\raw\orders\2026-03-07\orders.csv | Size: 7093 bytes
2026-10-08 12:02:53,685 | INFO | Input file: D:\airflow_etl\raw\orders\2026-03-08\orders.csv | Size: 7739 bytes
2026-10-08 12:02:53,685 | INFO | Input file: D:\airflow_etl\raw\orders\2026-03-09\orders.csv | Size: 6819 bytes
2026-10-08 12:02:53,685 | INFO | Input file: D:\airflow_etl\raw\orders\2026-03-10\orders.csv | Size: 6681 bytes
2026-10-08 12:02:53,685 | INFO | Input file: D:\airflow_etl\raw\orders\2026-03-11\orders.csv | Size: 6916 bytes
2026-10-08 12:02:53,685 | INFO | Input file: D:\airflow_etl\raw\orders\2026-03-12\orders.csv | Size: 6283 bytes
2026-10-08 12:02:53,686 | INFO | Input file: D:\airflow_etl\raw\orders\2026-03-13\orders.csv | Size: 7318 bytes
2026-10-08 12:02:53,686 | INFO | Input file: D:\airflow_etl\raw\orders\2026-03-14\orders.csv | Size: 8898 bytes
2026-10-08 12:02:53,686 | INFO | Input file: D:\airflow_etl\raw\orders\2026-03-15\orders.csv | Size: 6976 bytes
2026-10-08 12:02:53,686 | INFO | Input file: D:\airflow_etl\raw\orders\2026-03-16\orders.csv | Size: 7143 bytes
2026-10-08 12:02:53,686 | INFO | Input file: D:\airflow_etl\raw\orders\2026-03-17\orders.csv | Size: 7084 bytes
2026-10-08 12:02:53,686 | INFO | Input file: D:\airflow_etl\raw\orders\2026-03-18\orders.csv | Size: 8463 bytes
2026-10-08 12:02:53,686 | INFO | Input file: D:\airflow_etl\raw\orders\2026-03-19\orders.csv | Size: 6100 bytes
2026-10-08 12:02:53,686 | INFO | Input file: D:\airflow_etl\raw\orders\2026-03-20\orders.csv | Size: 7947 bytes
2026-10-08 12:02:53,687 | INFO | Input file: D:\airflow_etl\raw\orders\2026-03-21\orders.csv | Size: 6776 bytes
2026-10-08 12:02:53,687 | INFO | Input file: D:\airflow_etl\raw\orders\2026-03-22\orders.csv | Size: 7141 bytes
2026-10-08 12:02:53,687 | INFO | Input file: D:\airflow_etl\raw\orders\2026-03-23\orders.csv | Size: 7536 bytes
2026-10-08 12:02:53,687 | INFO | Input file: D:\airflow_etl\raw\orders\2026-03-24\orders.csv | Size: 6298 bytes
2026-10-08 12:02:53,687 | INFO | Input file: D:\airflow_etl\raw\orders\2026-03-25\orders.csv | Size: 6525 bytes
2026-10-08 12:02:53,687 | INFO | Input file: D:\airflow_etl\raw\orders\2026-03-26\orders.csv | Size: 6959 bytes
2026-10-08 12:02:53,688 | INFO | Input file: D:\airflow_etl\raw\orders\2026-03-27\orders.csv | Size: 6596 bytes
2026-10-08 12:02:53,688 | INFO | Input file: D:\airflow_etl\raw\orders\2026-03-28\orders.csv | Size: 7747 bytes
2026-10-08 12:02:53,688 | INFO | Input file: D:\airflow_etl\raw\orders\2026-03-29\orders.csv | Size: 7799 bytes
2026-10-08 12:02:53,688 | INFO | Input file: D:\airflow_etl\raw\orders\2026-03-30\orders.csv | Size: 7110 bytes
2026-10-08 12:02:53,688 | INFO | Input file: D:\airflow_etl\raw\orders\2026-03-31\orders.csv | Size: 6629 bytes
2026-10-08 12:02:53,688 | INFO | Input file: D:\airflow_etl\raw\orders\2026-04-01\orders.csv | Size: 6614 bytes
2026-10-08 12:02:53,689 | INFO | Input file: D:\airflow_etl\raw\orders\2026-04-02\orders.csv | Size: 6282 bytes
2026-10-08 12:02:53,689 | INFO | Input file: D:\airflow_etl\raw\orders\2026-04-03\orders.csv | Size: 7354 bytes
2026-10-08 12:02:53,689 | INFO | Input file: D:\airflow_etl\raw\orders\2026-04-04\orders.csv | Size: 6300 bytes
2026-10-08 12:02:53,689 | INFO | Input file: D:\airflow_etl\raw\orders\2026-04-05\orders.csv | Size: 6572 bytes
2026-10-08 12:02:53,690 | INFO | Input file: D:\airflow_etl\raw\orders\2026-04-06\orders.csv | Size: 6468 bytes
2026-10-08 12:02:53,690 | INFO | Input file: D:\airflow_etl\raw\orders\2026-04-07\orders.csv | Size: 6039 bytes
2026-10-08 12:02:53,690 | INFO | Input file: D:\airflow_etl\raw\orders\2026-04-08\orders.csv | Size: 7993 bytes
2026-10-08 12:02:53,690 | INFO | Input file: D:\airflow_etl\raw\orders\2026-04-09\orders.csv | Size: 6014 bytes
2026-10-08 12:02:53,690 | INFO | Input file: D:\airflow_etl\raw\orders\2026-04-10\orders.csv | Size: 8622 bytes
2026-10-08 12:02:53,690 | INFO | Input file: D:\airflow_etl\raw\orders\2026-04-11\orders.csv | Size: 8566 bytes
2026-10-08 12:02:53,691 | INFO | Input file: D:\airflow_etl\raw\orders\2026-04-12\orders.csv | Size: 7419 bytes
2026-10-08 12:02:53,691 | INFO | Input file: D:\airflow_etl\raw\orders\2026-04-13\orders.csv | Size: 8033 bytes
2026-10-08 12:02:53,691 | INFO | Input file: D:\airflow_etl\raw\orders\2026-04-14\orders.csv | Size: 7509 bytes
2026-10-08 12:02:53,691 | INFO | Input file: D:\airflow_etl\raw\orders\2026-04-15\orders.csv | Size: 7250 bytes
2026-10-08 12:02:53,691 | INFO | Input file: D:\airflow_etl\raw\orders\2026-04-16\orders.csv | Size: 5881 bytes
2026-10-08 12:02:53,691 | INFO | Input file: D:\airflow_etl\raw\orders\2026-04-17\orders.csv | Size: 5838 bytes
2026-10-08 12:02:53,691 | INFO | Input file: D:\airflow_etl\raw\orders\2026-04-18\orders.csv | Size: 8617 bytes
2026-10-08 12:02:53,692 | INFO | Input file: D:\airflow_etl\raw\orders\2026-04-19\orders.csv | Size: 6708 bytes
2026-10-08 12:02:53,692 | INFO | Input file: D:\airflow_etl\raw\orders\2026-04-20\orders.csv | Size: 7290 bytes
2026-10-08 12:02:53,692 | INFO | Input file: D:\airflow_etl\raw\orders\2026-04-21\orders.csv | Size: 6435 bytes
2026-10-08 12:02:53,692 | INFO | Input file: D:\airflow_etl\raw\orders\2026-04-22\orders.csv | Size: 7487 bytes
2026-10-08 12:02:53,692 | INFO | Input file: D:\airflow_etl\raw\orders\2026-04-23\orders.csv | Size: 6436 bytes
2026-10-08 12:02:53,692 | INFO | Input file: D:\airflow_etl\raw\orders\2026-04-24\orders.csv | Size: 6267 bytes
2026-10-08 12:02:53,693 | INFO | Input file: D:\airflow_etl\raw\orders\2026-04-25\orders.csv | Size: 6983 bytes
2026-10-08 12:02:53,693 | INFO | Input file: D:\airflow_etl\raw\orders\2026-04-26\orders.csv | Size: 5997 bytes
2026-10-08 12:02:53,693 | INFO | Input file: D:\airflow_etl\raw\orders\2026-04-27\orders.csv | Size: 8547 bytes
2026-10-08 12:02:53,693 | INFO | Input file: D:\airflow_etl\raw\orders\2026-04-28\orders.csv | Size: 5730 bytes
2026-10-08 12:02:53,693 | INFO | Input file: D:\airflow_etl\raw\orders\2026-04-29\orders.csv | Size: 7099 bytes
2026-10-08 12:02:53,693 | INFO | Input file: D:\airflow_etl\raw\orders\2026-04-30\orders.csv | Size: 7820 bytes
2026-10-08 12:02:53,694 | INFO | Input file: D:\airflow_etl\raw\orders\2026-05-01\orders.csv | Size: 6830 bytes
2026-10-08 12:02:53,694 | INFO | Input file: D:\airflow_etl\raw\orders\2026-05-02\orders.csv | Size: 8317 bytes
2026-10-08 12:02:53,694 | INFO | Input file: D:\airflow_etl\raw\orders\2026-05-03\orders.csv | Size: 8032 bytes
2026-10-08 12:02:53,694 | INFO | Input file: D:\airflow_etl\raw\orders\2026-05-04\orders.csv | Size: 5968 bytes
2026-10-08 12:02:53,694 | INFO | Input file: D:\airflow_etl\raw\orders\2026-05-05\orders.csv | Size: 8231 bytes
2026-10-08 12:02:53,695 | INFO | Input file: D:\airflow_etl\raw\orders\2026-05-06\orders.csv | Size: 7409 bytes
2026-10-08 12:02:53,695 | INFO | Input file: D:\airflow_etl\raw\orders\2026-05-07\orders.csv | Size: 6962 bytes
2026-10-08 12:02:53,695 | INFO | Input file: D:\airflow_etl\raw\orders\2026-05-08\orders.csv | Size: 7356 bytes
2026-10-08 12:02:53,695 | INFO | Input file: D:\airflow_etl\raw\orders\2026-05-09\orders.csv | Size: 5229 bytes
2026-10-08 12:02:53,695 | INFO | Input file: D:\airflow_etl\raw\orders\2026-05-10\orders.csv | Size: 8783 bytes
2026-10-08 12:02:53,695 | INFO | Input file: D:\airflow_etl\raw\orders\2026-05-11\orders.csv | Size: 7960 bytes
2026-10-08 12:02:53,695 | INFO | Input file: D:\airflow_etl\raw\orders\2026-05-12\orders.csv | Size: 4947 bytes
2026-10-08 12:02:53,696 | INFO | Input file: D:\airflow_etl\raw\orders\2026-05-13\orders.csv | Size: 6332 bytes
2026-10-08 12:02:53,696 | INFO | Input file: D:\airflow_etl\raw\orders\2026-05-14\orders.csv | Size: 6425 bytes
2026-10-08 12:02:53,696 | INFO | Input file: D:\airflow_etl\raw\orders\2026-05-15\orders.csv | Size: 9306 bytes
2026-10-08 12:02:53,696 | INFO | Input file: D:\airflow_etl\raw\orders\2026-05-16\orders.csv | Size: 7313 bytes
2026-10-08 12:02:53,696 | INFO | Input file: D:\airflow_etl\raw\orders\2026-05-17\orders.csv | Size: 7658 bytes
2026-10-08 12:02:53,696 | INFO | Input file: D:\airflow_etl\raw\orders\2026-05-18\orders.csv | Size: 6687 bytes
2026-10-08 12:02:53,697 | INFO | Input file: D:\airflow_etl\raw\orders\2026-05-19\orders.csv | Size: 4942 bytes
2026-10-08 12:02:53,697 | INFO | Input file: D:\airflow_etl\raw\orders\2026-05-20\orders.csv | Size: 7085 bytes
2026-10-08 12:02:53,697 | INFO | Input file: D:\airflow_etl\raw\orders\2026-05-21\orders.csv | Size: 8012 bytes
2026-10-08 12:02:53,698 | INFO | Input file: D:\airflow_etl\raw\orders\2026-05-22\orders.csv | Size: 6313 bytes
2026-10-08 12:02:53,699 | INFO | Input file: D:\airflow_etl\raw\orders\2026-05-23\orders.csv | Size: 7351 bytes
2026-10-08 12:02:53,699 | INFO | Input file: D:\airflow_etl\raw\orders\2026-05-24\orders.csv | Size: 7356 bytes
2026-10-08 12:02:53,700 | INFO | Input file: D:\airflow_etl\raw\orders\2026-05-25\orders.csv | Size: 5722 bytes
2026-10-08 12:02:53,700 | INFO | Input file: D:\airflow_etl\raw\orders\2026-05-26\orders.csv | Size: 7132 bytes
2026-10-08 12:02:53,700 | INFO | Input file: D:\airflow_etl\raw\orders\2026-05-27\orders.csv | Size: 6519 bytes
2026-10-08 12:02:53,700 | INFO | Input file: D:\airflow_etl\raw\orders\2026-05-28\orders.csv | Size: 6911 bytes
2026-10-08 12:02:53,701 | INFO | Input file: D:\airflow_etl\raw\orders\2026-05-29\orders.csv | Size: 6177 bytes
2026-10-08 12:02:53,701 | INFO | Input file: D:\airflow_etl\raw\orders\2026-05-30\orders.csv | Size: 6976 bytes
2026-10-08 12:02:53,701 | INFO | Input file: D:\airflow_etl\raw\orders\2026-05-31\orders.csv | Size: 7066 bytes
2026-10-08 12:02:53,701 | INFO | Input file: D:\airflow_etl\raw\orders\2026-06-01\orders.csv | Size: 7287 bytes
2026-10-08 12:02:53,701 | INFO | Input file: D:\airflow_etl\raw\orders\2026-06-02\orders.csv | Size: 6055 bytes
2026-10-08 12:02:53,702 | INFO | Input file: D:\airflow_etl\raw\orders\2026-06-03\orders.csv | Size: 5845 bytes
2026-10-08 12:02:53,702 | INFO | Input file: D:\airflow_etl\raw\orders\2026-06-04\orders.csv | Size: 6998 bytes
2026-10-08 12:02:53,702 | INFO | Input file: D:\airflow_etl\raw\orders\2026-06-05\orders.csv | Size: 8509 bytes
2026-10-08 12:02:53,702 | INFO | Input file: D:\airflow_etl\raw\orders\2026-06-06\orders.csv | Size: 7267 bytes
2026-10-08 12:02:53,702 | INFO | Input file: D:\airflow_etl\raw\orders\2026-06-07\orders.csv | Size: 8284 bytes
2026-10-08 12:02:53,702 | INFO | Input file: D:\airflow_etl\raw\orders\2026-06-08\orders.csv | Size: 6449 bytes
2026-10-08 12:02:53,702 | INFO | Input file: D:\airflow_etl\raw\orders\2026-06-09\orders.csv | Size: 7045 bytes
2026-10-08 12:02:53,703 | INFO | Input file: D:\airflow_etl\raw\orders\2026-06-10\orders.csv | Size: 6000 bytes
2026-10-08 12:02:53,703 | INFO | Input file: D:\airflow_etl\raw\orders\2026-06-11\orders.csv | Size: 7093 bytes
2026-10-08 12:02:53,703 | INFO | Input file: D:\airflow_etl\raw\orders\2026-06-12\orders.csv | Size: 7155 bytes
2026-10-08 12:02:53,703 | INFO | Input file: D:\airflow_etl\raw\orders\2026-06-13\orders.csv | Size: 8398 bytes
2026-10-08 12:02:53,703 | INFO | Input file: D:\airflow_etl\raw\orders\2026-06-14\orders.csv | Size: 7408 bytes
2026-10-08 12:02:53,703 | INFO | Input file: D:\airflow_etl\raw\orders\2026-06-15\orders.csv | Size: 6495 bytes
2026-10-08 12:02:53,704 | INFO | Input file: D:\airflow_etl\raw\orders\2026-06-16\orders.csv | Size: 7377 bytes
2026-10-08 12:02:53,704 | INFO | Input file: D:\airflow_etl\raw\orders\2026-06-17\orders.csv | Size: 7281 bytes
2026-10-08 12:02:53,704 | INFO | Input file: D:\airflow_etl\raw\orders\2026-06-18\orders.csv | Size: 6654 bytes
2026-10-08 12:02:53,704 | INFO | Input file: D:\airflow_etl\raw\orders\2026-06-19\orders.csv | Size: 6955 bytes
2026-10-08 12:02:53,704 | INFO | Input file: D:\airflow_etl\raw\orders\2026-06-20\orders.csv | Size: 7327 bytes
2026-10-08 12:02:53,704 | INFO | Input file: D:\airflow_etl\raw\orders\2026-06-21\orders.csv | Size: 7306 bytes
2026-10-08 12:02:53,704 | INFO | Input file: D:\airflow_etl\raw\orders\2026-06-22\orders.csv | Size: 7334 bytes
2026-10-08 12:02:53,705 | INFO | Input file: D:\airflow_etl\raw\orders\2026-06-23\orders.csv | Size: 6467 bytes
2026-10-08 12:02:53,705 | INFO | Input file: D:\airflow_etl\raw\orders\2026-06-24\orders.csv | Size: 5118 bytes
2026-10-08 12:02:53,705 | INFO | Input file: D:\airflow_etl\raw\orders\2026-06-25\orders.csv | Size: 5924 bytes
2026-10-08 12:02:53,705 | INFO | Input file: D:\airflow_etl\raw\orders\2026-06-26\orders.csv | Size: 7690 bytes
2026-10-08 12:02:53,705 | INFO | Input file: D:\airflow_etl\raw\orders\2026-06-27\orders.csv | Size: 8190 bytes
2026-10-08 12:02:53,706 | INFO | Input file: D:\airflow_etl\raw\orders\2026-06-28\orders.csv | Size: 7189 bytes
2026-10-08 12:02:53,706 | INFO | Input file: D:\airflow_etl\raw\orders\2026-06-29\orders.csv | Size: 6241 bytes
2026-10-08 12:02:53,706 | INFO | Input file: D:\airflow_etl\raw\orders\2026-06-30\orders.csv | Size: 5873 bytes
2026-10-08 12:02:53,706 | INFO | Input file: D:\airflow_etl\raw\orders\2026-07-01\orders.csv | Size: 6755 bytes
2026-10-08 12:02:53,707 | INFO | Input file: D:\airflow_etl\raw\orders\2026-07-02\orders.csv | Size: 7909 bytes
2026-10-08 12:02:53,707 | INFO | Input file: D:\airflow_etl\raw\orders\2026-07-03\orders.csv | Size: 7451 bytes
2026-10-08 12:02:53,707 | INFO | Input file: D:\airflow_etl\raw\orders\2026-07-04\orders.csv | Size: 6152 bytes
2026-10-08 12:02:53,707 | INFO | Input file: D:\airflow_etl\raw\orders\2026-07-05\orders.csv | Size: 6905 bytes
2026-10-08 12:02:53,708 | INFO | Input file: D:\airflow_etl\raw\orders\2026-07-06\orders.csv | Size: 7993 bytes
2026-10-08 12:02:53,708 | INFO | Input file: D:\airflow_etl\raw\orders\2026-07-07\orders.csv | Size: 7827 bytes
2026-10-08 12:02:53,708 | INFO | Input file: D:\airflow_etl\raw\orders\2026-07-08\orders.csv | Size: 7136 bytes
2026-10-08 12:02:53,708 | INFO | Input file: D:\airflow_etl\raw\orders\2026-07-09\orders.csv | Size: 6212 bytes
2026-10-08 12:02:53,708 | INFO | Input file: D:\airflow_etl\raw\orders\2026-07-10\orders.csv | Size: 6857 bytes
2026-10-08 12:02:53,709 | INFO | Input file: D:\airflow_etl\raw\orders\2026-07-11\orders.csv | Size: 6307 bytes
2026-10-08 12:02:53,709 | INFO | Input file: D:\airflow_etl\raw\orders\2026-07-12\orders.csv | Size: 8608 bytes
2026-10-08 12:02:53,709 | INFO | Input file: D:\airflow_etl\raw\orders\2026-07-13\orders.csv | Size: 6337 bytes
2026-10-08 12:02:53,710 | INFO | Input file: D:\airflow_etl\raw\orders\2026-07-14\orders.csv | Size: 7143 bytes
2026-10-08 12:02:53,710 | INFO | Input file: D:\airflow_etl\raw\orders\2026-07-15\orders.csv | Size: 7207 bytes
2026-10-08 12:02:53,710 | INFO | Input file: D:\airflow_etl\raw\orders\2026-07-16\orders.csv | Size: 5998 bytes
2026-10-08 12:02:53,710 | INFO | Input file: D:\airflow_etl\raw\orders\2026-07-17\orders.csv | Size: 6703 bytes
2026-10-08 12:02:53,711 | INFO | Input file: D:\airflow_etl\raw\orders\2026-07-18\orders.csv | Size: 6966 bytes
2026-10-08 12:02:53,711 | INFO | Input file: D:\airflow_etl\raw\orders\2026-07-19\orders.csv | Size: 7955 bytes
2026-10-08 12:02:53,711 | INFO | Input file: D:\airflow_etl\raw\orders\2026-07-20\orders.csv | Size: 7138 bytes
2026-10-08 12:02:53,712 | INFO | Input file: D:\airflow_etl\raw\orders\2026-07-21\orders.csv | Size: 5810 bytes
2026-10-08 12:02:53,712 | INFO | Input file: D:\airflow_etl\raw\orders\2026-07-22\orders.csv | Size: 6712 bytes
2026-10-08 12:02:53,712 | INFO | Input file: D:\airflow_etl\raw\orders\2026-07-23\orders.csv | Size: 6530 bytes
2026-10-08 12:02:53,712 | INFO | Input file: D:\airflow_etl\raw\orders\2026-07-24\orders.csv | Size: 7062 bytes
2026-10-08 12:02:53,713 | INFO | Input file: D:\airflow_etl\raw\orders\2026-07-25\orders.csv | Size: 7511 bytes
2026-10-08 12:02:53,713 | INFO | Input file: D:\airflow_etl\raw\orders\2026-07-26\orders.csv | Size: 6982 bytes
2026-10-08 12:02:53,713 | INFO | Input file: D:\airflow_etl\raw\orders\2026-07-27\orders.csv | Size: 6805 bytes
2026-10-08 12:02:53,713 | INFO | Input file: D:\airflow_etl\raw\orders\2026-07-28\orders.csv | Size: 6548 bytes
2026-10-08 12:02:53,713 | INFO | Input file: D:\airflow_etl\raw\orders\2026-07-29\orders.csv | Size: 6286 bytes
2026-10-08 12:02:53,713 | INFO | Input file: D:\airflow_etl\raw\orders\2026-07-30\orders.csv | Size: 7961 bytes
2026-10-08 12:02:53,714 | INFO | Input file: D:\airflow_etl\raw\orders\2026-07-31\orders.csv | Size: 6961 bytes
2026-10-08 12:02:53,714 | INFO | Input file: D:\airflow_etl\raw\orders\2026-08-01\orders.csv | Size: 7038 bytes
2026-10-08 12:02:53,714 | INFO | Input file: D:\airflow_etl\raw\orders\2026-08-02\orders.csv | Size: 6616 bytes
2026-10-08 12:02:53,714 | INFO | Input file: D:\airflow_etl\raw\orders\2026-08-03\orders.csv | Size: 7100 bytes
2026-10-08 12:02:53,714 | INFO | Input file: D:\airflow_etl\raw\orders\2026-08-04\orders.csv | Size: 7731 bytes
2026-10-08 12:02:53,714 | INFO | Input file: D:\airflow_etl\raw\orders\2026-08-05\orders.csv | Size: 7671 bytes
2026-10-08 12:02:53,714 | INFO | Input file: D:\airflow_etl\raw\orders\2026-08-06\orders.csv | Size: 6806 bytes
2026-10-08 12:02:53,715 | INFO | Input file: D:\airflow_etl\raw\orders\2026-08-07\orders.csv | Size: 7533 bytes
2026-10-08 12:02:53,715 | INFO | Input file: D:\airflow_etl\raw\orders\2026-08-08\orders.csv | Size: 8923 bytes
2026-10-08 12:02:53,715 | INFO | Input file: D:\airflow_etl\raw\orders\2026-08-09\orders.csv | Size: 6499 bytes
2026-10-08 12:02:53,715 | INFO | Input file: D:\airflow_etl\raw\orders\2026-08-10\orders.csv | Size: 7294 bytes
2026-10-08 12:02:53,715 | INFO | Input file: D:\airflow_etl\raw\orders\2026-08-11\orders.csv | Size: 7649 bytes
2026-10-08 12:02:53,715 | INFO | Input file: D:\airflow_etl\raw\orders\2026-08-12\orders.csv | Size: 6565 bytes
2026-10-08 12:02:53,715 | INFO | Input file: D:\airflow_etl\raw\orders\2026-08-13\orders.csv | Size: 8202 bytes
2026-10-08 12:02:53,716 | INFO | Input file: D:\airflow_etl\raw\orders\2026-08-14\orders.csv | Size: 7933 bytes
2026-10-08 12:02:53,716 | INFO | Input file: D:\airflow_etl\raw\orders\2026-08-15\orders.csv | Size: 8167 bytes
2026-10-08 12:02:53,716 | INFO | Input file: D:\airflow_etl\raw\orders\2026-08-16\orders.csv | Size: 6210 bytes
2026-10-08 12:02:53,716 | INFO | Input file: D:\airflow_etl\raw\orders\2026-08-17\orders.csv | Size: 7458 bytes
2026-10-08 12:02:53,716 | INFO | Input file: D:\airflow_etl\raw\orders\2026-08-18\orders.csv | Size: 7595 bytes
2026-10-08 12:02:53,716 | INFO | Input file: D:\airflow_etl\raw\orders\2026-08-19\orders.csv | Size: 6917 bytes
2026-10-08 12:02:53,717 | INFO | Input file: D:\airflow_etl\raw\orders\2026-08-20\orders.csv | Size: 7844 bytes
2026-10-08 12:02:53,717 | INFO | Input file: D:\airflow_etl\raw\orders\2026-08-21\orders.csv | Size: 7309 bytes
2026-10-08 12:02:53,717 | INFO | Input file: D:\airflow_etl\raw\orders\2026-08-22\orders.csv | Size: 8560 bytes
2026-10-08 12:02:53,717 | INFO | Input file: D:\airflow_etl\raw\orders\2026-08-23\orders.csv | Size: 7333 bytes
2026-10-08 12:02:53,717 | INFO | Input file: D:\airflow_etl\raw\orders\2026-08-24\orders.csv | Size: 8105 bytes
2026-10-08 12:02:53,717 | INFO | Input file: D:\airflow_etl\raw\orders\2026-08-25\orders.csv | Size: 6680 bytes
2026-10-08 12:02:53,717 | INFO | Input file: D:\airflow_etl\raw\orders\2026-08-26\orders.csv | Size: 6719 bytes
2026-10-08 12:02:53,717 | INFO | Input file: D:\airflow_etl\raw\orders\2026-08-27\orders.csv | Size: 6650 bytes
2026-10-08 12:02:53,718 | INFO | Input file: D:\airflow_etl\raw\orders\2026-08-28\orders.csv | Size: 6991 bytes
2026-10-08 12:02:53,718 | INFO | Input file: D:\airflow_etl\raw\orders\2026-08-29\orders.csv | Size: 6693 bytes
2026-10-08 12:02:53,718 | INFO | Input file: D:\airflow_etl\raw\orders\2026-08-30\orders.csv | Size: 6523 bytes
2026-10-08 12:02:53,718 | INFO | Input file: D:\airflow_etl\raw\customers\2022-01-03\customers.csv | Size: 403 bytes
2026-10-08 12:02:53,718 | INFO | Input file: D:\airflow_etl\raw\customers\2022-01-04\customers.csv | Size: 154 bytes
2026-10-08 12:02:53,718 | INFO | Input file: D:\airflow_etl\raw\customers\2022-01-06\customers.csv | Size: 243 bytes
2026-10-08 12:02:53,718 | INFO | Input file: D:\airflow_etl\raw\customers\2022-01-07\customers.csv | Size: 157 bytes
2026-10-08 12:02:53,719 | INFO | Input file: D:\airflow_etl\raw\customers\2022-01-08\customers.csv | Size: 157 bytes
2026-10-08 12:02:53,719 | INFO | Input file: D:\airflow_etl\raw\customers\2022-01-09\customers.csv | Size: 243 bytes
2026-10-08 12:02:53,719 | INFO | Input file: D:\airflow_etl\raw\customers\2022-01-13\customers.csv | Size: 157 bytes
2026-10-08 12:02:53,719 | INFO | Input file: D:\airflow_etl\raw\customers\2022-01-14\customers.csv | Size: 157 bytes
2026-10-08 12:02:53,719 | INFO | Input file: D:\airflow_etl\raw\customers\2022-01-15\customers.csv | Size: 237 bytes
2026-10-08 12:02:53,719 | INFO | Input file: D:\airflow_etl\raw\customers\2022-01-16\customers.csv | Size: 156 bytes
2026-10-08 12:02:53,719 | INFO | Input file: D:\airflow_etl\raw\customers\2022-01-18\customers.csv | Size: 159 bytes
2026-10-08 12:02:53,720 | INFO | Input file: D:\airflow_etl\raw\customers\2022-01-19\customers.csv | Size: 155 bytes
2026-10-08 12:02:53,720 | INFO | Input file: D:\airflow_etl\raw\customers\2022-01-22\customers.csv | Size: 149 bytes
2026-10-08 12:02:53,720 | INFO | Input file: D:\airflow_etl\raw\customers\2022-01-24\customers.csv | Size: 152 bytes
2026-10-08 12:02:53,720 | INFO | Input file: D:\airflow_etl\raw\customers\2022-01-26\customers.csv | Size: 150 bytes
2026-10-08 12:02:53,720 | INFO | Input file: D:\airflow_etl\raw\customers\2022-01-29\customers.csv | Size: 152 bytes
2026-10-08 12:02:53,720 | INFO | Input file: D:\airflow_etl\raw\customers\2022-01-31\customers.csv | Size: 243 bytes
2026-10-08 12:02:53,720 | INFO | Input file: D:\airflow_etl\raw\customers\2022-02-02\customers.csv | Size: 150 bytes
2026-10-08 12:02:53,721 | INFO | Input file: D:\airflow_etl\raw\customers\2022-02-05\customers.csv | Size: 157 bytes
2026-10-08 12:02:53,721 | INFO | Input file: D:\airflow_etl\raw\customers\2022-02-07\customers.csv | Size: 152 bytes
2026-10-08 12:02:53,721 | INFO | Input file: D:\airflow_etl\raw\customers\2022-02-09\customers.csv | Size: 151 bytes
2026-10-08 12:02:53,721 | INFO | Input file: D:\airflow_etl\raw\customers\2022-02-10\customers.csv | Size: 144 bytes
2026-10-08 12:02:53,721 | INFO | Input file: D:\airflow_etl\raw\customers\2022-02-12\customers.csv | Size: 239 bytes
2026-10-08 12:02:53,721 | INFO | Input file: D:\airflow_etl\raw\customers\2022-02-19\customers.csv | Size: 151 bytes
2026-10-08 12:02:53,722 | INFO | Input file: D:\airflow_etl\raw\customers\2022-02-20\customers.csv | Size: 244 bytes
2026-10-08 12:02:53,722 | INFO | Input file: D:\airflow_etl\raw\customers\2022-02-21\customers.csv | Size: 245 bytes
2026-10-08 12:02:53,722 | INFO | Input file: D:\airflow_etl\raw\customers\2022-02-23\customers.csv | Size: 154 bytes
2026-10-08 12:02:53,723 | INFO | Input file: D:\airflow_etl\raw\customers\2022-03-01\customers.csv | Size: 151 bytes
2026-10-08 12:02:53,723 | INFO | Input file: D:\airflow_etl\raw\customers\2022-03-03\customers.csv | Size: 156 bytes
2026-10-08 12:02:53,723 | INFO | Input file: D:\airflow_etl\raw\customers\2022-03-04\customers.csv | Size: 244 bytes
2026-10-08 12:02:53,723 | INFO | Input file: D:\airflow_etl\raw\customers\2022-03-11\customers.csv | Size: 232 bytes
2026-10-08 12:02:53,723 | INFO | Input file: D:\airflow_etl\raw\customers\2022-03-12\customers.csv | Size: 227 bytes
2026-10-08 12:02:53,723 | INFO | Input file: D:\airflow_etl\raw\customers\2022-03-15\customers.csv | Size: 146 bytes
2026-10-08 12:02:53,724 | INFO | Input file: D:\airflow_etl\raw\customers\2022-03-18\customers.csv | Size: 241 bytes
2026-10-08 12:02:53,724 | INFO | Input file: D:\airflow_etl\raw\customers\2022-03-21\customers.csv | Size: 156 bytes
2026-10-08 12:02:53,724 | INFO | Input file: D:\airflow_etl\raw\customers\2022-03-22\customers.csv | Size: 233 bytes
2026-10-08 12:02:53,724 | INFO | Input file: D:\airflow_etl\raw\customers\2022-03-24\customers.csv | Size: 252 bytes
2026-10-08 12:02:53,724 | INFO | Input file: D:\airflow_etl\raw\customers\2022-03-25\customers.csv | Size: 156 bytes
2026-10-08 12:02:53,724 | INFO | Input file: D:\airflow_etl\raw\customers\2022-03-27\customers.csv | Size: 155 bytes
2026-10-08 12:02:53,725 | INFO | Input file: D:\airflow_etl\raw\customers\2022-03-28\customers.csv | Size: 231 bytes
2026-10-08 12:02:53,725 | INFO | Input file: D:\airflow_etl\raw\customers\2022-03-29\customers.csv | Size: 150 bytes
2026-10-08 12:02:53,725 | INFO | Input file: D:\airflow_etl\raw\customers\2022-03-30\customers.csv | Size: 151 bytes
2026-10-08 12:02:53,725 | INFO | Input file: D:\airflow_etl\raw\customers\2022-04-03\customers.csv | Size: 159 bytes
2026-10-08 12:02:53,725 | INFO | Input file: D:\airflow_etl\raw\customers\2022-04-04\customers.csv | Size: 158 bytes
2026-10-08 12:02:53,726 | INFO | Input file: D:\airflow_etl\raw\customers\2022-04-05\customers.csv | Size: 155 bytes
2026-10-08 12:02:53,726 | INFO | Input file: D:\airflow_etl\raw\customers\2022-04-06\customers.csv | Size: 152 bytes
2026-10-08 12:02:53,726 | INFO | Input file: D:\airflow_etl\raw\customers\2022-04-08\customers.csv | Size: 238 bytes
2026-10-08 12:02:53,726 | INFO | Input file: D:\airflow_etl\raw\customers\2022-04-09\customers.csv | Size: 157 bytes
2026-10-08 12:02:53,726 | INFO | Input file: D:\airflow_etl\raw\customers\2022-04-13\customers.csv | Size: 231 bytes
2026-10-08 12:02:53,727 | INFO | Input file: D:\airflow_etl\raw\customers\2022-04-14\customers.csv | Size: 227 bytes
2026-10-08 12:02:53,727 | INFO | Input file: D:\airflow_etl\raw\customers\2022-04-15\customers.csv | Size: 159 bytes
2026-10-08 12:02:53,727 | INFO | Input file: D:\airflow_etl\raw\customers\2022-04-16\customers.csv | Size: 161 bytes
2026-10-08 12:02:53,727 | INFO | Input file: D:\airflow_etl\raw\customers\2022-04-22\customers.csv | Size: 155 bytes
2026-10-08 12:02:53,727 | INFO | Input file: D:\airflow_etl\raw\customers\2022-04-24\customers.csv | Size: 148 bytes
2026-10-08 12:02:53,727 | INFO | Input file: D:\airflow_etl\raw\customers\2022-04-25\customers.csv | Size: 159 bytes
2026-10-08 12:02:53,728 | INFO | Input file: D:\airflow_etl\raw\customers\2022-04-26\customers.csv | Size: 150 bytes
2026-10-08 12:02:53,728 | INFO | Input file: D:\airflow_etl\raw\customers\2022-05-03\customers.csv | Size: 313 bytes
2026-10-08 12:02:53,728 | INFO | Input file: D:\airflow_etl\raw\customers\2022-05-07\customers.csv | Size: 316 bytes
2026-10-08 12:02:53,728 | INFO | Input file: D:\airflow_etl\raw\customers\2022-05-11\customers.csv | Size: 153 bytes
2026-10-08 12:02:53,728 | INFO | Input file: D:\airflow_etl\raw\customers\2022-05-13\customers.csv | Size: 151 bytes
2026-10-08 12:02:53,728 | INFO | Input file: D:\airflow_etl\raw\customers\2022-05-14\customers.csv | Size: 157 bytes
2026-10-08 12:02:53,729 | INFO | Input file: D:\airflow_etl\raw\customers\2022-05-16\customers.csv | Size: 157 bytes
2026-10-08 12:02:53,729 | INFO | Input file: D:\airflow_etl\raw\customers\2022-05-17\customers.csv | Size: 143 bytes
2026-10-08 12:02:53,729 | INFO | Input file: D:\airflow_etl\raw\customers\2022-05-20\customers.csv | Size: 152 bytes
2026-10-08 12:02:53,729 | INFO | Input file: D:\airflow_etl\raw\customers\2022-05-21\customers.csv | Size: 158 bytes
2026-10-08 12:02:53,729 | INFO | Input file: D:\airflow_etl\raw\customers\2022-05-24\customers.csv | Size: 159 bytes
2026-10-08 12:02:53,730 | INFO | Input file: D:\airflow_etl\raw\customers\2022-05-25\customers.csv | Size: 235 bytes
2026-10-08 12:02:53,730 | INFO | Input file: D:\airflow_etl\raw\customers\2022-06-01\customers.csv | Size: 234 bytes
2026-10-08 12:02:53,730 | INFO | Input file: D:\airflow_etl\raw\customers\2022-06-02\customers.csv | Size: 317 bytes
2026-10-08 12:02:53,730 | INFO | Input file: D:\airflow_etl\raw\customers\2022-06-05\customers.csv | Size: 149 bytes
2026-10-08 12:02:53,730 | INFO | Input file: D:\airflow_etl\raw\customers\2022-06-10\customers.csv | Size: 158 bytes
2026-10-08 12:02:53,730 | INFO | Input file: D:\airflow_etl\raw\customers\2022-06-15\customers.csv | Size: 157 bytes
2026-10-08 12:02:53,731 | INFO | Input file: D:\airflow_etl\raw\customers\2022-06-18\customers.csv | Size: 155 bytes
2026-10-08 12:02:53,731 | INFO | Input file: D:\airflow_etl\raw\customers\2022-06-20\customers.csv | Size: 233 bytes
2026-10-08 12:02:53,732 | INFO | Input file: D:\airflow_etl\raw\customers\2022-06-23\customers.csv | Size: 232 bytes
2026-10-08 12:02:53,732 | INFO | Input file: D:\airflow_etl\raw\customers\2022-06-25\customers.csv | Size: 234 bytes
2026-10-08 12:02:53,733 | INFO | Input file: D:\airflow_etl\raw\customers\2022-06-28\customers.csv | Size: 238 bytes
2026-10-08 12:02:53,733 | INFO | Input file: D:\airflow_etl\raw\customers\2022-06-29\customers.csv | Size: 159 bytes
2026-10-08 12:02:53,734 | INFO | Input file: D:\airflow_etl\raw\customers\2022-07-01\customers.csv | Size: 146 bytes
2026-10-08 12:02:53,734 | INFO | Input file: D:\airflow_etl\raw\customers\2022-07-02\customers.csv | Size: 150 bytes
2026-10-08 12:02:53,735 | INFO | Input file: D:\airflow_etl\raw\customers\2022-07-06\customers.csv | Size: 158 bytes
2026-10-08 12:02:53,735 | INFO | Input file: D:\airflow_etl\raw\customers\2022-07-08\customers.csv | Size: 235 bytes
2026-10-08 12:02:53,735 | INFO | Input file: D:\airflow_etl\raw\customers\2022-07-09\customers.csv | Size: 228 bytes
2026-10-08 12:02:53,735 | INFO | Input file: D:\airflow_etl\raw\customers\2022-07-10\customers.csv | Size: 237 bytes
2026-10-08 12:02:53,736 | INFO | Input file: D:\airflow_etl\raw\customers\2022-07-12\customers.csv | Size: 149 bytes
2026-10-08 12:02:53,736 | INFO | Input file: D:\airflow_etl\raw\customers\2022-07-14\customers.csv | Size: 150 bytes
2026-10-08 12:02:53,736 | INFO | Input file: D:\airflow_etl\raw\customers\2022-07-15\customers.csv | Size: 157 bytes
2026-10-08 12:02:53,736 | INFO | Input file: D:\airflow_etl\raw\customers\2022-07-17\customers.csv | Size: 149 bytes
2026-10-08 12:02:53,736 | INFO | Input file: D:\airflow_etl\raw\customers\2022-07-22\customers.csv | Size: 151 bytes
2026-10-08 12:02:53,737 | INFO | Input file: D:\airflow_etl\raw\customers\2022-07-23\customers.csv | Size: 233 bytes
2026-10-08 12:02:53,737 | INFO | Input file: D:\airflow_etl\raw\customers\2022-07-24\customers.csv | Size: 156 bytes
2026-10-08 12:02:53,737 | INFO | Input file: D:\airflow_etl\raw\customers\2022-07-25\customers.csv | Size: 155 bytes
2026-10-08 12:02:53,738 | INFO | Input file: D:\airflow_etl\raw\customers\2022-07-26\customers.csv | Size: 157 bytes
2026-10-08 12:02:53,738 | INFO | Input file: D:\airflow_etl\raw\customers\2022-07-30\customers.csv | Size: 157 bytes
2026-10-08 12:02:53,738 | INFO | Input file: D:\airflow_etl\raw\customers\2022-07-31\customers.csv | Size: 145 bytes
2026-10-08 12:02:53,738 | INFO | Input file: D:\airflow_etl\raw\customers\2022-08-03\customers.csv | Size: 240 bytes
2026-10-08 12:02:53,738 | INFO | Input file: D:\airflow_etl\raw\customers\2022-08-05\customers.csv | Size: 157 bytes
2026-10-08 12:02:53,738 | INFO | Input file: D:\airflow_etl\raw\customers\2022-08-06\customers.csv | Size: 152 bytes
2026-10-08 12:02:53,739 | INFO | Input file: D:\airflow_etl\raw\customers\2022-08-07\customers.csv | Size: 154 bytes
2026-10-08 12:02:53,739 | INFO | Input file: D:\airflow_etl\raw\customers\2022-08-12\customers.csv | Size: 158 bytes
2026-10-08 12:02:53,739 | INFO | Input file: D:\airflow_etl\raw\customers\2022-08-13\customers.csv | Size: 240 bytes
2026-10-08 12:02:53,739 | INFO | Input file: D:\airflow_etl\raw\customers\2022-08-17\customers.csv | Size: 252 bytes
2026-10-08 12:02:53,739 | INFO | Input file: D:\airflow_etl\raw\customers\2022-08-19\customers.csv | Size: 151 bytes
2026-10-08 12:02:53,740 | INFO | Input file: D:\airflow_etl\raw\customers\2022-08-22\customers.csv | Size: 161 bytes
2026-10-08 12:02:53,740 | INFO | Input file: D:\airflow_etl\raw\customers\2022-08-23\customers.csv | Size: 155 bytes
2026-10-08 12:02:53,740 | INFO | Input file: D:\airflow_etl\raw\customers\2022-08-24\customers.csv | Size: 157 bytes
2026-10-08 12:02:53,740 | INFO | Input file: D:\airflow_etl\raw\customers\2022-08-26\customers.csv | Size: 157 bytes
2026-10-08 12:02:53,740 | INFO | Input file: D:\airflow_etl\raw\customers\2022-08-30\customers.csv | Size: 151 bytes
2026-10-08 12:02:53,741 | INFO | Input file: D:\airflow_etl\raw\customers\2022-08-31\customers.csv | Size: 238 bytes
2026-10-08 12:02:53,741 | INFO | Input file: D:\airflow_etl\raw\customers\2022-09-02\customers.csv | Size: 166 bytes
2026-10-08 12:02:53,741 | INFO | Input file: D:\airflow_etl\raw\customers\2022-09-03\customers.csv | Size: 153 bytes
2026-10-08 12:02:53,742 | INFO | Input file: D:\airflow_etl\raw\customers\2022-09-07\customers.csv | Size: 154 bytes
2026-10-08 12:02:53,742 | INFO | Input file: D:\airflow_etl\raw\customers\2022-09-09\customers.csv | Size: 156 bytes
2026-10-08 12:02:53,742 | INFO | Input file: D:\airflow_etl\raw\customers\2022-09-10\customers.csv | Size: 152 bytes
2026-10-08 12:02:53,743 | INFO | Input file: D:\airflow_etl\raw\customers\2022-09-12\customers.csv | Size: 157 bytes
2026-10-08 12:02:53,743 | INFO | Input file: D:\airflow_etl\raw\customers\2022-09-13\customers.csv | Size: 156 bytes
2026-10-08 12:02:53,743 | INFO | Input file: D:\airflow_etl\raw\customers\2022-09-14\customers.csv | Size: 228 bytes
2026-10-08 12:02:53,744 | INFO | Input file: D:\airflow_etl\raw\customers\2022-09-15\customers.csv | Size: 157 bytes
2026-10-08 12:02:53,744 | INFO | Input file: D:\airflow_etl\raw\customers\2022-09-18\customers.csv | Size: 156 bytes
2026-10-08 12:02:53,744 | INFO | Input file: D:\airflow_etl\raw\customers\2022-09-19\customers.csv | Size: 237 bytes
2026-10-08 12:02:53,744 | INFO | Input file: D:\airflow_etl\raw\customers\2022-09-20\customers.csv | Size: 154 bytes
2026-10-08 12:02:53,744 | INFO | Input file: D:\airflow_etl\raw\customers\2022-09-22\customers.csv | Size: 157 bytes
2026-10-08 12:02:53,745 | INFO | Input file: D:\airflow_etl\raw\customers\2022-09-24\customers.csv | Size: 159 bytes
2026-10-08 12:02:53,745 | INFO | Input file: D:\airflow_etl\raw\customers\2022-09-25\customers.csv | Size: 154 bytes
2026-10-08 12:02:53,745 | INFO | Input file: D:\airflow_etl\raw\customers\2022-09-30\customers.csv | Size: 145 bytes
2026-10-08 12:02:53,745 | INFO | Input file: D:\airflow_etl\raw\customers\2022-10-01\customers.csv | Size: 167 bytes
2026-10-08 12:02:53,745 | INFO | Input file: D:\airflow_etl\raw\customers\2022-10-02\customers.csv | Size: 155 bytes
2026-10-08 12:02:53,745 | INFO | Input file: D:\airflow_etl\raw\customers\2022-10-04\customers.csv | Size: 150 bytes
2026-10-08 12:02:53,746 | INFO | Input file: D:\airflow_etl\raw\customers\2022-10-05\customers.csv | Size: 224 bytes
2026-10-08 12:02:53,746 | INFO | Input file: D:\airflow_etl\raw\customers\2022-10-06\customers.csv | Size: 226 bytes
2026-10-08 12:02:53,746 | INFO | Input file: D:\airflow_etl\raw\customers\2022-10-07\customers.csv | Size: 156 bytes
2026-10-08 12:02:53,746 | INFO | Input file: D:\airflow_etl\raw\customers\2022-10-09\customers.csv | Size: 313 bytes
2026-10-08 12:02:53,746 | INFO | Input file: D:\airflow_etl\raw\customers\2022-10-10\customers.csv | Size: 155 bytes
2026-10-08 12:02:53,746 | INFO | Input file: D:\airflow_etl\raw\customers\2022-10-17\customers.csv | Size: 151 bytes
2026-10-08 12:02:53,746 | INFO | Input file: D:\airflow_etl\raw\customers\2022-10-19\customers.csv | Size: 160 bytes
2026-10-08 12:02:53,746 | INFO | Input file: D:\airflow_etl\raw\customers\2022-10-20\customers.csv | Size: 403 bytes
2026-10-08 12:02:53,746 | INFO | Input file: D:\airflow_etl\raw\customers\2022-10-22\customers.csv | Size: 226 bytes
2026-10-08 12:02:53,747 | INFO | Input file: D:\airflow_etl\raw\customers\2022-10-30\customers.csv | Size: 315 bytes
2026-10-08 12:02:53,747 | INFO | Input file: D:\airflow_etl\raw\customers\2022-10-31\customers.csv | Size: 156 bytes
2026-10-08 12:02:53,747 | INFO | Input file: D:\airflow_etl\raw\customers\2022-11-02\customers.csv | Size: 157 bytes
2026-10-08 12:02:53,747 | INFO | Input file: D:\airflow_etl\raw\customers\2022-11-05\customers.csv | Size: 150 bytes
2026-10-08 12:02:53,747 | INFO | Input file: D:\airflow_etl\raw\customers\2022-11-07\customers.csv | Size: 236 bytes
2026-10-08 12:02:53,747 | INFO | Input file: D:\airflow_etl\raw\customers\2022-11-12\customers.csv | Size: 314 bytes
2026-10-08 12:02:53,748 | INFO | Input file: D:\airflow_etl\raw\customers\2022-11-13\customers.csv | Size: 158 bytes
2026-10-08 12:02:53,748 | INFO | Input file: D:\airflow_etl\raw\customers\2022-11-14\customers.csv | Size: 155 bytes
2026-10-08 12:02:53,748 | INFO | Input file: D:\airflow_etl\raw\customers\2022-11-15\customers.csv | Size: 152 bytes
2026-10-08 12:02:53,748 | INFO | Input file: D:\airflow_etl\raw\customers\2022-11-16\customers.csv | Size: 151 bytes
2026-10-08 12:02:53,748 | INFO | Input file: D:\airflow_etl\raw\customers\2022-11-17\customers.csv | Size: 160 bytes
2026-10-08 12:02:53,748 | INFO | Input file: D:\airflow_etl\raw\customers\2022-11-20\customers.csv | Size: 149 bytes
2026-10-08 12:02:53,749 | INFO | Input file: D:\airflow_etl\raw\customers\2022-11-22\customers.csv | Size: 160 bytes
2026-10-08 12:02:53,749 | INFO | Input file: D:\airflow_etl\raw\customers\2022-11-23\customers.csv | Size: 154 bytes
2026-10-08 12:02:53,749 | INFO | Input file: D:\airflow_etl\raw\customers\2022-11-24\customers.csv | Size: 158 bytes
2026-10-08 12:02:53,749 | INFO | Input file: D:\airflow_etl\raw\customers\2022-11-28\customers.csv | Size: 154 bytes
2026-10-08 12:02:53,749 | INFO | Input file: D:\airflow_etl\raw\customers\2022-12-02\customers.csv | Size: 156 bytes
2026-10-08 12:02:53,750 | INFO | Input file: D:\airflow_etl\raw\customers\2022-12-04\customers.csv | Size: 151 bytes
2026-10-08 12:02:53,750 | INFO | Input file: D:\airflow_etl\raw\customers\2022-12-06\customers.csv | Size: 154 bytes
2026-10-08 12:02:53,750 | INFO | Input file: D:\airflow_etl\raw\customers\2022-12-08\customers.csv | Size: 150 bytes
2026-10-08 12:02:53,750 | INFO | Input file: D:\airflow_etl\raw\customers\2022-12-10\customers.csv | Size: 149 bytes
2026-10-08 12:02:53,750 | INFO | Input file: D:\airflow_etl\raw\customers\2022-12-11\customers.csv | Size: 158 bytes
2026-10-08 12:02:53,750 | INFO | Input file: D:\airflow_etl\raw\customers\2022-12-15\customers.csv | Size: 160 bytes
2026-10-08 12:02:53,751 | INFO | Input file: D:\airflow_etl\raw\customers\2022-12-19\customers.csv | Size: 243 bytes
2026-10-08 12:02:53,751 | INFO | Input file: D:\airflow_etl\raw\customers\2022-12-20\customers.csv | Size: 154 bytes
2026-10-08 12:02:53,751 | INFO | Input file: D:\airflow_etl\raw\customers\2022-12-23\customers.csv | Size: 152 bytes
2026-10-08 12:02:53,751 | INFO | Input file: D:\airflow_etl\raw\customers\2022-12-25\customers.csv | Size: 230 bytes
2026-10-08 12:02:53,751 | INFO | Input file: D:\airflow_etl\raw\customers\2022-12-27\customers.csv | Size: 159 bytes
2026-10-08 12:02:53,751 | INFO | Input file: D:\airflow_etl\raw\customers\2022-12-28\customers.csv | Size: 152 bytes
2026-10-08 12:02:53,751 | INFO | Input file: D:\airflow_etl\raw\customers\2023-01-03\customers.csv | Size: 149 bytes
2026-10-08 12:02:53,751 | INFO | Input file: D:\airflow_etl\raw\customers\2023-01-04\customers.csv | Size: 144 bytes
2026-10-08 12:02:53,752 | INFO | Input file: D:\airflow_etl\raw\customers\2023-01-09\customers.csv | Size: 144 bytes
2026-10-08 12:02:53,752 | INFO | Input file: D:\airflow_etl\raw\customers\2023-01-13\customers.csv | Size: 160 bytes
2026-10-08 12:02:53,752 | INFO | Input file: D:\airflow_etl\raw\customers\2023-01-14\customers.csv | Size: 150 bytes
2026-10-08 12:02:53,752 | INFO | Input file: D:\airflow_etl\raw\customers\2023-01-24\customers.csv | Size: 149 bytes
2026-10-08 12:02:53,752 | INFO | Input file: D:\airflow_etl\raw\customers\2023-01-26\customers.csv | Size: 156 bytes
2026-10-08 12:02:53,752 | INFO | Input file: D:\airflow_etl\raw\customers\2023-01-28\customers.csv | Size: 233 bytes
2026-10-08 12:02:53,753 | INFO | Input file: D:\airflow_etl\raw\customers\2023-01-29\customers.csv | Size: 155 bytes
2026-10-08 12:02:53,753 | INFO | Input file: D:\airflow_etl\raw\customers\2023-02-01\customers.csv | Size: 227 bytes
2026-10-08 12:02:53,753 | INFO | Input file: D:\airflow_etl\raw\customers\2023-02-02\customers.csv | Size: 152 bytes
2026-10-08 12:02:53,753 | INFO | Input file: D:\airflow_etl\raw\customers\2023-02-03\customers.csv | Size: 150 bytes
2026-10-08 12:02:53,753 | INFO | Input file: D:\airflow_etl\raw\customers\2023-02-04\customers.csv | Size: 160 bytes
2026-10-08 12:02:53,754 | INFO | Input file: D:\airflow_etl\raw\customers\2023-02-05\customers.csv | Size: 156 bytes
2026-10-08 12:02:53,754 | INFO | Input file: D:\airflow_etl\raw\customers\2023-02-07\customers.csv | Size: 154 bytes
2026-10-08 12:02:53,754 | INFO | Input file: D:\airflow_etl\raw\customers\2023-02-09\customers.csv | Size: 158 bytes
2026-10-08 12:02:53,754 | INFO | Input file: D:\airflow_etl\raw\customers\2023-02-10\customers.csv | Size: 166 bytes
2026-10-08 12:02:53,754 | INFO | Input file: D:\airflow_etl\raw\customers\2023-02-12\customers.csv | Size: 151 bytes
2026-10-08 12:02:53,755 | INFO | Input file: D:\airflow_etl\raw\customers\2023-02-16\customers.csv | Size: 306 bytes
2026-10-08 12:02:53,755 | INFO | Input file: D:\airflow_etl\raw\customers\2023-02-17\customers.csv | Size: 161 bytes
2026-10-08 12:02:53,755 | INFO | Input file: D:\airflow_etl\raw\customers\2023-02-19\customers.csv | Size: 239 bytes
2026-10-08 12:02:53,755 | INFO | Input file: D:\airflow_etl\raw\customers\2023-02-20\customers.csv | Size: 235 bytes
2026-10-08 12:02:53,755 | INFO | Input file: D:\airflow_etl\raw\customers\2023-02-21\customers.csv | Size: 240 bytes
2026-10-08 12:02:53,756 | INFO | Input file: D:\airflow_etl\raw\customers\2023-02-22\customers.csv | Size: 157 bytes
2026-10-08 12:02:53,756 | INFO | Input file: D:\airflow_etl\raw\customers\2023-02-23\customers.csv | Size: 158 bytes
2026-10-08 12:02:53,756 | INFO | Input file: D:\airflow_etl\raw\customers\2023-02-24\customers.csv | Size: 161 bytes
2026-10-08 12:02:53,756 | INFO | Input file: D:\airflow_etl\raw\customers\2023-02-25\customers.csv | Size: 154 bytes
2026-10-08 12:02:53,757 | INFO | Input file: D:\airflow_etl\raw\customers\2023-02-28\customers.csv | Size: 229 bytes
2026-10-08 12:02:53,757 | INFO | Input file: D:\airflow_etl\raw\customers\2023-03-03\customers.csv | Size: 156 bytes
2026-10-08 12:02:53,757 | INFO | Input file: D:\airflow_etl\raw\customers\2023-03-06\customers.csv | Size: 145 bytes
2026-10-08 12:02:53,758 | INFO | Input file: D:\airflow_etl\raw\customers\2023-03-08\customers.csv | Size: 310 bytes
2026-10-08 12:02:53,758 | INFO | Input file: D:\airflow_etl\raw\customers\2023-03-10\customers.csv | Size: 233 bytes
2026-10-08 12:02:53,759 | INFO | Input file: D:\airflow_etl\raw\customers\2023-03-12\customers.csv | Size: 159 bytes
2026-10-08 12:02:53,759 | INFO | Input file: D:\airflow_etl\raw\customers\2023-03-18\customers.csv | Size: 235 bytes
2026-10-08 12:02:53,759 | INFO | Input file: D:\airflow_etl\raw\customers\2023-03-20\customers.csv | Size: 157 bytes
2026-10-08 12:02:53,760 | INFO | Input file: D:\airflow_etl\raw\customers\2023-03-24\customers.csv | Size: 146 bytes
2026-10-08 12:02:53,760 | INFO | Input file: D:\airflow_etl\raw\customers\2023-03-26\customers.csv | Size: 159 bytes
2026-10-08 12:02:53,760 | INFO | Input file: D:\airflow_etl\raw\customers\2023-03-27\customers.csv | Size: 155 bytes
2026-10-08 12:02:53,760 | INFO | Input file: D:\airflow_etl\raw\customers\2023-03-28\customers.csv | Size: 230 bytes
2026-10-08 12:02:53,761 | INFO | Input file: D:\airflow_etl\raw\customers\2023-03-30\customers.csv | Size: 150 bytes
2026-10-08 12:02:53,761 | INFO | Input file: D:\airflow_etl\raw\customers\2023-03-31\customers.csv | Size: 154 bytes
2026-10-08 12:02:53,761 | INFO | Input file: D:\airflow_etl\raw\customers\2023-04-01\customers.csv | Size: 157 bytes
2026-10-08 12:02:53,761 | INFO | Input file: D:\airflow_etl\raw\customers\2023-04-03\customers.csv | Size: 239 bytes
2026-10-08 12:02:53,761 | INFO | Input file: D:\airflow_etl\raw\customers\2023-04-11\customers.csv | Size: 156 bytes
2026-10-08 12:02:53,762 | INFO | Input file: D:\airflow_etl\raw\customers\2023-04-14\customers.csv | Size: 231 bytes
2026-10-08 12:02:53,762 | INFO | Input file: D:\airflow_etl\raw\customers\2023-04-19\customers.csv | Size: 239 bytes
2026-10-08 12:02:53,762 | INFO | Input file: D:\airflow_etl\raw\customers\2023-04-23\customers.csv | Size: 319 bytes
2026-10-08 12:02:53,762 | INFO | Input file: D:\airflow_etl\raw\customers\2023-04-24\customers.csv | Size: 149 bytes
2026-10-08 12:02:53,762 | INFO | Input file: D:\airflow_etl\raw\customers\2023-04-26\customers.csv | Size: 166 bytes
2026-10-08 12:02:53,762 | INFO | Input file: D:\airflow_etl\raw\customers\2023-04-28\customers.csv | Size: 152 bytes
2026-10-08 12:02:53,763 | INFO | Input file: D:\airflow_etl\raw\customers\2023-04-30\customers.csv | Size: 220 bytes
2026-10-08 12:02:53,763 | INFO | Input file: D:\airflow_etl\raw\customers\2023-05-05\customers.csv | Size: 151 bytes
2026-10-08 12:02:53,763 | INFO | Input file: D:\airflow_etl\raw\customers\2023-05-06\customers.csv | Size: 155 bytes
2026-10-08 12:02:53,763 | INFO | Input file: D:\airflow_etl\raw\customers\2023-05-09\customers.csv | Size: 156 bytes
2026-10-08 12:02:53,763 | INFO | Input file: D:\airflow_etl\raw\customers\2023-05-11\customers.csv | Size: 144 bytes
2026-10-08 12:02:53,764 | INFO | Input file: D:\airflow_etl\raw\customers\2023-05-13\customers.csv | Size: 155 bytes
2026-10-08 12:02:53,764 | INFO | Input file: D:\airflow_etl\raw\customers\2023-05-16\customers.csv | Size: 166 bytes
2026-10-08 12:02:53,764 | INFO | Input file: D:\airflow_etl\raw\customers\2023-05-17\customers.csv | Size: 149 bytes
2026-10-08 12:02:53,764 | INFO | Input file: D:\airflow_etl\raw\customers\2023-05-18\customers.csv | Size: 158 bytes
2026-10-08 12:02:53,765 | INFO | Input file: D:\airflow_etl\raw\customers\2023-05-20\customers.csv | Size: 391 bytes
2026-10-08 12:02:53,765 | INFO | Input file: D:\airflow_etl\raw\customers\2023-05-23\customers.csv | Size: 152 bytes
2026-10-08 12:02:53,765 | INFO | Input file: D:\airflow_etl\raw\customers\2023-05-25\customers.csv | Size: 157 bytes
2026-10-08 12:02:53,765 | INFO | Input file: D:\airflow_etl\raw\customers\2023-05-26\customers.csv | Size: 157 bytes
2026-10-08 12:02:53,765 | INFO | Input file: D:\airflow_etl\raw\customers\2023-05-29\customers.csv | Size: 327 bytes
2026-10-08 12:02:53,766 | INFO | Input file: D:\airflow_etl\raw\customers\2023-05-30\customers.csv | Size: 158 bytes
2026-10-08 12:02:53,766 | INFO | Input file: D:\airflow_etl\raw\customers\2023-06-03\customers.csv | Size: 149 bytes
2026-10-08 12:02:53,766 | INFO | Input file: D:\airflow_etl\raw\customers\2023-06-04\customers.csv | Size: 157 bytes
2026-10-08 12:02:53,766 | INFO | Input file: D:\airflow_etl\raw\customers\2023-06-06\customers.csv | Size: 225 bytes
2026-10-08 12:02:53,766 | INFO | Input file: D:\airflow_etl\raw\customers\2023-06-08\customers.csv | Size: 156 bytes
2026-10-08 12:02:53,766 | INFO | Input file: D:\airflow_etl\raw\customers\2023-06-09\customers.csv | Size: 166 bytes
2026-10-08 12:02:53,767 | INFO | Input file: D:\airflow_etl\raw\customers\2023-06-14\customers.csv | Size: 159 bytes
2026-10-08 12:02:53,767 | INFO | Input file: D:\airflow_etl\raw\customers\2023-06-17\customers.csv | Size: 230 bytes
2026-10-08 12:02:53,767 | INFO | Input file: D:\airflow_etl\raw\customers\2023-06-19\customers.csv | Size: 159 bytes
2026-10-08 12:02:53,767 | INFO | Input file: D:\airflow_etl\raw\customers\2023-06-20\customers.csv | Size: 149 bytes
2026-10-08 12:02:53,768 | INFO | Input file: D:\airflow_etl\raw\customers\2023-06-23\customers.csv | Size: 159 bytes
2026-10-08 12:02:53,768 | INFO | Input file: D:\airflow_etl\raw\customers\2023-06-25\customers.csv | Size: 241 bytes
2026-10-08 12:02:53,768 | INFO | Input file: D:\airflow_etl\raw\customers\2023-06-27\customers.csv | Size: 149 bytes
2026-10-08 12:02:53,769 | INFO | Input file: D:\airflow_etl\raw\customers\2023-06-28\customers.csv | Size: 319 bytes
2026-10-08 12:02:53,769 | INFO | Input file: D:\airflow_etl\raw\customers\2023-06-29\customers.csv | Size: 159 bytes
2026-10-08 12:02:53,769 | INFO | Input file: D:\airflow_etl\raw\customers\2023-07-02\customers.csv | Size: 166 bytes
2026-10-08 12:02:53,769 | INFO | Input file: D:\airflow_etl\raw\customers\2023-07-04\customers.csv | Size: 248 bytes
2026-10-08 12:02:53,770 | INFO | Input file: D:\airflow_etl\raw\customers\2023-07-08\customers.csv | Size: 150 bytes
2026-10-08 12:02:53,770 | INFO | Input file: D:\airflow_etl\raw\customers\2023-07-09\customers.csv | Size: 156 bytes
2026-10-08 12:02:53,770 | INFO | Input file: D:\airflow_etl\raw\customers\2023-07-14\customers.csv | Size: 230 bytes
2026-10-08 12:02:53,770 | INFO | Input file: D:\airflow_etl\raw\customers\2023-07-18\customers.csv | Size: 255 bytes
2026-10-08 12:02:53,770 | INFO | Input file: D:\airflow_etl\raw\customers\2023-07-20\customers.csv | Size: 160 bytes
2026-10-08 12:02:53,771 | INFO | Input file: D:\airflow_etl\raw\customers\2023-07-22\customers.csv | Size: 319 bytes
2026-10-08 12:02:53,771 | INFO | Input file: D:\airflow_etl\raw\customers\2023-07-23\customers.csv | Size: 151 bytes
2026-10-08 12:02:53,771 | INFO | Input file: D:\airflow_etl\raw\customers\2023-07-24\customers.csv | Size: 151 bytes
2026-10-08 12:02:53,771 | INFO | Input file: D:\airflow_etl\raw\customers\2023-07-30\customers.csv | Size: 150 bytes
2026-10-08 12:02:53,771 | INFO | Input file: D:\airflow_etl\raw\customers\2023-07-31\customers.csv | Size: 151 bytes
2026-10-08 12:02:53,772 | INFO | Input file: D:\airflow_etl\raw\customers\2023-08-01\customers.csv | Size: 236 bytes
2026-10-08 12:02:53,772 | INFO | Input file: D:\airflow_etl\raw\customers\2023-08-02\customers.csv | Size: 149 bytes
2026-10-08 12:02:53,772 | INFO | Input file: D:\airflow_etl\raw\customers\2023-08-04\customers.csv | Size: 151 bytes
2026-10-08 12:02:53,772 | INFO | Input file: D:\airflow_etl\raw\customers\2023-08-05\customers.csv | Size: 144 bytes
2026-10-08 12:02:53,773 | INFO | Input file: D:\airflow_etl\raw\customers\2023-08-06\customers.csv | Size: 157 bytes
2026-10-08 12:02:53,773 | INFO | Input file: D:\airflow_etl\raw\customers\2023-08-07\customers.csv | Size: 242 bytes
2026-10-08 12:02:53,773 | INFO | Input file: D:\airflow_etl\raw\customers\2023-08-08\customers.csv | Size: 231 bytes
2026-10-08 12:02:53,773 | INFO | Input file: D:\airflow_etl\raw\customers\2023-08-09\customers.csv | Size: 251 bytes
2026-10-08 12:02:53,774 | INFO | Input file: D:\airflow_etl\raw\customers\2023-08-14\customers.csv | Size: 415 bytes
2026-10-08 12:02:53,774 | INFO | Input file: D:\airflow_etl\raw\customers\2023-08-16\customers.csv | Size: 243 bytes
2026-10-08 12:02:53,774 | INFO | Input file: D:\airflow_etl\raw\customers\2023-08-21\customers.csv | Size: 152 bytes
2026-10-08 12:02:53,774 | INFO | Input file: D:\airflow_etl\raw\customers\2023-08-28\customers.csv | Size: 150 bytes
2026-10-08 12:02:53,775 | INFO | Input file: D:\airflow_etl\raw\customers\2023-09-03\customers.csv | Size: 156 bytes
2026-10-08 12:02:53,775 | INFO | Input file: D:\airflow_etl\raw\customers\2023-09-05\customers.csv | Size: 227 bytes
2026-10-08 12:02:53,775 | INFO | Input file: D:\airflow_etl\raw\customers\2023-09-08\customers.csv | Size: 242 bytes
2026-10-08 12:02:53,775 | INFO | Input file: D:\airflow_etl\raw\customers\2023-09-10\customers.csv | Size: 149 bytes
2026-10-08 12:02:53,776 | INFO | Input file: D:\airflow_etl\raw\customers\2023-09-14\customers.csv | Size: 153 bytes
2026-10-08 12:02:53,776 | INFO | Input file: D:\airflow_etl\raw\customers\2023-09-15\customers.csv | Size: 149 bytes
2026-10-08 12:02:53,777 | INFO | Input file: D:\airflow_etl\raw\customers\2023-09-17\customers.csv | Size: 158 bytes
2026-10-08 12:02:53,777 | INFO | Input file: D:\airflow_etl\raw\customers\2023-09-21\customers.csv | Size: 149 bytes
2026-10-08 12:02:53,777 | INFO | Input file: D:\airflow_etl\raw\customers\2023-09-22\customers.csv | Size: 149 bytes
2026-10-08 12:02:53,778 | INFO | Input file: D:\airflow_etl\raw\customers\2023-09-24\customers.csv | Size: 156 bytes
2026-10-08 12:02:53,778 | INFO | Input file: D:\airflow_etl\raw\customers\2023-09-25\customers.csv | Size: 165 bytes
2026-10-08 12:02:53,778 | INFO | Input file: D:\airflow_etl\raw\customers\2023-09-26\customers.csv | Size: 153 bytes
2026-10-08 12:02:53,779 | INFO | Input file: D:\airflow_etl\raw\customers\2023-09-27\customers.csv | Size: 241 bytes
2026-10-08 12:02:53,779 | INFO | Input file: D:\airflow_etl\raw\customers\2023-10-01\customers.csv | Size: 155 bytes
2026-10-08 12:02:53,779 | INFO | Input file: D:\airflow_etl\raw\customers\2023-10-05\customers.csv | Size: 229 bytes
2026-10-08 12:02:53,779 | INFO | Input file: D:\airflow_etl\raw\customers\2023-10-08\customers.csv | Size: 156 bytes
2026-10-08 12:02:53,779 | INFO | Input file: D:\airflow_etl\raw\customers\2023-10-10\customers.csv | Size: 157 bytes
2026-10-08 12:02:53,779 | INFO | Input file: D:\airflow_etl\raw\customers\2023-10-13\customers.csv | Size: 157 bytes
2026-10-08 12:02:53,779 | INFO | Input file: D:\airflow_etl\raw\customers\2023-10-15\customers.csv | Size: 151 bytes
2026-10-08 12:02:53,780 | INFO | Input file: D:\airflow_etl\raw\customers\2023-10-16\customers.csv | Size: 153 bytes
2026-10-08 12:02:53,780 | INFO | Input file: D:\airflow_etl\raw\customers\2023-10-17\customers.csv | Size: 238 bytes
2026-10-08 12:02:53,780 | INFO | Input file: D:\airflow_etl\raw\customers\2023-10-18\customers.csv | Size: 240 bytes
2026-10-08 12:02:53,780 | INFO | Input file: D:\airflow_etl\raw\customers\2023-10-20\customers.csv | Size: 155 bytes
2026-10-08 12:02:53,780 | INFO | Input file: D:\airflow_etl\raw\customers\2023-10-23\customers.csv | Size: 151 bytes
2026-10-08 12:02:53,780 | INFO | Input file: D:\airflow_etl\raw\customers\2023-10-24\customers.csv | Size: 156 bytes
2026-10-08 12:02:53,781 | INFO | Input file: D:\airflow_etl\raw\customers\2023-10-29\customers.csv | Size: 151 bytes
2026-10-08 12:02:53,781 | INFO | Input file: D:\airflow_etl\raw\customers\2023-10-31\customers.csv | Size: 229 bytes
2026-10-08 12:02:53,781 | INFO | Input file: D:\airflow_etl\raw\customers\2023-11-01\customers.csv | Size: 149 bytes
2026-10-08 12:02:53,781 | INFO | Input file: D:\airflow_etl\raw\customers\2023-11-02\customers.csv | Size: 158 bytes
2026-10-08 12:02:53,781 | INFO | Input file: D:\airflow_etl\raw\customers\2023-11-03\customers.csv | Size: 243 bytes
2026-10-08 12:02:53,781 | INFO | Input file: D:\airflow_etl\raw\customers\2023-11-04\customers.csv | Size: 254 bytes
2026-10-08 12:02:53,782 | INFO | Input file: D:\airflow_etl\raw\customers\2023-11-06\customers.csv | Size: 156 bytes
2026-10-08 12:02:53,782 | INFO | Input file: D:\airflow_etl\raw\customers\2023-11-08\customers.csv | Size: 155 bytes
2026-10-08 12:02:53,782 | INFO | Input file: D:\airflow_etl\raw\customers\2023-11-10\customers.csv | Size: 154 bytes
2026-10-08 12:02:53,782 | INFO | Input file: D:\airflow_etl\raw\customers\2023-11-13\customers.csv | Size: 155 bytes
2026-10-08 12:02:53,782 | INFO | Input file: D:\airflow_etl\raw\customers\2023-11-15\customers.csv | Size: 151 bytes
2026-10-08 12:02:53,782 | INFO | Input file: D:\airflow_etl\raw\customers\2023-11-17\customers.csv | Size: 158 bytes
2026-10-08 12:02:53,782 | INFO | Input file: D:\airflow_etl\raw\customers\2023-11-21\customers.csv | Size: 157 bytes
2026-10-08 12:02:53,783 | INFO | Input file: D:\airflow_etl\raw\customers\2023-11-24\customers.csv | Size: 159 bytes
2026-10-08 12:02:53,783 | INFO | Input file: D:\airflow_etl\raw\customers\2023-11-26\customers.csv | Size: 239 bytes
2026-10-08 12:02:53,783 | INFO | Input file: D:\airflow_etl\raw\customers\2023-11-27\customers.csv | Size: 155 bytes
2026-10-08 12:02:53,783 | INFO | Input file: D:\airflow_etl\raw\customers\2023-11-28\customers.csv | Size: 156 bytes
2026-10-08 12:02:53,783 | INFO | Input file: D:\airflow_etl\raw\customers\2023-11-30\customers.csv | Size: 227 bytes
2026-10-08 12:02:53,784 | INFO | Input file: D:\airflow_etl\raw\customers\2023-12-02\customers.csv | Size: 156 bytes
2026-10-08 12:02:53,784 | INFO | Input file: D:\airflow_etl\raw\customers\2023-12-05\customers.csv | Size: 151 bytes
2026-10-08 12:02:53,784 | INFO | Input file: D:\airflow_etl\raw\customers\2023-12-06\customers.csv | Size: 151 bytes
2026-10-08 12:02:53,784 | INFO | Input file: D:\airflow_etl\raw\customers\2023-12-07\customers.csv | Size: 157 bytes
2026-10-08 12:02:53,784 | INFO | Input file: D:\airflow_etl\raw\customers\2023-12-08\customers.csv | Size: 314 bytes
2026-10-08 12:02:53,785 | INFO | Input file: D:\airflow_etl\raw\customers\2023-12-09\customers.csv | Size: 239 bytes
2026-10-08 12:02:53,785 | INFO | Input file: D:\airflow_etl\raw\customers\2023-12-11\customers.csv | Size: 238 bytes
2026-10-08 12:02:53,785 | INFO | Input file: D:\airflow_etl\raw\customers\2023-12-13\customers.csv | Size: 158 bytes
2026-10-08 12:02:53,785 | INFO | Input file: D:\airflow_etl\raw\customers\2023-12-16\customers.csv | Size: 151 bytes
2026-10-08 12:02:53,785 | INFO | Input file: D:\airflow_etl\raw\customers\2023-12-17\customers.csv | Size: 236 bytes
2026-10-08 12:02:53,785 | INFO | Input file: D:\airflow_etl\raw\customers\2023-12-24\customers.csv | Size: 157 bytes
2026-10-08 12:02:53,786 | INFO | Input file: D:\airflow_etl\raw\customers\2023-12-25\customers.csv | Size: 155 bytes
2026-10-08 12:02:53,786 | INFO | Input file: D:\airflow_etl\raw\customers\2023-12-26\customers.csv | Size: 149 bytes
2026-10-08 12:02:53,786 | INFO | Input file: D:\airflow_etl\raw\customers\2023-12-29\customers.csv | Size: 155 bytes
2026-10-08 12:02:53,786 | INFO | Input file: D:\airflow_etl\raw\customers\2023-12-30\customers.csv | Size: 166 bytes
2026-10-08 12:02:53,786 | INFO | Input file: D:\airflow_etl\raw\customers\2024-01-04\customers.csv | Size: 157 bytes
2026-10-08 12:02:53,787 | INFO | Input file: D:\airflow_etl\raw\customers\2024-01-05\customers.csv | Size: 229 bytes
2026-10-08 12:02:53,787 | INFO | Input file: D:\airflow_etl\raw\customers\2024-01-08\customers.csv | Size: 166 bytes
2026-10-08 12:02:53,787 | INFO | Input file: D:\airflow_etl\raw\customers\2024-01-09\customers.csv | Size: 156 bytes
2026-10-08 12:02:53,787 | INFO | Input file: D:\airflow_etl\raw\customers\2024-01-11\customers.csv | Size: 149 bytes
2026-10-08 12:02:53,787 | INFO | Input file: D:\airflow_etl\raw\customers\2024-01-14\customers.csv | Size: 148 bytes
2026-10-08 12:02:53,787 | INFO | Input file: D:\airflow_etl\raw\customers\2024-01-16\customers.csv | Size: 156 bytes
2026-10-08 12:02:53,788 | INFO | Input file: D:\airflow_etl\raw\customers\2024-01-17\customers.csv | Size: 158 bytes
2026-10-08 12:02:53,788 | INFO | Input file: D:\airflow_etl\raw\customers\2024-01-20\customers.csv | Size: 156 bytes
2026-10-08 12:02:53,788 | INFO | Input file: D:\airflow_etl\raw\customers\2024-01-26\customers.csv | Size: 166 bytes
2026-10-08 12:02:53,788 | INFO | Input file: D:\airflow_etl\raw\customers\2024-01-27\customers.csv | Size: 228 bytes
2026-10-08 12:02:53,789 | INFO | Input file: D:\airflow_etl\raw\customers\2024-02-01\customers.csv | Size: 156 bytes
2026-10-08 12:02:53,789 | INFO | Input file: D:\airflow_etl\raw\customers\2024-02-03\customers.csv | Size: 231 bytes
2026-10-08 12:02:53,789 | INFO | Input file: D:\airflow_etl\raw\customers\2024-02-04\customers.csv | Size: 154 bytes
2026-10-08 12:02:53,789 | INFO | Input file: D:\airflow_etl\raw\customers\2024-02-05\customers.csv | Size: 321 bytes
2026-10-08 12:02:53,790 | INFO | Input file: D:\airflow_etl\raw\customers\2024-02-06\customers.csv | Size: 230 bytes
2026-10-08 12:02:53,790 | INFO | Input file: D:\airflow_etl\raw\customers\2024-02-09\customers.csv | Size: 150 bytes
2026-10-08 12:02:53,790 | INFO | Input file: D:\airflow_etl\raw\customers\2024-02-11\customers.csv | Size: 154 bytes
2026-10-08 12:02:53,790 | INFO | Input file: D:\airflow_etl\raw\customers\2024-02-13\customers.csv | Size: 232 bytes
2026-10-08 12:02:53,790 | INFO | Input file: D:\airflow_etl\raw\customers\2024-02-14\customers.csv | Size: 158 bytes
2026-10-08 12:02:53,791 | INFO | Input file: D:\airflow_etl\raw\customers\2024-02-15\customers.csv | Size: 159 bytes
2026-10-08 12:02:53,791 | INFO | Input file: D:\airflow_etl\raw\customers\2024-02-16\customers.csv | Size: 149 bytes
2026-10-08 12:02:53,791 | INFO | Input file: D:\airflow_etl\raw\customers\2024-02-19\customers.csv | Size: 154 bytes
2026-10-08 12:02:53,791 | INFO | Input file: D:\airflow_etl\raw\customers\2024-02-24\customers.csv | Size: 226 bytes
2026-10-08 12:02:53,791 | INFO | Input file: D:\airflow_etl\raw\customers\2024-03-02\customers.csv | Size: 235 bytes
2026-10-08 12:02:53,792 | INFO | Input file: D:\airflow_etl\raw\customers\2024-03-05\customers.csv | Size: 159 bytes
2026-10-08 12:02:53,792 | INFO | Input file: D:\airflow_etl\raw\customers\2024-03-06\customers.csv | Size: 158 bytes
2026-10-08 12:02:53,792 | INFO | Input file: D:\airflow_etl\raw\customers\2024-03-07\customers.csv | Size: 153 bytes
2026-10-08 12:02:53,792 | INFO | Input file: D:\airflow_etl\raw\customers\2024-03-08\customers.csv | Size: 158 bytes
2026-10-08 12:02:53,793 | INFO | Input file: D:\airflow_etl\raw\customers\2024-03-09\customers.csv | Size: 235 bytes
2026-10-08 12:02:53,794 | INFO | Input file: D:\airflow_etl\raw\customers\2024-03-10\customers.csv | Size: 149 bytes
2026-10-08 12:02:53,794 | INFO | Input file: D:\airflow_etl\raw\customers\2024-03-11\customers.csv | Size: 228 bytes
2026-10-08 12:02:53,795 | INFO | Input file: D:\airflow_etl\raw\customers\2024-03-16\customers.csv | Size: 154 bytes
2026-10-08 12:02:53,796 | INFO | Input file: D:\airflow_etl\raw\customers\2024-03-20\customers.csv | Size: 156 bytes
2026-10-08 12:02:53,797 | INFO | Input file: D:\airflow_etl\raw\customers\2024-03-22\customers.csv | Size: 161 bytes
2026-10-08 12:02:53,798 | INFO | Input file: D:\airflow_etl\raw\customers\2024-03-24\customers.csv | Size: 151 bytes
2026-10-08 12:02:53,798 | INFO | Input file: D:\airflow_etl\raw\customers\2024-03-25\customers.csv | Size: 150 bytes
2026-10-08 12:02:53,799 | INFO | Input file: D:\airflow_etl\raw\customers\2024-03-26\customers.csv | Size: 149 bytes
2026-10-08 12:02:53,799 | INFO | Input file: D:\airflow_etl\raw\customers\2024-03-27\customers.csv | Size: 146 bytes
2026-10-08 12:02:53,800 | INFO | Input file: D:\airflow_etl\raw\customers\2024-03-28\customers.csv | Size: 144 bytes
2026-10-08 12:02:53,800 | INFO | Input file: D:\airflow_etl\raw\customers\2024-03-30\customers.csv | Size: 159 bytes
2026-10-08 12:02:53,800 | INFO | Input file: D:\airflow_etl\raw\customers\2024-03-31\customers.csv | Size: 158 bytes
2026-10-08 12:02:53,801 | INFO | Input file: D:\airflow_etl\raw\customers\2024-04-01\customers.csv | Size: 222 bytes
2026-10-08 12:02:53,801 | INFO | Input file: D:\airflow_etl\raw\customers\2024-04-10\customers.csv | Size: 155 bytes
2026-10-08 12:02:53,801 | INFO | Input file: D:\airflow_etl\raw\customers\2024-04-13\customers.csv | Size: 233 bytes
2026-10-08 12:02:53,801 | INFO | Input file: D:\airflow_etl\raw\customers\2024-04-14\customers.csv | Size: 154 bytes
2026-10-08 12:02:53,801 | INFO | Input file: D:\airflow_etl\raw\customers\2024-04-15\customers.csv | Size: 243 bytes
2026-10-08 12:02:53,802 | INFO | Input file: D:\airflow_etl\raw\customers\2024-04-20\customers.csv | Size: 156 bytes
2026-10-08 12:02:53,802 | INFO | Input file: D:\airflow_etl\raw\customers\2024-04-21\customers.csv | Size: 234 bytes
2026-10-08 12:02:53,802 | INFO | Input file: D:\airflow_etl\raw\customers\2024-04-22\customers.csv | Size: 155 bytes
2026-10-08 12:02:53,802 | INFO | Input file: D:\airflow_etl\raw\customers\2024-04-23\customers.csv | Size: 152 bytes
2026-10-08 12:02:53,803 | INFO | Input file: D:\airflow_etl\raw\customers\2024-04-24\customers.csv | Size: 154 bytes
2026-10-08 12:02:53,803 | INFO | Input file: D:\airflow_etl\raw\customers\2024-04-26\customers.csv | Size: 157 bytes
2026-10-08 12:02:53,803 | INFO | Input file: D:\airflow_etl\raw\customers\2024-04-29\customers.csv | Size: 159 bytes
2026-10-08 12:02:53,803 | INFO | Input file: D:\airflow_etl\raw\customers\2024-05-04\customers.csv | Size: 153 bytes
2026-10-08 12:02:53,803 | INFO | Input file: D:\airflow_etl\raw\customers\2024-05-06\customers.csv | Size: 315 bytes
2026-10-08 12:02:53,803 | INFO | Input file: D:\airflow_etl\raw\customers\2024-05-07\customers.csv | Size: 157 bytes
2026-10-08 12:02:53,804 | INFO | Input file: D:\airflow_etl\raw\customers\2024-05-08\customers.csv | Size: 156 bytes
2026-10-08 12:02:53,804 | INFO | Input file: D:\airflow_etl\raw\customers\2024-05-09\customers.csv | Size: 149 bytes
2026-10-08 12:02:53,804 | INFO | Input file: D:\airflow_etl\raw\customers\2024-05-13\customers.csv | Size: 244 bytes
2026-10-08 12:02:53,804 | INFO | Input file: D:\airflow_etl\raw\customers\2024-05-15\customers.csv | Size: 311 bytes
2026-10-08 12:02:53,805 | INFO | Input file: D:\airflow_etl\raw\customers\2024-05-23\customers.csv | Size: 157 bytes
2026-10-08 12:02:53,805 | INFO | Input file: D:\airflow_etl\raw\customers\2024-05-26\customers.csv | Size: 235 bytes
2026-10-08 12:02:53,805 | INFO | Input file: D:\airflow_etl\raw\customers\2024-05-27\customers.csv | Size: 233 bytes
2026-10-08 12:02:53,805 | INFO | Input file: D:\airflow_etl\raw\customers\2024-05-28\customers.csv | Size: 155 bytes
2026-10-08 12:02:53,806 | INFO | Input file: D:\airflow_etl\raw\customers\2024-05-30\customers.csv | Size: 234 bytes
2026-10-08 12:02:53,806 | INFO | Input file: D:\airflow_etl\raw\customers\2024-05-31\customers.csv | Size: 154 bytes
2026-10-08 12:02:53,806 | INFO | Input file: D:\airflow_etl\raw\customers\2024-06-03\customers.csv | Size: 159 bytes
2026-10-08 12:02:53,806 | INFO | Input file: D:\airflow_etl\raw\customers\2024-06-04\customers.csv | Size: 166 bytes
2026-10-08 12:02:53,807 | INFO | Input file: D:\airflow_etl\raw\customers\2024-06-05\customers.csv | Size: 157 bytes
2026-10-08 12:02:53,807 | INFO | Input file: D:\airflow_etl\raw\customers\2024-06-06\customers.csv | Size: 158 bytes
2026-10-08 12:02:53,807 | INFO | Input file: D:\airflow_etl\raw\customers\2024-06-07\customers.csv | Size: 167 bytes
2026-10-08 12:02:53,807 | INFO | Input file: D:\airflow_etl\raw\customers\2024-06-11\customers.csv | Size: 238 bytes
2026-10-08 12:02:53,807 | INFO | Input file: D:\airflow_etl\raw\customers\2024-06-13\customers.csv | Size: 241 bytes
2026-10-08 12:02:53,808 | INFO | Input file: D:\airflow_etl\raw\customers\2024-06-14\customers.csv | Size: 166 bytes
2026-10-08 12:02:53,808 | INFO | Input file: D:\airflow_etl\raw\customers\2024-06-19\customers.csv | Size: 156 bytes
2026-10-08 12:02:53,808 | INFO | Input file: D:\airflow_etl\raw\customers\2024-06-20\customers.csv | Size: 149 bytes
2026-10-08 12:02:53,808 | INFO | Input file: D:\airflow_etl\raw\customers\2024-06-21\customers.csv | Size: 237 bytes
2026-10-08 12:02:53,808 | INFO | Input file: D:\airflow_etl\raw\customers\2024-06-22\customers.csv | Size: 149 bytes
2026-10-08 12:02:53,809 | INFO | Input file: D:\airflow_etl\raw\customers\2024-06-23\customers.csv | Size: 406 bytes
2026-10-08 12:02:53,809 | INFO | Input file: D:\airflow_etl\raw\customers\2024-06-24\customers.csv | Size: 151 bytes
2026-10-08 12:02:53,809 | INFO | Input file: D:\airflow_etl\raw\customers\2024-06-26\customers.csv | Size: 159 bytes
2026-10-08 12:02:53,809 | INFO | Input file: D:\airflow_etl\raw\customers\2024-06-27\customers.csv | Size: 242 bytes
2026-10-08 12:02:53,809 | INFO | Input file: D:\airflow_etl\raw\customers\2024-06-28\customers.csv | Size: 240 bytes
2026-10-08 12:02:53,810 | INFO | Input file: D:\airflow_etl\raw\customers\2024-06-29\customers.csv | Size: 157 bytes
2026-10-08 12:02:53,810 | INFO | Input file: D:\airflow_etl\raw\customers\2024-07-02\customers.csv | Size: 233 bytes
2026-10-08 12:02:53,810 | INFO | Input file: D:\airflow_etl\raw\customers\2024-07-07\customers.csv | Size: 152 bytes
2026-10-08 12:02:53,810 | INFO | Input file: D:\airflow_etl\raw\customers\2024-07-09\customers.csv | Size: 154 bytes
2026-10-08 12:02:53,810 | INFO | Input file: D:\airflow_etl\raw\customers\2024-07-10\customers.csv | Size: 159 bytes
2026-10-08 12:02:53,811 | INFO | Input file: D:\airflow_etl\raw\customers\2024-07-12\customers.csv | Size: 157 bytes
2026-10-08 12:02:53,811 | INFO | Input file: D:\airflow_etl\raw\customers\2024-07-22\customers.csv | Size: 157 bytes
2026-10-08 12:02:53,811 | INFO | Input file: D:\airflow_etl\raw\customers\2024-07-25\customers.csv | Size: 157 bytes
2026-10-08 12:02:53,811 | INFO | Input file: D:\airflow_etl\raw\customers\2024-07-27\customers.csv | Size: 157 bytes
2026-10-08 12:02:53,811 | INFO | Input file: D:\airflow_etl\raw\customers\2024-07-30\customers.csv | Size: 308 bytes
2026-10-08 12:02:53,812 | INFO | Input file: D:\airflow_etl\raw\customers\2024-07-31\customers.csv | Size: 231 bytes
2026-10-08 12:02:53,812 | INFO | Input file: D:\airflow_etl\raw\customers\2024-08-02\customers.csv | Size: 240 bytes
2026-10-08 12:02:53,812 | INFO | Input file: D:\airflow_etl\raw\customers\2024-08-03\customers.csv | Size: 155 bytes
2026-10-08 12:02:53,812 | INFO | Input file: D:\airflow_etl\raw\customers\2024-08-04\customers.csv | Size: 145 bytes
2026-10-08 12:02:53,812 | INFO | Input file: D:\airflow_etl\raw\customers\2024-08-05\customers.csv | Size: 158 bytes
2026-10-08 12:02:53,813 | INFO | Input file: D:\airflow_etl\raw\customers\2024-08-06\customers.csv | Size: 156 bytes
2026-10-08 12:02:53,813 | INFO | Input file: D:\airflow_etl\raw\customers\2024-08-08\customers.csv | Size: 158 bytes
2026-10-08 12:02:53,813 | INFO | Input file: D:\airflow_etl\raw\customers\2024-08-10\customers.csv | Size: 157 bytes
2026-10-08 12:02:53,813 | INFO | Input file: D:\airflow_etl\raw\customers\2024-08-12\customers.csv | Size: 152 bytes
2026-10-08 12:02:53,813 | INFO | Input file: D:\airflow_etl\raw\customers\2024-08-14\customers.csv | Size: 151 bytes
2026-10-08 12:02:53,814 | INFO | Input file: D:\airflow_etl\raw\customers\2024-08-15\customers.csv | Size: 157 bytes
2026-10-08 12:02:53,814 | INFO | Input file: D:\airflow_etl\raw\customers\2024-08-20\customers.csv | Size: 154 bytes
2026-10-08 12:02:53,814 | INFO | Input file: D:\airflow_etl\raw\customers\2024-08-22\customers.csv | Size: 156 bytes
2026-10-08 12:02:53,814 | INFO | Input file: D:\airflow_etl\raw\customers\2024-08-23\customers.csv | Size: 156 bytes
2026-10-08 12:02:53,814 | INFO | Input file: D:\airflow_etl\raw\customers\2024-08-27\customers.csv | Size: 159 bytes
2026-10-08 12:02:53,815 | INFO | Input file: D:\airflow_etl\raw\customers\2024-08-28\customers.csv | Size: 150 bytes
2026-10-08 12:02:53,815 | INFO | Input file: D:\airflow_etl\raw\customers\2024-08-31\customers.csv | Size: 156 bytes
2026-10-08 12:02:53,815 | INFO | Input file: D:\airflow_etl\raw\customers\2024-09-01\customers.csv | Size: 155 bytes
2026-10-08 12:02:53,815 | INFO | Input file: D:\airflow_etl\raw\customers\2024-09-02\customers.csv | Size: 154 bytes
2026-10-08 12:02:53,815 | INFO | Input file: D:\airflow_etl\raw\customers\2024-09-05\customers.csv | Size: 166 bytes
2026-10-08 12:02:53,815 | INFO | Input file: D:\airflow_etl\raw\customers\2024-09-06\customers.csv | Size: 150 bytes
2026-10-08 12:02:53,816 | INFO | Input file: D:\airflow_etl\raw\customers\2024-09-07\customers.csv | Size: 159 bytes
2026-10-08 12:02:53,816 | INFO | Input file: D:\airflow_etl\raw\customers\2024-09-11\customers.csv | Size: 152 bytes
2026-10-08 12:02:53,816 | INFO | Input file: D:\airflow_etl\raw\customers\2024-09-16\customers.csv | Size: 158 bytes
2026-10-08 12:02:53,816 | INFO | Input file: D:\airflow_etl\raw\customers\2024-09-19\customers.csv | Size: 161 bytes
2026-10-08 12:02:53,816 | INFO | Input file: D:\airflow_etl\raw\customers\2024-09-21\customers.csv | Size: 235 bytes
2026-10-08 12:02:53,817 | INFO | Input file: D:\airflow_etl\raw\customers\2024-09-22\customers.csv | Size: 156 bytes
2026-10-08 12:02:53,818 | INFO | Input file: D:\airflow_etl\raw\customers\2024-09-23\customers.csv | Size: 155 bytes
2026-10-08 12:02:53,818 | INFO | Input file: D:\airflow_etl\raw\customers\2024-09-25\customers.csv | Size: 151 bytes
2026-10-08 12:02:53,818 | INFO | Input file: D:\airflow_etl\raw\customers\2024-09-26\customers.csv | Size: 159 bytes
2026-10-08 12:02:53,818 | INFO | Input file: D:\airflow_etl\raw\customers\2024-09-29\customers.csv | Size: 156 bytes
2026-10-08 12:02:53,818 | INFO | Input file: D:\airflow_etl\raw\customers\2024-09-30\customers.csv | Size: 155 bytes
2026-10-08 12:02:53,819 | INFO | Input file: D:\airflow_etl\raw\customers\2024-10-02\customers.csv | Size: 235 bytes
2026-10-08 12:02:53,819 | INFO | Input file: D:\airflow_etl\raw\customers\2024-10-03\customers.csv | Size: 159 bytes
2026-10-08 12:02:53,819 | INFO | Input file: D:\airflow_etl\raw\customers\2024-10-08\customers.csv | Size: 150 bytes
2026-10-08 12:02:53,819 | INFO | Input file: D:\airflow_etl\raw\customers\2024-10-09\customers.csv | Size: 159 bytes
2026-10-08 12:02:53,820 | INFO | Input file: D:\airflow_etl\raw\customers\2024-10-10\customers.csv | Size: 156 bytes
2026-10-08 12:02:53,820 | INFO | Input file: D:\airflow_etl\raw\customers\2024-10-11\customers.csv | Size: 155 bytes
2026-10-08 12:02:53,820 | INFO | Input file: D:\airflow_etl\raw\customers\2024-10-14\customers.csv | Size: 159 bytes
2026-10-08 12:02:53,820 | INFO | Input file: D:\airflow_etl\raw\customers\2024-10-16\customers.csv | Size: 155 bytes
2026-10-08 12:02:53,820 | INFO | Input file: D:\airflow_etl\raw\customers\2024-10-20\customers.csv | Size: 230 bytes
2026-10-08 12:02:53,821 | INFO | Input file: D:\airflow_etl\raw\customers\2024-10-21\customers.csv | Size: 154 bytes
2026-10-08 12:02:53,821 | INFO | Input file: D:\airflow_etl\raw\customers\2024-10-24\customers.csv | Size: 311 bytes
2026-10-08 12:02:53,821 | INFO | Input file: D:\airflow_etl\raw\customers\2024-11-01\customers.csv | Size: 238 bytes
2026-10-08 12:02:53,821 | INFO | Input file: D:\airflow_etl\raw\customers\2024-11-02\customers.csv | Size: 159 bytes
2026-10-08 12:02:53,821 | INFO | Input file: D:\airflow_etl\raw\customers\2024-11-05\customers.csv | Size: 155 bytes
2026-10-08 12:02:53,821 | INFO | Input file: D:\airflow_etl\raw\customers\2024-11-06\customers.csv | Size: 157 bytes
2026-10-08 12:02:53,822 | INFO | Input file: D:\airflow_etl\raw\customers\2024-11-11\customers.csv | Size: 235 bytes
2026-10-08 12:02:53,822 | INFO | Input file: D:\airflow_etl\raw\customers\2024-11-16\customers.csv | Size: 156 bytes
2026-10-08 12:02:53,822 | INFO | Input file: D:\airflow_etl\raw\customers\2024-11-17\customers.csv | Size: 144 bytes
2026-10-08 12:02:53,822 | INFO | Input file: D:\airflow_etl\raw\customers\2024-11-20\customers.csv | Size: 151 bytes
2026-10-08 12:02:53,822 | INFO | Input file: D:\airflow_etl\raw\customers\2024-11-21\customers.csv | Size: 243 bytes
2026-10-08 12:02:53,823 | INFO | Input file: D:\airflow_etl\raw\customers\2024-11-22\customers.csv | Size: 244 bytes
2026-10-08 12:02:53,823 | INFO | Input file: D:\airflow_etl\raw\customers\2024-11-24\customers.csv | Size: 154 bytes
2026-10-08 12:02:53,823 | INFO | Input file: D:\airflow_etl\raw\customers\2024-11-25\customers.csv | Size: 156 bytes
2026-10-08 12:02:53,823 | INFO | Input file: D:\airflow_etl\raw\customers\2024-11-26\customers.csv | Size: 149 bytes
2026-10-08 12:02:53,823 | INFO | Input file: D:\airflow_etl\raw\customers\2024-11-27\customers.csv | Size: 150 bytes
2026-10-08 12:02:53,824 | INFO | Input file: D:\airflow_etl\raw\customers\2024-12-03\customers.csv | Size: 151 bytes
2026-10-08 12:02:53,824 | INFO | Input file: D:\airflow_etl\raw\customers\2024-12-06\customers.csv | Size: 154 bytes
2026-10-08 12:02:53,824 | INFO | Input file: D:\airflow_etl\raw\customers\2024-12-07\customers.csv | Size: 156 bytes
2026-10-08 12:02:53,824 | INFO | Input file: D:\airflow_etl\raw\customers\2024-12-10\customers.csv | Size: 152 bytes
2026-10-08 12:02:53,824 | INFO | Input file: D:\airflow_etl\raw\customers\2024-12-12\customers.csv | Size: 150 bytes
2026-10-08 12:02:53,824 | INFO | Input file: D:\airflow_etl\raw\customers\2024-12-15\customers.csv | Size: 158 bytes
2026-10-08 12:02:53,825 | INFO | Input file: D:\airflow_etl\raw\customers\2024-12-16\customers.csv | Size: 157 bytes
2026-10-08 12:02:53,825 | INFO | Input file: D:\airflow_etl\raw\customers\2024-12-17\customers.csv | Size: 151 bytes
2026-10-08 12:02:53,825 | INFO | Input file: D:\airflow_etl\raw\customers\2024-12-18\customers.csv | Size: 236 bytes
2026-10-08 12:02:53,825 | INFO | Input file: D:\airflow_etl\raw\customers\2024-12-20\customers.csv | Size: 155 bytes
2026-10-08 12:02:53,825 | INFO | Input file: D:\airflow_etl\raw\customers\2024-12-21\customers.csv | Size: 235 bytes
2026-10-08 12:02:53,826 | INFO | Input file: D:\airflow_etl\raw\customers\2024-12-22\customers.csv | Size: 155 bytes
2026-10-08 12:02:53,826 | INFO | Input file: D:\airflow_etl\raw\customers\2024-12-24\customers.csv | Size: 157 bytes
2026-10-08 12:02:53,826 | INFO | Input file: D:\airflow_etl\raw\customers\2024-12-27\customers.csv | Size: 153 bytes
2026-10-08 12:02:53,826 | INFO | Input file: D:\airflow_etl\raw\customers\2025-01-02\customers.csv | Size: 149 bytes
2026-10-08 12:02:53,826 | INFO | Input file: D:\airflow_etl\raw\customers\2025-01-04\customers.csv | Size: 145 bytes
2026-10-08 12:02:53,826 | INFO | Input file: D:\airflow_etl\raw\customers\2025-01-10\customers.csv | Size: 157 bytes
2026-10-08 12:02:53,826 | INFO | Input file: D:\airflow_etl\raw\customers\2025-01-11\customers.csv | Size: 232 bytes
2026-10-08 12:02:53,827 | INFO | Input file: D:\airflow_etl\raw\customers\2025-01-13\customers.csv | Size: 313 bytes
2026-10-08 12:02:53,827 | INFO | Input file: D:\airflow_etl\raw\customers\2025-01-16\customers.csv | Size: 324 bytes
2026-10-08 12:02:53,827 | INFO | Input file: D:\airflow_etl\raw\customers\2025-01-17\customers.csv | Size: 148 bytes
2026-10-08 12:02:53,827 | INFO | Input file: D:\airflow_etl\raw\customers\2025-01-18\customers.csv | Size: 151 bytes
2026-10-08 12:02:53,827 | INFO | Input file: D:\airflow_etl\raw\customers\2025-01-23\customers.csv | Size: 150 bytes
2026-10-08 12:02:53,828 | INFO | Input file: D:\airflow_etl\raw\customers\2025-01-24\customers.csv | Size: 235 bytes
2026-10-08 12:02:53,828 | INFO | Input file: D:\airflow_etl\raw\customers\2025-01-27\customers.csv | Size: 161 bytes
2026-10-08 12:02:53,828 | INFO | Input file: D:\airflow_etl\raw\customers\2025-01-29\customers.csv | Size: 156 bytes
2026-10-08 12:02:53,828 | INFO | Input file: D:\airflow_etl\raw\customers\2025-02-04\customers.csv | Size: 150 bytes
2026-10-08 12:02:53,828 | INFO | Input file: D:\airflow_etl\raw\customers\2025-02-12\customers.csv | Size: 159 bytes
2026-10-08 12:02:53,828 | INFO | Input file: D:\airflow_etl\raw\customers\2025-02-15\customers.csv | Size: 225 bytes
2026-10-08 12:02:53,828 | INFO | Input file: D:\airflow_etl\raw\customers\2025-02-17\customers.csv | Size: 243 bytes
2026-10-08 12:02:53,829 | INFO | Input file: D:\airflow_etl\raw\customers\2025-02-20\customers.csv | Size: 166 bytes
2026-10-08 12:02:53,829 | INFO | Input file: D:\airflow_etl\raw\customers\2025-02-22\customers.csv | Size: 156 bytes
2026-10-08 12:02:53,829 | INFO | Input file: D:\airflow_etl\raw\customers\2025-02-23\customers.csv | Size: 232 bytes
2026-10-08 12:02:53,829 | INFO | Input file: D:\airflow_etl\raw\customers\2025-02-24\customers.csv | Size: 166 bytes
2026-10-08 12:02:53,829 | INFO | Input file: D:\airflow_etl\raw\customers\2025-02-27\customers.csv | Size: 238 bytes
2026-10-08 12:02:53,830 | INFO | Input file: D:\airflow_etl\raw\customers\2025-03-02\customers.csv | Size: 166 bytes
2026-10-08 12:02:53,830 | INFO | Input file: D:\airflow_etl\raw\customers\2025-03-07\customers.csv | Size: 239 bytes
2026-10-08 12:02:53,830 | INFO | Input file: D:\airflow_etl\raw\customers\2025-03-08\customers.csv | Size: 157 bytes
2026-10-08 12:02:53,830 | INFO | Input file: D:\airflow_etl\raw\customers\2025-03-09\customers.csv | Size: 154 bytes
2026-10-08 12:02:53,830 | INFO | Input file: D:\airflow_etl\raw\customers\2025-03-11\customers.csv | Size: 157 bytes
2026-10-08 12:02:53,831 | INFO | Input file: D:\airflow_etl\raw\customers\2025-03-16\customers.csv | Size: 154 bytes
2026-10-08 12:02:53,831 | INFO | Input file: D:\airflow_etl\raw\customers\2025-03-17\customers.csv | Size: 159 bytes
2026-10-08 12:02:53,831 | INFO | Input file: D:\airflow_etl\raw\customers\2025-03-19\customers.csv | Size: 151 bytes
2026-10-08 12:02:53,831 | INFO | Input file: D:\airflow_etl\raw\customers\2025-03-22\customers.csv | Size: 155 bytes
2026-10-08 12:02:53,831 | INFO | Input file: D:\airflow_etl\raw\customers\2025-03-26\customers.csv | Size: 146 bytes
2026-10-08 12:02:53,831 | INFO | Input file: D:\airflow_etl\raw\customers\2025-04-04\customers.csv | Size: 153 bytes
2026-10-08 12:02:53,832 | INFO | Input file: D:\airflow_etl\raw\customers\2025-04-06\customers.csv | Size: 238 bytes
2026-10-08 12:02:53,832 | INFO | Input file: D:\airflow_etl\raw\customers\2025-04-08\customers.csv | Size: 149 bytes
2026-10-08 12:02:53,832 | INFO | Input file: D:\airflow_etl\raw\customers\2025-04-10\customers.csv | Size: 156 bytes
2026-10-08 12:02:53,832 | INFO | Input file: D:\airflow_etl\raw\customers\2025-04-12\customers.csv | Size: 154 bytes
2026-10-08 12:02:53,832 | INFO | Input file: D:\airflow_etl\raw\customers\2025-04-16\customers.csv | Size: 164 bytes
2026-10-08 12:02:53,832 | INFO | Input file: D:\airflow_etl\raw\customers\2025-04-17\customers.csv | Size: 230 bytes
2026-10-08 12:02:53,832 | INFO | Input file: D:\airflow_etl\raw\customers\2025-04-20\customers.csv | Size: 154 bytes
2026-10-08 12:02:53,833 | INFO | Input file: D:\airflow_etl\raw\customers\2025-04-22\customers.csv | Size: 156 bytes
2026-10-08 12:02:53,833 | INFO | Input file: D:\airflow_etl\raw\customers\2025-04-23\customers.csv | Size: 159 bytes
2026-10-08 12:02:53,833 | INFO | Input file: D:\airflow_etl\raw\customers\2025-04-24\customers.csv | Size: 158 bytes
2026-10-08 12:02:53,833 | INFO | Input file: D:\airflow_etl\raw\customers\2025-04-26\customers.csv | Size: 239 bytes
2026-10-08 12:02:53,834 | INFO | Input file: D:\airflow_etl\raw\customers\2025-04-29\customers.csv | Size: 155 bytes
2026-10-08 12:02:53,834 | INFO | Input file: D:\airflow_etl\raw\customers\2025-04-30\customers.csv | Size: 157 bytes
2026-10-08 12:02:53,834 | INFO | Input file: D:\airflow_etl\raw\customers\2025-05-07\customers.csv | Size: 243 bytes
2026-10-08 12:02:53,834 | INFO | Input file: D:\airflow_etl\raw\customers\2025-05-09\customers.csv | Size: 154 bytes
2026-10-08 12:02:53,835 | INFO | Input file: D:\airflow_etl\raw\customers\2025-05-11\customers.csv | Size: 156 bytes
2026-10-08 12:02:53,835 | INFO | Input file: D:\airflow_etl\raw\customers\2025-05-12\customers.csv | Size: 166 bytes
2026-10-08 12:02:53,835 | INFO | Input file: D:\airflow_etl\raw\customers\2025-05-13\customers.csv | Size: 144 bytes
2026-10-08 12:02:53,835 | INFO | Input file: D:\airflow_etl\raw\customers\2025-05-16\customers.csv | Size: 157 bytes
2026-10-08 12:02:53,836 | INFO | Input file: D:\airflow_etl\raw\customers\2025-05-19\customers.csv | Size: 240 bytes
2026-10-08 12:02:53,836 | INFO | Input file: D:\airflow_etl\raw\customers\2025-05-20\customers.csv | Size: 154 bytes
2026-10-08 12:02:53,836 | INFO | Input file: D:\airflow_etl\raw\customers\2025-05-22\customers.csv | Size: 154 bytes
2026-10-08 12:02:53,836 | INFO | Input file: D:\airflow_etl\raw\customers\2025-05-23\customers.csv | Size: 156 bytes
2026-10-08 12:02:53,837 | INFO | Input file: D:\airflow_etl\raw\customers\2025-05-29\customers.csv | Size: 156 bytes
2026-10-08 12:02:53,837 | INFO | Input file: D:\airflow_etl\raw\customers\2025-05-30\customers.csv | Size: 151 bytes
2026-10-08 12:02:53,837 | INFO | Input file: D:\airflow_etl\raw\customers\2025-06-01\customers.csv | Size: 157 bytes
2026-10-08 12:02:53,837 | INFO | Input file: D:\airflow_etl\raw\customers\2025-06-02\customers.csv | Size: 155 bytes
2026-10-08 12:02:53,838 | INFO | Input file: D:\airflow_etl\raw\customers\2025-06-03\customers.csv | Size: 235 bytes
2026-10-08 12:02:53,838 | INFO | Input file: D:\airflow_etl\raw\customers\2025-06-04\customers.csv | Size: 160 bytes
2026-10-08 12:02:53,838 | INFO | Input file: D:\airflow_etl\raw\customers\2025-06-05\customers.csv | Size: 249 bytes
2026-10-08 12:02:53,839 | INFO | Input file: D:\airflow_etl\raw\customers\2025-06-07\customers.csv | Size: 157 bytes
2026-10-08 12:02:53,839 | INFO | Input file: D:\airflow_etl\raw\customers\2025-06-08\customers.csv | Size: 148 bytes
2026-10-08 12:02:53,839 | INFO | Input file: D:\airflow_etl\raw\customers\2025-06-11\customers.csv | Size: 155 bytes
2026-10-08 12:02:53,840 | INFO | Input file: D:\airflow_etl\raw\customers\2025-06-12\customers.csv | Size: 160 bytes
2026-10-08 12:02:53,840 | INFO | Input file: D:\airflow_etl\raw\customers\2025-06-13\customers.csv | Size: 316 bytes
2026-10-08 12:02:53,840 | INFO | Input file: D:\airflow_etl\raw\customers\2025-06-16\customers.csv | Size: 146 bytes
2026-10-08 12:02:53,841 | INFO | Input file: D:\airflow_etl\raw\customers\2025-06-17\customers.csv | Size: 156 bytes
2026-10-08 12:02:53,841 | INFO | Input file: D:\airflow_etl\raw\customers\2025-06-18\customers.csv | Size: 237 bytes
2026-10-08 12:02:53,841 | INFO | Input file: D:\airflow_etl\raw\customers\2025-06-19\customers.csv | Size: 158 bytes
2026-10-08 12:02:53,841 | INFO | Input file: D:\airflow_etl\raw\customers\2025-06-20\customers.csv | Size: 326 bytes
2026-10-08 12:02:53,842 | INFO | Input file: D:\airflow_etl\raw\customers\2025-06-26\customers.csv | Size: 156 bytes
2026-10-08 12:02:53,842 | INFO | Input file: D:\airflow_etl\raw\customers\2025-07-01\customers.csv | Size: 150 bytes
2026-10-08 12:02:53,842 | INFO | Input file: D:\airflow_etl\raw\customers\2025-07-02\customers.csv | Size: 154 bytes
2026-10-08 12:02:53,842 | INFO | Input file: D:\airflow_etl\raw\customers\2025-07-04\customers.csv | Size: 230 bytes
2026-10-08 12:02:53,842 | INFO | Input file: D:\airflow_etl\raw\customers\2025-07-06\customers.csv | Size: 156 bytes
2026-10-08 12:02:53,843 | INFO | Input file: D:\airflow_etl\raw\customers\2025-07-07\customers.csv | Size: 233 bytes
2026-10-08 12:02:53,843 | INFO | Input file: D:\airflow_etl\raw\customers\2025-07-10\customers.csv | Size: 158 bytes
2026-10-08 12:02:53,843 | INFO | Input file: D:\airflow_etl\raw\customers\2025-07-12\customers.csv | Size: 149 bytes
2026-10-08 12:02:53,843 | INFO | Input file: D:\airflow_etl\raw\customers\2025-07-15\customers.csv | Size: 161 bytes
2026-10-08 12:02:53,843 | INFO | Input file: D:\airflow_etl\raw\customers\2025-07-17\customers.csv | Size: 149 bytes
2026-10-08 12:02:53,844 | INFO | Input file: D:\airflow_etl\raw\customers\2025-07-18\customers.csv | Size: 150 bytes
2026-10-08 12:02:53,844 | INFO | Input file: D:\airflow_etl\raw\customers\2025-07-20\customers.csv | Size: 159 bytes
2026-10-08 12:02:53,844 | INFO | Input file: D:\airflow_etl\raw\customers\2025-07-22\customers.csv | Size: 157 bytes
2026-10-08 12:02:53,845 | INFO | Input file: D:\airflow_etl\raw\customers\2025-07-23\customers.csv | Size: 230 bytes
2026-10-08 12:02:53,845 | INFO | Input file: D:\airflow_etl\raw\customers\2025-07-26\customers.csv | Size: 158 bytes
2026-10-08 12:02:53,845 | INFO | Input file: D:\airflow_etl\raw\customers\2025-08-01\customers.csv | Size: 151 bytes
2026-10-08 12:02:53,845 | INFO | Input file: D:\airflow_etl\raw\customers\2025-08-02\customers.csv | Size: 161 bytes
2026-10-08 12:02:53,845 | INFO | Input file: D:\airflow_etl\raw\customers\2025-08-05\customers.csv | Size: 155 bytes
2026-10-08 12:02:53,845 | INFO | Input file: D:\airflow_etl\raw\customers\2025-08-07\customers.csv | Size: 148 bytes
2026-10-08 12:02:53,846 | INFO | Input file: D:\airflow_etl\raw\customers\2025-08-08\customers.csv | Size: 325 bytes
2026-10-08 12:02:53,846 | INFO | Input file: D:\airflow_etl\raw\customers\2025-08-09\customers.csv | Size: 165 bytes
2026-10-08 12:02:53,846 | INFO | Input file: D:\airflow_etl\raw\customers\2025-08-10\customers.csv | Size: 151 bytes
2026-10-08 12:02:53,846 | INFO | Input file: D:\airflow_etl\raw\customers\2025-08-13\customers.csv | Size: 161 bytes
2026-10-08 12:02:53,846 | INFO | Input file: D:\airflow_etl\raw\customers\2025-08-15\customers.csv | Size: 154 bytes
2026-10-08 12:02:53,846 | INFO | Input file: D:\airflow_etl\raw\customers\2025-08-16\customers.csv | Size: 235 bytes
2026-10-08 12:02:53,847 | INFO | Input file: D:\airflow_etl\raw\customers\2025-08-17\customers.csv | Size: 166 bytes
2026-10-08 12:02:53,847 | INFO | Input file: D:\airflow_etl\raw\customers\2025-08-19\customers.csv | Size: 157 bytes
2026-10-08 12:02:53,847 | INFO | Input file: D:\airflow_etl\raw\customers\2025-08-20\customers.csv | Size: 155 bytes
2026-10-08 12:02:53,847 | INFO | Input file: D:\airflow_etl\raw\customers\2025-08-22\customers.csv | Size: 144 bytes
2026-10-08 12:02:53,847 | INFO | Input file: D:\airflow_etl\raw\customers\2025-08-24\customers.csv | Size: 159 bytes
2026-10-08 12:02:53,847 | INFO | Input file: D:\airflow_etl\raw\customers\2025-08-26\customers.csv | Size: 152 bytes
2026-10-08 12:02:53,848 | INFO | Input file: D:\airflow_etl\raw\customers\2025-08-27\customers.csv | Size: 149 bytes
2026-10-08 12:02:53,848 | INFO | Input file: D:\airflow_etl\raw\customers\2025-09-03\customers.csv | Size: 144 bytes
2026-10-08 12:02:53,848 | INFO | Input file: D:\airflow_etl\raw\customers\2025-09-07\customers.csv | Size: 156 bytes
2026-10-08 12:02:53,848 | INFO | Input file: D:\airflow_etl\raw\customers\2025-09-10\customers.csv | Size: 149 bytes
2026-10-08 12:02:53,848 | INFO | Input file: D:\airflow_etl\raw\customers\2025-09-13\customers.csv | Size: 234 bytes
2026-10-08 12:02:53,849 | INFO | Input file: D:\airflow_etl\raw\customers\2025-09-14\customers.csv | Size: 316 bytes
2026-10-08 12:02:53,849 | INFO | Input file: D:\airflow_etl\raw\customers\2025-09-17\customers.csv | Size: 154 bytes
2026-10-08 12:02:53,849 | INFO | Input file: D:\airflow_etl\raw\customers\2025-09-21\customers.csv | Size: 151 bytes
2026-10-08 12:02:53,849 | INFO | Input file: D:\airflow_etl\raw\customers\2025-09-23\customers.csv | Size: 152 bytes
2026-10-08 12:02:53,849 | INFO | Input file: D:\airflow_etl\raw\customers\2025-09-24\customers.csv | Size: 164 bytes
2026-10-08 12:02:53,849 | INFO | Input file: D:\airflow_etl\raw\customers\2025-09-25\customers.csv | Size: 154 bytes
2026-10-08 12:02:53,850 | INFO | Input file: D:\airflow_etl\raw\customers\2025-09-27\customers.csv | Size: 243 bytes
2026-10-08 12:02:53,850 | INFO | Input file: D:\airflow_etl\raw\customers\2025-09-29\customers.csv | Size: 158 bytes
2026-10-08 12:02:53,850 | INFO | Input file: D:\airflow_etl\raw\customers\2025-10-02\customers.csv | Size: 155 bytes
2026-10-08 12:02:53,850 | INFO | Input file: D:\airflow_etl\raw\customers\2025-10-07\customers.csv | Size: 153 bytes
2026-10-08 12:02:53,850 | INFO | Input file: D:\airflow_etl\raw\customers\2025-10-08\customers.csv | Size: 155 bytes
2026-10-08 12:02:53,851 | INFO | Input file: D:\airflow_etl\raw\customers\2025-10-10\customers.csv | Size: 157 bytes
2026-10-08 12:02:53,851 | INFO | Input file: D:\airflow_etl\raw\customers\2025-10-16\customers.csv | Size: 157 bytes
2026-10-08 12:02:53,851 | INFO | Input file: D:\airflow_etl\raw\customers\2025-10-19\customers.csv | Size: 150 bytes
2026-10-08 12:02:53,851 | INFO | Input file: D:\airflow_etl\raw\customers\2025-10-22\customers.csv | Size: 233 bytes
2026-10-08 12:02:53,851 | INFO | Input file: D:\airflow_etl\raw\customers\2025-10-23\customers.csv | Size: 157 bytes
2026-10-08 12:02:53,852 | INFO | Input file: D:\airflow_etl\raw\customers\2025-10-25\customers.csv | Size: 155 bytes
2026-10-08 12:02:53,852 | INFO | Input file: D:\airflow_etl\raw\customers\2025-10-30\customers.csv | Size: 155 bytes
2026-10-08 12:02:53,852 | INFO | Input file: D:\airflow_etl\raw\customers\2025-10-31\customers.csv | Size: 148 bytes
2026-10-08 12:02:53,852 | INFO | Input file: D:\airflow_etl\raw\customers\2025-11-01\customers.csv | Size: 151 bytes
2026-10-08 12:02:53,853 | INFO | Input file: D:\airflow_etl\raw\customers\2025-11-03\customers.csv | Size: 156 bytes
2026-10-08 12:02:53,853 | INFO | Input file: D:\airflow_etl\raw\customers\2025-11-06\customers.csv | Size: 156 bytes
2026-10-08 12:02:53,853 | INFO | Input file: D:\airflow_etl\raw\customers\2025-11-07\customers.csv | Size: 156 bytes
2026-10-08 12:02:53,853 | INFO | Input file: D:\airflow_etl\raw\customers\2025-11-09\customers.csv | Size: 238 bytes
2026-10-08 12:02:53,853 | INFO | Input file: D:\airflow_etl\raw\customers\2025-11-12\customers.csv | Size: 158 bytes
2026-10-08 12:02:53,853 | INFO | Input file: D:\airflow_etl\raw\customers\2025-11-21\customers.csv | Size: 160 bytes
2026-10-08 12:02:53,853 | INFO | Input file: D:\airflow_etl\raw\customers\2025-11-23\customers.csv | Size: 234 bytes
2026-10-08 12:02:53,853 | INFO | Input file: D:\airflow_etl\raw\customers\2025-11-25\customers.csv | Size: 238 bytes
2026-10-08 12:02:53,854 | INFO | Input file: D:\airflow_etl\raw\customers\2025-11-27\customers.csv | Size: 144 bytes
2026-10-08 12:02:53,854 | INFO | Input file: D:\airflow_etl\raw\customers\2025-11-29\customers.csv | Size: 229 bytes
2026-10-08 12:02:53,854 | INFO | Input file: D:\airflow_etl\raw\customers\2025-11-30\customers.csv | Size: 238 bytes
2026-10-08 12:02:53,854 | INFO | Input file: D:\airflow_etl\raw\customers\2025-12-02\customers.csv | Size: 150 bytes
2026-10-08 12:02:53,854 | INFO | Input file: D:\airflow_etl\raw\customers\2025-12-03\customers.csv | Size: 156 bytes
2026-10-08 12:02:53,854 | INFO | Input file: D:\airflow_etl\raw\customers\2025-12-04\customers.csv | Size: 155 bytes
2026-10-08 12:02:53,854 | INFO | Input file: D:\airflow_etl\raw\customers\2025-12-06\customers.csv | Size: 151 bytes
2026-10-08 12:02:53,855 | INFO | Input file: D:\airflow_etl\raw\customers\2025-12-07\customers.csv | Size: 154 bytes
2026-10-08 12:02:53,855 | INFO | Input file: D:\airflow_etl\raw\customers\2025-12-09\customers.csv | Size: 157 bytes
2026-10-08 12:02:53,855 | INFO | Input file: D:\airflow_etl\raw\customers\2025-12-10\customers.csv | Size: 151 bytes
2026-10-08 12:02:53,855 | INFO | Input file: D:\airflow_etl\raw\customers\2025-12-11\customers.csv | Size: 149 bytes
2026-10-08 12:02:53,855 | INFO | Input file: D:\airflow_etl\raw\customers\2025-12-12\customers.csv | Size: 157 bytes
2026-10-08 12:02:53,856 | INFO | Input file: D:\airflow_etl\raw\customers\2025-12-14\customers.csv | Size: 228 bytes
2026-10-08 12:02:53,856 | INFO | Input file: D:\airflow_etl\raw\customers\2025-12-15\customers.csv | Size: 157 bytes
2026-10-08 12:02:53,857 | INFO | Input file: D:\airflow_etl\raw\customers\2025-12-17\customers.csv | Size: 151 bytes
2026-10-08 12:02:53,857 | INFO | Input file: D:\airflow_etl\raw\customers\2025-12-18\customers.csv | Size: 150 bytes
2026-10-08 12:02:53,858 | INFO | Input file: D:\airflow_etl\raw\customers\2025-12-19\customers.csv | Size: 154 bytes
2026-10-08 12:02:53,858 | INFO | Input file: D:\airflow_etl\raw\customers\2025-12-20\customers.csv | Size: 154 bytes
2026-10-08 12:02:53,859 | INFO | Input file: D:\airflow_etl\raw\customers\2025-12-21\customers.csv | Size: 323 bytes
2026-10-08 12:02:53,859 | INFO | Input file: D:\airflow_etl\raw\customers\2025-12-23\customers.csv | Size: 155 bytes
2026-10-08 12:02:53,859 | INFO | Input file: D:\airflow_etl\raw\customers\2025-12-24\customers.csv | Size: 237 bytes
2026-10-08 12:02:53,860 | INFO | Input file: D:\airflow_etl\raw\customers\2025-12-25\customers.csv | Size: 158 bytes
2026-10-08 12:02:53,860 | INFO | Input file: D:\airflow_etl\raw\customers\2025-12-26\customers.csv | Size: 154 bytes
2026-10-08 12:02:53,860 | INFO | Input file: D:\airflow_etl\raw\customers\2025-12-27\customers.csv | Size: 160 bytes
2026-10-08 12:02:53,861 | INFO | Input file: D:\airflow_etl\raw\customers\2025-12-28\customers.csv | Size: 156 bytes
2026-10-08 12:02:53,861 | INFO | Input file: D:\airflow_etl\raw\customers\2025-12-29\customers.csv | Size: 150 bytes
2026-10-08 12:02:53,861 | INFO | Input file: D:\airflow_etl\raw\customers\2026-01-01\customers.csv | Size: 149 bytes
2026-10-08 12:02:53,862 | INFO | Input file: D:\airflow_etl\raw\customers\2026-01-02\customers.csv | Size: 154 bytes
2026-10-08 12:02:53,862 | INFO | Input file: D:\airflow_etl\raw\customers\2026-01-04\customers.csv | Size: 145 bytes
2026-10-08 12:02:53,862 | INFO | Input file: D:\airflow_etl\raw\customers\2026-01-06\customers.csv | Size: 244 bytes
2026-10-08 12:02:53,862 | INFO | Input file: D:\airflow_etl\raw\customers\2026-01-07\customers.csv | Size: 157 bytes
2026-10-08 12:02:53,862 | INFO | Input file: D:\airflow_etl\raw\customers\2026-01-09\customers.csv | Size: 150 bytes
2026-10-08 12:02:53,862 | INFO | Input file: D:\airflow_etl\raw\customers\2026-01-10\customers.csv | Size: 155 bytes
2026-10-08 12:02:53,863 | INFO | Input file: D:\airflow_etl\raw\customers\2026-01-11\customers.csv | Size: 157 bytes
2026-10-08 12:02:53,863 | INFO | Input file: D:\airflow_etl\raw\customers\2026-01-13\customers.csv | Size: 157 bytes
2026-10-08 12:02:53,863 | INFO | Input file: D:\airflow_etl\raw\customers\2026-01-14\customers.csv | Size: 154 bytes
2026-10-08 12:02:53,863 | INFO | Input file: D:\airflow_etl\raw\customers\2026-01-15\customers.csv | Size: 156 bytes
2026-10-08 12:02:53,863 | INFO | Input file: D:\airflow_etl\raw\customers\2026-01-16\customers.csv | Size: 158 bytes
2026-10-08 12:02:53,863 | INFO | Input file: D:\airflow_etl\raw\customers\2026-01-19\customers.csv | Size: 154 bytes
2026-10-08 12:02:53,863 | INFO | Input file: D:\airflow_etl\raw\customers\2026-01-28\customers.csv | Size: 321 bytes
2026-10-08 12:02:53,864 | INFO | Input file: D:\airflow_etl\raw\customers\2026-01-29\customers.csv | Size: 160 bytes
2026-10-08 12:02:53,864 | INFO | Input file: D:\airflow_etl\raw\customers\2026-01-30\customers.csv | Size: 157 bytes
2026-10-08 12:02:53,864 | INFO | Input file: D:\airflow_etl\raw\customers\2026-02-02\customers.csv | Size: 158 bytes
2026-10-08 12:02:53,864 | INFO | Input file: D:\airflow_etl\raw\customers\2026-02-04\customers.csv | Size: 241 bytes
2026-10-08 12:02:53,864 | INFO | Input file: D:\airflow_etl\raw\customers\2026-02-05\customers.csv | Size: 220 bytes
2026-10-08 12:02:53,864 | INFO | Input file: D:\airflow_etl\raw\customers\2026-02-07\customers.csv | Size: 155 bytes
2026-10-08 12:02:53,864 | INFO | Input file: D:\airflow_etl\raw\customers\2026-02-08\customers.csv | Size: 244 bytes
2026-10-08 12:02:53,864 | INFO | Input file: D:\airflow_etl\raw\customers\2026-02-09\customers.csv | Size: 237 bytes
2026-10-08 12:02:53,865 | INFO | Input file: D:\airflow_etl\raw\customers\2026-02-13\customers.csv | Size: 149 bytes
2026-10-08 12:02:53,865 | INFO | Input file: D:\airflow_etl\raw\customers\2026-02-18\customers.csv | Size: 233 bytes
2026-10-08 12:02:53,865 | INFO | Input file: D:\airflow_etl\raw\customers\2026-02-20\customers.csv | Size: 241 bytes
2026-10-08 12:02:53,865 | INFO | Input file: D:\airflow_etl\raw\customers\2026-02-21\customers.csv | Size: 154 bytes
2026-10-08 12:02:53,865 | INFO | Input file: D:\airflow_etl\raw\customers\2026-02-24\customers.csv | Size: 238 bytes
2026-10-08 12:02:53,865 | INFO | Input file: D:\airflow_etl\raw\customers\2026-02-26\customers.csv | Size: 156 bytes
2026-10-08 12:02:53,866 | INFO | Input file: D:\airflow_etl\raw\customers\2026-03-06\customers.csv | Size: 148 bytes
2026-10-08 12:02:53,866 | INFO | Input file: D:\airflow_etl\raw\customers\2026-03-07\customers.csv | Size: 159 bytes
2026-10-08 12:02:53,866 | INFO | Input file: D:\airflow_etl\raw\customers\2026-03-08\customers.csv | Size: 234 bytes
2026-10-08 12:02:53,866 | INFO | Input file: D:\airflow_etl\raw\customers\2026-03-09\customers.csv | Size: 240 bytes
2026-10-08 12:02:53,866 | INFO | Input file: D:\airflow_etl\raw\customers\2026-03-16\customers.csv | Size: 151 bytes
2026-10-08 12:02:53,867 | INFO | Input file: D:\airflow_etl\raw\customers\2026-03-18\customers.csv | Size: 303 bytes
2026-10-08 12:02:53,867 | INFO | Input file: D:\airflow_etl\raw\customers\2026-03-19\customers.csv | Size: 150 bytes
2026-10-08 12:02:53,867 | INFO | Input file: D:\airflow_etl\raw\customers\2026-03-20\customers.csv | Size: 154 bytes
2026-10-08 12:02:53,867 | INFO | Input file: D:\airflow_etl\raw\customers\2026-03-25\customers.csv | Size: 159 bytes
2026-10-08 12:02:53,867 | INFO | Input file: D:\airflow_etl\raw\customers\2026-03-27\customers.csv | Size: 154 bytes
2026-10-08 12:02:53,868 | INFO | Input file: D:\airflow_etl\raw\customers\2026-03-29\customers.csv | Size: 310 bytes
2026-10-08 12:02:53,868 | INFO | Input file: D:\airflow_etl\raw\customers\2026-04-04\customers.csv | Size: 156 bytes
2026-10-08 12:02:53,868 | INFO | Input file: D:\airflow_etl\raw\customers\2026-04-06\customers.csv | Size: 150 bytes
2026-10-08 12:02:53,868 | INFO | Input file: D:\airflow_etl\raw\customers\2026-04-08\customers.csv | Size: 239 bytes
2026-10-08 12:02:53,868 | INFO | Input file: D:\airflow_etl\raw\customers\2026-04-11\customers.csv | Size: 156 bytes
2026-10-08 12:02:53,868 | INFO | Input file: D:\airflow_etl\raw\customers\2026-04-12\customers.csv | Size: 152 bytes
2026-10-08 12:02:53,869 | INFO | Input file: D:\airflow_etl\raw\customers\2026-04-14\customers.csv | Size: 310 bytes
2026-10-08 12:02:53,869 | INFO | Input file: D:\airflow_etl\raw\customers\2026-04-16\customers.csv | Size: 157 bytes
2026-10-08 12:02:53,869 | INFO | Input file: D:\airflow_etl\raw\customers\2026-04-17\customers.csv | Size: 237 bytes
2026-10-08 12:02:53,869 | INFO | Input file: D:\airflow_etl\raw\customers\2026-04-18\customers.csv | Size: 147 bytes
2026-10-08 12:02:53,869 | INFO | Input file: D:\airflow_etl\raw\customers\2026-04-23\customers.csv | Size: 325 bytes
2026-10-08 12:02:53,869 | INFO | Input file: D:\airflow_etl\raw\customers\2026-04-24\customers.csv | Size: 153 bytes
2026-10-08 12:02:53,869 | INFO | Input file: D:\airflow_etl\raw\customers\2026-04-26\customers.csv | Size: 155 bytes
2026-10-08 12:02:53,870 | INFO | Input file: D:\airflow_etl\raw\customers\2026-04-29\customers.csv | Size: 154 bytes
2026-10-08 12:02:53,870 | INFO | Input file: D:\airflow_etl\raw\customers\2026-05-04\customers.csv | Size: 146 bytes
2026-10-08 12:02:53,870 | INFO | Input file: D:\airflow_etl\raw\customers\2026-05-05\customers.csv | Size: 157 bytes
2026-10-08 12:02:53,870 | INFO | Input file: D:\airflow_etl\raw\customers\2026-05-06\customers.csv | Size: 312 bytes
2026-10-08 12:02:53,870 | INFO | Input file: D:\airflow_etl\raw\customers\2026-05-08\customers.csv | Size: 156 bytes
2026-10-08 12:02:53,870 | INFO | Input file: D:\airflow_etl\raw\customers\2026-05-11\customers.csv | Size: 154 bytes
2026-10-08 12:02:53,871 | INFO | Input file: D:\airflow_etl\raw\customers\2026-05-12\customers.csv | Size: 156 bytes
2026-10-08 12:02:53,871 | INFO | Input file: D:\airflow_etl\raw\customers\2026-05-17\customers.csv | Size: 156 bytes
2026-10-08 12:02:53,871 | INFO | Input file: D:\airflow_etl\raw\customers\2026-05-19\customers.csv | Size: 152 bytes
2026-10-08 12:02:53,871 | INFO | Input file: D:\airflow_etl\raw\customers\2026-05-20\customers.csv | Size: 152 bytes
2026-10-08 12:02:53,871 | INFO | Input file: D:\airflow_etl\raw\customers\2026-05-22\customers.csv | Size: 238 bytes
2026-10-08 12:02:53,871 | INFO | Input file: D:\airflow_etl\raw\customers\2026-05-23\customers.csv | Size: 154 bytes
2026-10-08 12:02:53,872 | INFO | Input file: D:\airflow_etl\raw\customers\2026-05-25\customers.csv | Size: 158 bytes
2026-10-08 12:02:53,872 | INFO | Input file: D:\airflow_etl\raw\customers\2026-06-06\customers.csv | Size: 238 bytes
2026-10-08 12:02:53,872 | INFO | Input file: D:\airflow_etl\raw\customers\2026-06-09\customers.csv | Size: 154 bytes
2026-10-08 12:02:53,872 | INFO | Input file: D:\airflow_etl\raw\customers\2026-06-10\customers.csv | Size: 154 bytes
2026-10-08 12:02:53,872 | INFO | Input file: D:\airflow_etl\raw\customers\2026-06-11\customers.csv | Size: 149 bytes
2026-10-08 12:02:53,873 | INFO | Input file: D:\airflow_etl\raw\customers\2026-06-12\customers.csv | Size: 231 bytes
2026-10-08 12:02:53,873 | INFO | Input file: D:\airflow_etl\raw\customers\2026-06-15\customers.csv | Size: 234 bytes
2026-10-08 12:02:53,874 | INFO | Input file: D:\airflow_etl\raw\customers\2026-06-20\customers.csv | Size: 152 bytes
2026-10-08 12:02:53,874 | INFO | Input file: D:\airflow_etl\raw\customers\2026-06-21\customers.csv | Size: 155 bytes
2026-10-08 12:02:53,874 | INFO | Input file: D:\airflow_etl\raw\customers\2026-06-22\customers.csv | Size: 235 bytes
2026-10-08 12:02:53,875 | INFO | Input file: D:\airflow_etl\raw\customers\2026-06-23\customers.csv | Size: 237 bytes
2026-10-08 12:02:53,875 | INFO | Input file: D:\airflow_etl\raw\customers\2026-06-26\customers.csv | Size: 244 bytes
2026-10-08 12:02:53,875 | INFO | Input file: D:\airflow_etl\raw\customers\2026-06-27\customers.csv | Size: 150 bytes
2026-10-08 12:02:53,876 | INFO | Input file: D:\airflow_etl\raw\customers\2026-06-29\customers.csv | Size: 311 bytes
2026-10-08 12:02:53,876 | INFO | Input file: D:\airflow_etl\raw\customers\2026-07-07\customers.csv | Size: 154 bytes
2026-10-08 12:02:53,877 | INFO | Input file: D:\airflow_etl\raw\customers\2026-07-10\customers.csv | Size: 157 bytes
2026-10-08 12:02:53,877 | INFO | Input file: D:\airflow_etl\raw\customers\2026-07-11\customers.csv | Size: 157 bytes
2026-10-08 12:02:53,877 | INFO | Input file: D:\airflow_etl\raw\customers\2026-07-12\customers.csv | Size: 156 bytes
2026-10-08 12:02:53,877 | INFO | Input file: D:\airflow_etl\raw\customers\2026-07-20\customers.csv | Size: 151 bytes
2026-10-08 12:02:53,878 | INFO | Input file: D:\airflow_etl\raw\customers\2026-07-22\customers.csv | Size: 152 bytes
2026-10-08 12:02:53,878 | INFO | Input file: D:\airflow_etl\raw\customers\2026-07-23\customers.csv | Size: 152 bytes
2026-10-08 12:02:53,878 | INFO | Input file: D:\airflow_etl\raw\customers\2026-07-24\customers.csv | Size: 157 bytes
2026-10-08 12:02:53,878 | INFO | Input file: D:\airflow_etl\raw\customers\2026-07-26\customers.csv | Size: 151 bytes
2026-10-08 12:02:53,878 | INFO | Input file: D:\airflow_etl\raw\customers\2026-07-28\customers.csv | Size: 154 bytes
2026-10-08 12:02:53,878 | INFO | Input file: D:\airflow_etl\raw\customers\2026-07-31\customers.csv | Size: 236 bytes
2026-10-08 12:02:53,879 | INFO | Input file: D:\airflow_etl\raw\customers\2026-08-02\customers.csv | Size: 231 bytes
2026-10-08 12:02:53,879 | INFO | Input file: D:\airflow_etl\raw\customers\2026-08-03\customers.csv | Size: 159 bytes
2026-10-08 12:02:53,879 | INFO | Input file: D:\airflow_etl\raw\customers\2026-08-04\customers.csv | Size: 410 bytes
2026-10-08 12:02:53,879 | INFO | Input file: D:\airflow_etl\raw\customers\2026-08-05\customers.csv | Size: 155 bytes
2026-10-08 12:02:53,879 | INFO | Input file: D:\airflow_etl\raw\customers\2026-08-06\customers.csv | Size: 157 bytes
2026-10-08 12:02:53,879 | INFO | Input file: D:\airflow_etl\raw\customers\2026-08-10\customers.csv | Size: 150 bytes
2026-10-08 12:02:53,880 | INFO | Input file: D:\airflow_etl\raw\customers\2026-08-11\customers.csv | Size: 167 bytes
2026-10-08 12:02:53,880 | INFO | Input file: D:\airflow_etl\raw\customers\2026-08-12\customers.csv | Size: 151 bytes
2026-10-08 12:02:53,880 | INFO | Input file: D:\airflow_etl\raw\customers\2026-08-14\customers.csv | Size: 156 bytes
2026-10-08 12:02:53,880 | INFO | Input file: D:\airflow_etl\raw\customers\2026-08-16\customers.csv | Size: 155 bytes
2026-10-08 12:02:53,880 | INFO | Input file: D:\airflow_etl\raw\customers\2026-08-19\customers.csv | Size: 235 bytes
2026-10-08 12:02:53,880 | INFO | Input file: D:\airflow_etl\raw\customers\2026-08-21\customers.csv | Size: 144 bytes
2026-10-08 12:02:53,881 | INFO | Input file: D:\airflow_etl\raw\customers\2026-08-22\customers.csv | Size: 155 bytes
2026-10-08 12:02:53,881 | INFO | Input file: D:\airflow_etl\raw\customers\2026-08-23\customers.csv | Size: 240 bytes
2026-10-08 12:02:53,881 | INFO | Input file: D:\airflow_etl\raw\customers\2026-08-26\customers.csv | Size: 155 bytes
2026-10-08 12:02:53,881 | INFO | Input file: D:\airflow_etl\raw\customers\2026-08-27\customers.csv | Size: 157 bytes
2026-10-08 12:02:53,881 | INFO | Input file: D:\airflow_etl\raw\customers\2026-08-28\customers.csv | Size: 146 bytes
2026-10-08 12:02:53,881 | INFO | Input file: D:\airflow_etl\raw\customers\2026-08-29\customers.csv | Size: 146 bytes
2026-10-08 12:02:53,882 | INFO | Input file: D:\airflow_etl\raw\customers\2026-08-30\customers.csv | Size: 147 bytes
2026-10-08 12:02:53,882 | INFO | Input file: D:\airflow_etl\raw\customers\2026-08-30 copy\customers.csv | Size: 147 bytes
2026-10-08 12:02:53,882 | INFO | Input file check completed.
2026-10-08 12:02:53,882 | INFO | 
2026-10-08 12:02:53,883 | INFO | ================================================================================
2026-10-08 12:02:53,883 | INFO | STARTING TASK: EXTRACT RAW DATA
2026-10-08 12:02:53,883 | INFO | ================================================================================
2026-10-08 12:02:53,883 | INFO | Script: D:\airflow_etl\src\glue_job\extract_data_from_raw_pandas.py
2026-10-08 12:02:53,883 | INFO | Python: D:\airflow_etl\.venv\Scripts\python.exe
2026-10-08 12:02:53,883 | INFO | Working directory: D:\airflow_etl
2026-10-08 12:02:53,883 | INFO | Execution attempt 1/3
2026-10-08 12:02:56,715 | INFO | SCRIPT OUTPUT:
================================================================================
LOCAL ETL CONFIGURATION
================================================================================
S3 Bucket         : airflow-etl-source
S3 Prefix         : raw
Raw Folder        : D:\airflow_etl\raw
Processed Folder  : D:\airflow_etl\processed
Curated Folder    : D:\airflow_etl\curated
Quarantine Folder : D:\airflow_etl\quarantine
================================================================================
================================================================================
RETAIL INCREMENTAL ETL JOB STARTED - LOCAL PANDAS
================================================================================
Raw Folder        : D:\airflow_etl\raw
Processed Folder  : D:\airflow_etl\processed
Curated Folder    : D:\airflow_etl\curated
Quarantine Folder : D:\airflow_etl\quarantine
Control File      : D:\airflow_etl\processed\incremental_control.json
Chunk Size        : 50000
================================================================================

Incremental control loaded: D:\airflow_etl\processed\incremental_control.json

================================================================================
INCREMENTAL CUSTOMER ETL
================================================================================

Reading incremental data: D:\airflow_etl\raw\customers

Total CSV files found for customers: 762

Checking file: 2022-01-03/customers.csv
File time    : 2026-09-30 17:31:51.152604
File size    : 403 bytes
STATUS       : ALREADY PROCESSED

Checking file: 2022-01-04/customers.csv
File time    : 2026-09-30 17:31:51.152604
File size    : 154 bytes
STATUS       : ALREADY PROCESSED

Checking file: 2022-01-06/customers.csv
File time    : 2026-09-30 17:31:51.152604
File size    : 243 bytes
STATUS       : ALREADY PROCESSED

Checking file: 2022-10-20/customers.csv
File time    : 2026-09-30 17:31:51.152604
File size    : 403 bytes
STATUS       : ALREADY PROCESSED

Checking file: 2022-01-07/customers.csv
File time    : 2026-09-30 17:31:51.159137
File size    : 157 bytes
STATUS       : ALREADY PROCESSED

Checking file: 2022-01-08/customers.csv
File time    : 2026-09-30 17:31:51.159137
File size    : 157 bytes
STATUS       : ALREADY PROCESSED

Checking file: 2022-01-09/customers.csv
File time    : 2026-09-30 17:31:51.159137
File size    : 243 bytes
STATUS       : ALREADY PROCESSED

Checking file: 2022-01-13/customers.csv
File time    : 2026-09-30 17:31:51.168274
File size    : 157 bytes
STATUS       : ALREADY PROCESSED

Checking file: 2022-01-14/customers.csv
File time    : 2026-09-30 17:31:51.171064
File size    : 157 bytes
STATUS       : ALREADY PROCESSED

Checking file: 2022-01-15/customers.csv
File time    : 2026-09-30 17:31:51.172065
File size    : 237 bytes
STATUS       : ALREADY PROCESSED

Checking file: 2022-01-16/customers.csv
File time    : 2026-09-30 17:31:51.174149
File size    : 156 bytes
STATUS       : ALREADY PROCESSED

Checking file: 2022-01-18/customers.csv
File time    : 2026-09-30 17:31:51.176047
File size    : 159 bytes
STATUS       : ALREADY PROCESSED

Checking file: 2022-01-19/customers.csv
File time    : 2026-09-30 17:31:51.176047
File size    : 155 bytes
STATUS       : ALREADY PROCESSED

Checking file: 2022-01-22/customers.csv
File time    : 2026-09-30 17:31:51.176047
File size    : 149 bytes
STATUS       : ALREADY PROCESSED

Checking file: 2022-01-24/customers.csv
File time    : 2026-09-30 17:31:51.176047
File size    : 152 bytes
STATUS       : ALREADY PROCESSED

Checking file: 2022-01-26/customers.csv
File time    : 2026-09-30 17:31:51.185877
File size    : 150 bytes
STATUS       : ALREADY PROCESSED

Checking file: 2022-01-29/customers.csv
File time    : 2026-09-30 17:31:51.187871
File size    : 152 bytes
STATUS       : ALREADY PROCESSED

Checking file: 2022-01-31/customers.csv
File time    : 2026-09-30 17:31:51.188876
File size    : 243 bytes
STATUS       : ALREADY PROCESSED

Checking file: 2022-02-02/customers.csv
File time    : 2026-09-30 17:31:51.191324
File size    : 150 bytes
STATUS       : ALREADY PROCESSED

Checking file: 2022-02-05/customers.csv
File time    : 2026-09-30 17:31:51.192334
File size    : 157 bytes
STATUS       : ALREADY PROCESSED

Checking file: 2022-02-07/customers.csv
File time    : 2026-09-30 17:31:51.192334
File size    : 152 bytes
STATUS       : ALREADY PROCESSED

Checking file: 2022-02-09/customers.csv
File time    : 2026-09-30 17:31:51.200619
File size    : 151 bytes
STATUS       : ALREADY PROCESSED

Checking file: 2022-02-10/customers.csv
File time    : 2026-09-30 17:31:51.202343
File size    : 144 bytes
STATUS       : ALREADY PROCESSED

Checking file: 2022-02-12/customers.csv
File time    : 2026-09-30 17:31:51.204780
File size    : 239 bytes
STATUS       : ALREADY PROCESSED

Checking file: 2022-02-19/customers.csv
File time    : 2026-09-30 17:31:51.205788
File size    : 151 bytes
STATUS       : ALREADY PROCESSED

Checking file: 2022-02-20/customers.csv
File time    : 2026-09-30 17:31:51.209295
File size    : 244 bytes
STATUS       : ALREADY PROCESSED

Checking file: 2022-02-21/customers.csv
File time    : 2026-09-30 17:31:51.209295
File size    : 245 bytes
STATUS       : ALREADY PROCESSED

Checking file: 2022-02-23/customers.csv
File time    : 2026-09-30 17:31:51.209295
File size    : 154 bytes
STATUS       : ALREADY PROCESSED

Checking file: 2022-03-01/customers.csv
File time    : 2026-09-30 17:31:51.217759
File size    : 151 bytes
STATUS       : ALREADY PROCESSED

Checking file: 2022-03-03/customers.csv
File time    : 2026-09-30 17:31:51.218772
File size    : 156 bytes
STATUS       : ALREADY PROCESSED

Checking file: 2022-03-04/customers.csv
File time    : 2026-09-30 17:31:51.221175
File size    : 244 bytes
STATUS       : ALREADY PROCESSED

Checking file: 2022-03-11/customers.csv
File time    : 2026-09-30 17:31:51.222772
File size    : 232 bytes
STATUS       : ALREADY PROCESSED

Checking file: 2022-03-12/customers.csv
File time    : 2026-09-30 17:31:51.225181
File size    : 227 bytes
STATUS       : ALREADY PROCESSED

Checking file: 2022-03-15/customers.csv
File time    : 2026-09-30 17:31:51.228414
File size    : 146 bytes
STATUS       : ALREADY PROCESSED

Checking file: 2022-03-18/customers.csv
File time    : 2026-09-30 17:31:51.230422
File size    : 241 bytes
STATUS       : ALREADY PROCESSED

Checking file: 2022-03-21/customers.csv
File time    : 2026-09-30 17:31:51.230422
File size    : 156 bytes
STATUS       : ALREADY PROCESSED

Checking file: 2022-03-22/customers.csv
File time    : 2026-09-30 17:31:51.235939
File size    : 233 bytes
STATUS       : ALREADY PROCESSED

Checking file: 2022-03-24/customers.csv
File time    : 2026-09-30 17:31:51.236934
File size    : 252 bytes
STATUS       : ALREADY PROCESSED

Checking file: 2022-03-25/customers.csv
File time    : 2026-09-30 17:31:51.240954
File size    : 156 bytes
STATUS       : ALREADY PROCESSED

Checking file: 2022-03-27/customers.csv
File time    : 2026-09-30 17:31:51.244637
File size    : 155 bytes
STATUS       : ALREADY PROCESSED

Checking file: 2022-03-28/customers.csv
File time    : 2026-09-30 17:31:51.244637
File size    : 231 bytes
STATUS       : ALREADY PROCESSED

Checking file: 2022-03-29/customers.csv
File time    : 2026-09-30 17:31:51.244637
File size    : 150 bytes
STATUS       : ALREADY PROCESSED

Checking file: 2022-03-30/customers.csv
File time    : 2026-09-30 17:31:51.244637
File size    : 151 bytes
STATUS       : ALREADY PROCESSED

Checking file: 2022-04-03/customers.csv
File time    : 2026-09-30 17:31:51.244637
File size    : 159 bytes
STATUS       : ALREADY PROCESSED

Checking file: 2022-04-04/customers.csv
File time    : 2026-09-30 17:31:51.258668
File size    : 158 bytes
STATUS       : ALREADY PROCESSED

Checking file: 2022-04-05/customers.csv
File time    : 2026-09-30 17:31:51.261679
File size    : 155 bytes
STATUS       : ALREADY PROCESSED

Checking file: 2022-04-06/customers.csv
File time    : 2026-09-30 17:31:51.263682
File size    : 152 bytes
STATUS       : ALREADY PROCESSED

Checking file: 2022-04-08/customers.csv
File time    : 2026-09-30 17:31:51.265685
File size    : 238 bytes
STATUS       : ALREADY PROCESSED

Checking file: 2022-04-09/customers.csv
File time    : 2026-09-30 17:31:51.268681
File size    : 157 bytes
STATUS       : ALREADY PROCESSED

Checking file: 2022-04-13/customers.csv
File time    : 2026-09-30 17:31:51.270678
File size    : 231 bytes
STATUS       : ALREADY PROCESSED

Checking file: 2022-04-14/customers.csv
File time    : 2026-09-30 17:31:51.273715
File size    : 227 bytes
STATUS       : ALREADY PROCESSED

Checking file: 2022-04-15/customers.csv
File time    : 2026-09-30 17:31:51.278426
File size    : 159 bytes
STATUS       : ALREADY PROCESSED

Checking file: 2022-04-16/customers.csv
File time    : 2026-09-30 17:31:51.282017
File size    : 161 bytes
STATUS       : ALREADY PROCESSED

Checking file: 2022-04-22/customers.csv
File time    : 2026-09-30 17:31:51.284762
File size    : 155 bytes
STATUS       : ALREADY PROCESSED

Checking file: 2022-04-24/customers.csv
File time    : 2026-09-30 17:31:51.287041
File size    : 148 bytes
STATUS       : ALREADY PROCESSED

Checking file: 2022-04-25/customers.csv
File time    : 2026-09-30 17:31:51.293185
File size    : 159 bytes
STATUS       : ALREADY PROCESSED

Checking file: 2022-04-26/customers.csv
File time    : 2026-09-30 17:31:51.297185
File size    : 150 bytes
STATUS       : ALREADY PROCESSED

Checking file: 2022-05-03/customers.csv
File time    : 2026-09-30 17:31:51.300184
File size    : 313 bytes
STATUS       : ALREADY PROCESSED

Checking file: 2022-05-07/customers.csv
File time    : 2026-09-30 17:31:51.303179
File size    : 316 bytes
STATUS       : ALREADY PROCESSED

Checking file: 2022-05-11/customers.csv
File time    : 2026-09-30 17:31:51.304702
File size    : 153 bytes
STATUS       : ALREADY PROCESSED

Checking file: 2022-05-13/customers.csv
File time    : 2026-09-30 17:31:51.309597
File size    : 151 bytes
STATUS       : ALREADY PROCESSED

Checking file: 2022-05-14/customers.csv
File time    : 2026-09-30 17:31:51.311584
File size    : 157 bytes
STATUS       : ALREADY PROCESSED

Checking file: 2022-05-16/customers.csv
File time    : 2026-09-30 17:31:51.314588
File size    : 157 bytes
STATUS       : ALREADY PROCESSED

Checking file: 2022-05-17/customers.csv
File time    : 2026-09-30 17:31:51.316538
File size    : 143 bytes
STATUS       : ALREADY PROCESSED

Checking file: 2022-05-20/customers.csv
File time    : 2026-09-30 17:31:51.318571
File size    : 152 bytes
STATUS       : ALREADY PROCESSED

Checking file: 2022-05-21/customers.csv
File time    : 2026-09-30 17:31:51.322748
File size    : 158 bytes
STATUS       : ALREADY PROCESSED

Checking file: 2022-05-24/customers.csv
File time    : 2026-09-30 17:31:51.325344
File size    : 159 bytes
STATUS       : ALREADY PROCESSED

Checking file: 2022-05-25/customers.csv
File time    : 2026-09-30 17:31:51.328881
File size    : 235 bytes
STATUS       : ALREADY PROCESSED

Checking file: 2022-06-01/customers.csv
File time    : 2026-09-30 17:31:51.331089
File size    : 234 bytes
STATUS       : ALREADY PROCESSED

Checking file: 2022-06-02/customers.csv
File time    : 2026-09-30 17:31:51.334090
File size    : 317 bytes
STATUS       : ALREADY PROCESSED

Checking file: 2022-06-05/customers.csv
File time    : 2026-09-30 17:31:51.337240
File size    : 149 bytes
STATUS       : ALREADY PROCESSED

Checking file: 2022-06-10/customers.csv
File time    : 2026-09-30 17:31:51.340288
File size    : 158 bytes
STATUS       : ALREADY PROCESSED

Checking file: 2022-06-15/customers.csv
File time    : 2026-09-30 17:31:51.343526
File size    : 157 bytes
STATUS       : ALREADY PROCESSED

Checking file: 2022-06-18/customers.csv
File time    : 2026-09-30 17:31:51.348891
File size    : 155 bytes
STATUS       : ALREADY PROCESSED

Checking file: 2022-06-20/customers.csv
File time    : 2026-09-30 17:31:51.348891
File size    : 233 bytes
STATUS       : ALREADY PROCESSED

Checking file: 2022-06-23/customers.csv
File time    : 2026-09-30 17:31:51.348891
File size    : 232 bytes
STATUS       : ALREADY PROCESSED

Checking file: 2022-06-25/customers.csv
File time    : 2026-09-30 17:31:51.360034
File size    : 234 bytes
STATUS       : ALREADY PROCESSED

Checking file: 2022-06-28/customers.csv
File time    : 2026-09-30 17:31:51.362534
File size    : 238 bytes
STATUS       : ALREADY PROCESSED

Checking file: 2022-06-29/customers.csv
File time    : 2026-09-30 17:31:51.365544
File size    : 159 bytes
STATUS       : ALREADY PROCESSED

Checking file: 2022-07-01/customers.csv
File time    : 2026-09-30 17:31:51.368547
File size    : 146 bytes
STATUS       : ALREADY PROCESSED

Checking file: 2022-07-02/customers.csv
File time    : 2026-09-30 17:31:51.370548
File size    : 150 bytes
STATUS       : ALREADY PROCESSED

Checking file: 2022-07-06/customers.csv
File time    : 2026-09-30 17:31:51.373919
File size    : 158 bytes
STATUS       : ALREADY PROCESSED

Checking file: 2022-07-08/customers.csv
File time    : 2026-09-30 17:31:51.377802
File size    : 235 bytes
STATUS       : ALREADY PROCESSED

Checking file: 2022-07-09/customers.csv
File time    : 2026-09-30 17:31:51.380853
File size    : 228 bytes
STATUS       : ALREADY PROCESSED

Checking file: 2022-07-10/customers.csv
File time    : 2026-09-30 17:31:51.382852
File size    : 237 bytes
STATUS       : ALREADY PROCESSED

Checking file: 2022-07-12/customers.csv
File time    : 2026-09-30 17:31:51.386070
File size    : 149 bytes
STATUS       : ALREADY PROCESSED

Checking file: 2022-07-14/customers.csv
File time    : 2026-09-30 17:31:51.388065
File size    : 150 bytes
STATUS       : ALREADY PROCESSED

Checking file: 2022-07-15/customers.csv
File time    : 2026-09-30 17:31:51.390061
File size    : 157 bytes
STATUS       : ALREADY PROCESSED

Checking file: 2022-07-17/customers.csv
File time    : 2026-09-30 17:31:51.393696
File size    : 149 bytes
STATUS       : ALREADY PROCESSED

Checking file: 2022-07-22/customers.csv
File time    : 2026-09-30 17:31:51.398964
File size    : 151 bytes
STATUS       : ALREADY PROCESSED

Checking file: 2022-07-23/customers.csv
File time    : 2026-09-30 17:31:51.400976
File size    : 233 bytes
STATUS       : ALREADY PROCESSED

Checking file: 2022-07-24/customers.csv
File time    : 2026-09-30 17:31:51.404855
File size    : 156 bytes
STATUS       : ALREADY PROCESSED

Checking file: 2022-07-25/customers.csv
File time    : 2026-09-30 17:31:51.446715
File size    : 155 bytes
STATUS       : ALREADY PROCESSED

Checking file: 2022-07-26/customers.csv
File time    : 2026-09-30 17:31:51.467152
File size    : 157 bytes
STATUS       : ALREADY PROCESSED

Checking file: 2022-07-30/customers.csv
File time    : 2026-09-30 17:31:51.483487
File size    : 157 bytes
STATUS       : ALREADY PROCESSED

Checking file: 2022-07-31/customers.csv
File time    : 2026-09-30 17:31:51.495902
File size    : 145 bytes
STATUS       : ALREADY PROCESSED

Checking file: 2022-08-03/customers.csv
File time    : 2026-09-30 17:31:51.499927
File size    : 240 bytes
STATUS       : ALREADY PROCESSED

Checking file: 2022-08-05/customers.csv
File time    : 2026-09-30 17:31:51.505967
File size    : 157 bytes
STATUS       : ALREADY PROCESSED

Checking file: 2022-08-06/customers.csv
File time    : 2026-09-30 17:31:51.511812
File size    : 152 bytes
STATUS       : ALREADY PROCESSED

Checking file: 2022-08-07/customers.csv
File time    : 2026-09-30 17:31:51.516038
File size    : 154 bytes
STATUS       : ALREADY PROCESSED

Checking file: 2022-08-12/customers.csv
File time    : 2026-09-30 17:31:51.518040
File size    : 158 bytes
STATUS       : ALREADY PROCESSED

Checking file: 2022-08-13/customers.csv
File time    : 2026-09-30 17:31:51.521037
File size    : 240 bytes
STATUS       : ALREADY PROCESSED

Checking file: 2022-08-17/customers.csv
File time    : 2026-09-30 17:31:51.528039
File size    : 252 bytes
STATUS       : ALREADY PROCESSED

Checking file: 2022-08-19/customers.csv
File time    : 2026-09-30 17:31:51.536045
File size    : 151 bytes
STATUS       : ALREADY PROCESSED

Checking file: 2022-08-22/customers.csv
File time    : 2026-09-30 17:31:51.541652
File size    : 161 bytes
STATUS       : ALREADY PROCESSED

Checking file: 2022-08-23/customers.csv
File time    : 2026-09-30 17:31:51.544376
File size    : 155 bytes
STATUS       : ALREADY PROCESSED

Checking file: 2022-08-24/customers.csv
File time    : 2026-09-30 17:31:51.549085
File size    : 157 bytes
STATUS       : ALREADY PROCESSED

Checking file: 2022-08-26/customers.csv
File time    : 2026-09-30 17:31:51.549085
File size    : 157 bytes
STATUS       : ALREADY PROCESSED

Checking file: 2022-08-30/customers.csv
File time    : 2026-09-30 17:31:51.554663
File size    : 151 bytes
STATUS       : ALREADY PROCESSED

Checking file: 2022-08-31/customers.csv
File time    : 2026-09-30 17:31:51.558970
File size    : 238 bytes
STATUS       : ALREADY PROCESSED

Checking file: 2022-09-02/customers.csv
File time    : 2026-09-30 17:31:51.558970
File size    : 166 bytes
STATUS       : ALREADY PROCESSED

Checking file: 2022-09-03/customers.csv
File time    : 2026-09-30 17:31:51.558970
File size    : 153 bytes
STATUS       : ALREADY PROCESSED

Checking file: 2022-09-07/customers.csv
File time    : 2026-09-30 17:31:51.558970
File size    : 154 bytes
STATUS       : ALREADY PROCESSED

Checking file: 2022-09-09/customers.csv
File time    : 2026-09-30 17:31:51.573357
File size    : 156 bytes
STATUS       : ALREADY PROCESSED

Checking file: 2022-09-10/customers.csv
File time    : 2026-09-30 17:31:51.578600
File size    : 152 bytes
STATUS       : ALREADY PROCESSED

Checking file: 2022-09-12/customers.csv
File time    : 2026-09-30 17:31:51.578600
File size    : 157 bytes
STATUS       : ALREADY PROCESSED

Checking file: 2022-09-13/customers.csv
File time    : 2026-09-30 17:31:51.578600
File size    : 156 bytes
STATUS       : ALREADY PROCESSED

Checking file: 2022-09-14/customers.csv
File time    : 2026-09-30 17:31:51.587484
File size    : 228 bytes
STATUS       : ALREADY PROCESSED

Checking file: 2022-09-15/customers.csv
File time    : 2026-09-30 17:31:51.590153
File size    : 157 bytes
STATUS       : ALREADY PROCESSED

Checking file: 2022-09-18/customers.csv
File time    : 2026-09-30 17:31:51.594133
File size    : 156 bytes
STATUS       : ALREADY PROCESSED

Checking file: 2022-09-19/customers.csv
File time    : 2026-09-30 17:31:51.594133
File size    : 237 bytes
STATUS       : ALREADY PROCESSED

Checking file: 2022-09-20/customers.csv
File time    : 2026-09-30 17:31:51.599877
File size    : 154 bytes
STATUS       : ALREADY PROCESSED

Checking file: 2022-09-22/customers.csv
File time    : 2026-09-30 17:31:51.601888
File size    : 157 bytes
STATUS       : ALREADY PROCESSED

Checking file: 2022-09-24/customers.csv
File time    : 2026-09-30 17:31:51.604496
File size    : 159 bytes
STATUS       : ALREADY PROCESSED

Checking file: 2022-09-25/customers.csv
File time    : 2026-09-30 17:31:51.605506
File size    : 154 bytes
STATUS       : ALREADY PROCESSED

Checking file: 2022-09-30/customers.csv
File time    : 2026-09-30 17:31:51.608918
File size    : 145 bytes
STATUS       : ALREADY PROCESSED

Checking file: 2022-10-01/customers.csv
File time    : 2026-09-30 17:31:51.612967
File size    : 167 bytes
STATUS       : ALREADY PROCESSED

Checking file: 2022-10-02/customers.csv
File time    : 2026-09-30 17:31:51.616761
File size    : 155 bytes
STATUS       : ALREADY PROCESSED

Checking file: 2022-10-04/customers.csv
File time    : 2026-09-30 17:31:51.618796
File size    : 150 bytes
STATUS       : ALREADY PROCESSED

Checking file: 2022-10-05/customers.csv
File time    : 2026-09-30 17:31:51.620651
File size    : 224 bytes
STATUS       : ALREADY PROCESSED

Checking file: 2022-10-06/customers.csv
File time    : 2026-09-30 17:31:51.623794
File size    : 226 bytes
STATUS       : ALREADY PROCESSED

Checking file: 2022-10-07/customers.csv
File time    : 2026-09-30 17:31:51.629656
File size    : 156 bytes
STATUS       : ALREADY PROCESSED

Checking file: 2022-10-09/customers.csv
File time    : 2026-09-30 17:31:51.631668
File size    : 313 bytes
STATUS       : ALREADY PROCESSED

Checking file: 2022-10-10/customers.csv
File time    : 2026-09-30 17:31:51.635581
File size    : 155 bytes
STATUS       : ALREADY PROCESSED

Checking file: 2022-10-17/customers.csv
File time    : 2026-09-30 17:31:51.637593
File size    : 151 bytes
STATUS       : ALREADY PROCESSED

Checking file: 2022-10-19/customers.csv
File time    : 2026-09-30 17:31:51.639609
File size    : 160 bytes
STATUS       : ALREADY PROCESSED

Checking file: 2022-10-22/customers.csv
File time    : 2026-09-30 17:31:51.642204
File size    : 226 bytes
STATUS       : ALREADY PROCESSED

Checking file: 2022-10-30/customers.csv
File time    : 2026-09-30 17:31:51.646228
File size    : 315 bytes
STATUS       : ALREADY PROCESSED

Checking file: 2022-10-31/customers.csv
File time    : 2026-09-30 17:31:51.649237
File size    : 156 bytes
STATUS       : ALREADY PROCESSED

Checking file: 2022-11-02/customers.csv
File time    : 2026-09-30 17:31:51.652928
File size    : 157 bytes
STATUS       : ALREADY PROCESSED

Checking file: 2022-11-05/customers.csv
File time    : 2026-09-30 17:31:51.655927
File size    : 150 bytes
STATUS       : ALREADY PROCESSED

Checking file: 2022-11-07/customers.csv
File time    : 2026-09-30 17:31:51.658763
File size    : 236 bytes
STATUS       : ALREADY PROCESSED

Checking file: 2022-11-12/customers.csv
File time    : 2026-09-30 17:31:51.658763
File size    : 314 bytes
STATUS       : ALREADY PROCESSED

Checking file: 2022-11-13/customers.csv
File time    : 2026-09-30 17:31:51.658763
File size    : 158 bytes
STATUS       : ALREADY PROCESSED

Checking file: 2022-11-14/customers.csv
File time    : 2026-09-30 17:31:51.667911
File size    : 155 bytes
STATUS       : ALREADY PROCESSED

Checking file: 2022-11-15/customers.csv
File time    : 2026-09-30 17:31:51.669939
File size    : 152 bytes
STATUS       : ALREADY PROCESSED

Checking file: 2022-11-16/customers.csv
File time    : 2026-09-30 17:31:51.671721
File size    : 151 bytes
STATUS       : ALREADY PROCESSED

Checking file: 2022-11-17/customers.csv
File time    : 2026-09-30 17:31:51.674892
File size    : 160 bytes
STATUS       : ALREADY PROCESSED

Checking file: 2022-11-20/customers.csv
File time    : 2026-09-30 17:31:51.675562
File size    : 149 bytes
STATUS       : ALREADY PROCESSED

Checking file: 2022-11-22/customers.csv
File time    : 2026-09-30 17:31:51.683005
File size    : 160 bytes
STATUS       : ALREADY PROCESSED

Checking file: 2022-11-23/customers.csv
File time    : 2026-09-30 17:31:51.684014
File size    : 154 bytes
STATUS       : ALREADY PROCESSED

Checking file: 2022-11-24/customers.csv
File time    : 2026-09-30 17:31:51.686014
File size    : 158 bytes
STATUS       : ALREADY PROCESSED

Checking file: 2022-11-28/customers.csv
File time    : 2026-09-30 17:31:51.688018
File size    : 154 bytes
STATUS       : ALREADY PROCESSED

Checking file: 2022-12-02/customers.csv
File time    : 2026-09-30 17:31:51.691917
File size    : 156 bytes
STATUS       : ALREADY PROCESSED

Checking file: 2022-12-04/customers.csv
File time    : 2026-09-30 17:31:51.696813
File size    : 151 bytes
STATUS       : ALREADY PROCESSED

Checking file: 2022-12-06/customers.csv
File time    : 2026-09-30 17:31:51.697870
File size    : 154 bytes
STATUS       : ALREADY PROCESSED

Checking file: 2022-12-08/customers.csv
File time    : 2026-09-30 17:31:51.702026
File size    : 150 bytes
STATUS       : ALREADY PROCESSED

Checking file: 2022-12-10/customers.csv
File time    : 2026-09-30 17:31:51.705525
File size    : 149 bytes
STATUS       : ALREADY PROCESSED

Checking file: 2022-12-11/customers.csv
File time    : 2026-09-30 17:31:51.708177
File size    : 158 bytes
STATUS       : ALREADY PROCESSED

Checking file: 2022-12-15/customers.csv
File time    : 2026-09-30 17:31:51.712036
File size    : 160 bytes
STATUS       : ALREADY PROCESSED

Checking file: 2022-12-19/customers.csv
File time    : 2026-09-30 17:31:51.715597
File size    : 243 bytes
STATUS       : ALREADY PROCESSED

Checking file: 2022-12-20/customers.csv
File time    : 2026-09-30 17:31:51.715597
File size    : 154 bytes
STATUS       : ALREADY PROCESSED

Checking file: 2022-12-23/customers.csv
File time    : 2026-09-30 17:31:51.720420
File size    : 152 bytes
STATUS       : ALREADY PROCESSED

Checking file: 2022-12-25/customers.csv
File time    : 2026-09-30 17:31:51.720420
File size    : 230 bytes
STATUS       : ALREADY PROCESSED

Checking file: 2022-12-27/customers.csv
File time    : 2026-09-30 17:31:51.728104
File size    : 159 bytes
STATUS       : ALREADY PROCESSED

Checking file: 2022-12-28/customers.csv
File time    : 2026-09-30 17:31:51.731048
File size    : 152 bytes
STATUS       : ALREADY PROCESSED

Checking file: 2023-01-03/customers.csv
File time    : 2026-09-30 17:31:51.733058
File size    : 149 bytes
STATUS       : ALREADY PROCESSED

Checking file: 2023-01-04/customers.csv
File time    : 2026-09-30 17:31:51.733058
File size    : 144 bytes
STATUS       : ALREADY PROCESSED

Checking file: 2023-01-09/customers.csv
File time    : 2026-09-30 17:31:51.740508
File size    : 144 bytes
STATUS       : ALREADY PROCESSED

Checking file: 2023-01-13/customers.csv
File time    : 2026-09-30 17:31:51.743886
File size    : 160 bytes
STATUS       : ALREADY PROCESSED

Checking file: 2023-01-14/customers.csv
File time    : 2026-09-30 17:31:51.743886
File size    : 150 bytes
STATUS       : ALREADY PROCESSED

Checking file: 2023-01-24/customers.csv
File time    : 2026-09-30 17:31:51.743886
File size    : 149 bytes
STATUS       : ALREADY PROCESSED

Checking file: 2023-01-26/customers.csv
File time    : 2026-09-30 17:31:51.751505
File size    : 156 bytes
STATUS       : ALREADY PROCESSED

Checking file: 2023-01-28/customers.csv
File time    : 2026-09-30 17:31:51.753516
File size    : 233 bytes
STATUS       : ALREADY PROCESSED

Checking file: 2023-01-29/customers.csv
File time    : 2026-09-30 17:31:51.757428
File size    : 155 bytes
STATUS       : ALREADY PROCESSED

Checking file: 2023-02-01/customers.csv
File time    : 2026-09-30 17:31:51.760945
File size    : 227 bytes
STATUS       : ALREADY PROCESSED

Checking file: 2023-02-02/customers.csv
File time    : 2026-09-30 17:31:51.766468
File size    : 152 bytes
STATUS       : ALREADY PROCESSED

Checking file: 2023-02-03/customers.csv
File time    : 2026-09-30 17:31:51.766468
File size    : 150 bytes
STATUS       : ALREADY PROCESSED

Checking file: 2023-02-04/customers.csv
File time    : 2026-09-30 17:31:51.766468
File size    : 160 bytes
STATUS       : ALREADY PROCESSED

Checking file: 2023-02-05/customers.csv
File time    : 2026-09-30 17:31:51.775856
File size    : 156 bytes
STATUS       : ALREADY PROCESSED

Checking file: 2023-02-07/customers.csv
File time    : 2026-09-30 17:31:51.778867
File size    : 154 bytes
STATUS       : ALREADY PROCESSED

Checking file: 2023-02-09/customers.csv
File time    : 2026-09-30 17:31:51.781299
File size    : 158 bytes
STATUS       : ALREADY PROCESSED

Checking file: 2023-02-10/customers.csv
File time    : 2026-09-30 17:31:51.784829
File size    : 166 bytes
STATUS       : ALREADY PROCESSED

Checking file: 2023-02-12/customers.csv
File time    : 2026-09-30 17:31:51.791729
File size    : 151 bytes
STATUS       : ALREADY PROCESSED

Checking file: 2023-02-16/customers.csv
File time    : 2026-09-30 17:31:51.799800
File size    : 306 bytes
STATUS       : ALREADY PROCESSED

Checking file: 2023-02-17/customers.csv
File time    : 2026-09-30 17:31:51.803082
File size    : 161 bytes
STATUS       : ALREADY PROCESSED

Checking file: 2023-02-19/customers.csv
File time    : 2026-09-30 17:31:51.806633
File size    : 239 bytes
STATUS       : ALREADY PROCESSED

Checking file: 2023-02-20/customers.csv
File time    : 2026-09-30 17:31:51.810728
File size    : 235 bytes
STATUS       : ALREADY PROCESSED

Checking file: 2023-02-21/customers.csv
File time    : 2026-09-30 17:31:51.817608
File size    : 240 bytes
STATUS       : ALREADY PROCESSED

Checking file: 2023-02-22/customers.csv
File time    : 2026-09-30 17:31:51.819896
File size    : 157 bytes
STATUS       : ALREADY PROCESSED

Checking file: 2023-02-23/customers.csv
File time    : 2026-09-30 17:31:51.823224
File size    : 158 bytes
STATUS       : ALREADY PROCESSED

Checking file: 2023-02-24/customers.csv
File time    : 2026-09-30 17:31:51.825225
File size    : 161 bytes
STATUS       : ALREADY PROCESSED

Checking file: 2023-02-25/customers.csv
File time    : 2026-09-30 17:31:51.829334
File size    : 154 bytes
STATUS       : ALREADY PROCESSED

Checking file: 2023-02-28/customers.csv
File time    : 2026-09-30 17:31:51.829334
File size    : 229 bytes
STATUS       : ALREADY PROCESSED

Checking file: 2023-03-03/customers.csv
File time    : 2026-09-30 17:31:51.829334
File size    : 156 bytes
STATUS       : ALREADY PROCESSED

Checking file: 2023-03-06/customers.csv
File time    : 2026-09-30 17:31:51.837849
File size    : 145 bytes
STATUS       : ALREADY PROCESSED

Checking file: 2023-03-08/customers.csv
File time    : 2026-09-30 17:31:51.840480
File size    : 310 bytes
STATUS       : ALREADY PROCESSED

Checking file: 2023-03-10/customers.csv
File time    : 2026-09-30 17:31:51.844533
File size    : 233 bytes
STATUS       : ALREADY PROCESSED

Checking file: 2023-03-12/customers.csv
File time    : 2026-09-30 17:31:51.844533
File size    : 159 bytes
STATUS       : ALREADY PROCESSED

Checking file: 2023-03-18/customers.csv
File time    : 2026-09-30 17:31:51.851432
File size    : 235 bytes
STATUS       : ALREADY PROCESSED

Checking file: 2023-03-20/customers.csv
File time    : 2026-09-30 17:31:51.854481
File size    : 157 bytes
STATUS       : ALREADY PROCESSED

Checking file: 2023-03-24/customers.csv
File time    : 2026-09-30 17:31:51.856883
File size    : 146 bytes
STATUS       : ALREADY PROCESSED

Checking file: 2023-03-26/customers.csv
File time    : 2026-09-30 17:31:51.860970
File size    : 159 bytes
STATUS       : ALREADY PROCESSED

Checking file: 2023-03-27/customers.csv
File time    : 2026-09-30 17:31:51.860970
File size    : 155 bytes
STATUS       : ALREADY PROCESSED

Checking file: 2023-03-28/customers.csv
File time    : 2026-09-30 17:31:51.860970
File size    : 230 bytes
STATUS       : ALREADY PROCESSED

Checking file: 2023-03-30/customers.csv
File time    : 2026-09-30 17:31:51.869975
File size    : 150 bytes
STATUS       : ALREADY PROCESSED

Checking file: 2023-03-31/customers.csv
File time    : 2026-09-30 17:31:51.870986
File size    : 154 bytes
STATUS       : ALREADY PROCESSED

Checking file: 2023-04-01/customers.csv
File time    : 2026-09-30 17:31:51.872988
File size    : 157 bytes
STATUS       : ALREADY PROCESSED

Checking file: 2023-04-03/customers.csv
File time    : 2026-09-30 17:31:51.875495
File size    : 239 bytes
STATUS       : ALREADY PROCESSED

Checking file: 2023-04-11/customers.csv
File time    : 2026-09-30 17:31:51.880341
File size    : 156 bytes
STATUS       : ALREADY PROCESSED

Checking file: 2023-04-14/customers.csv
File time    : 2026-09-30 17:31:51.883898
File size    : 231 bytes
STATUS       : ALREADY PROCESSED

Checking file: 2023-04-19/customers.csv
File time    : 2026-09-30 17:31:51.885988
File size    : 239 bytes
STATUS       : ALREADY PROCESSED

Checking file: 2023-04-23/customers.csv
File time    : 2026-09-30 17:31:51.889995
File size    : 319 bytes
STATUS       : ALREADY PROCESSED

Checking file: 2023-04-24/customers.csv
File time    : 2026-09-30 17:31:51.892001
File size    : 149 bytes
STATUS       : ALREADY PROCESSED

Checking file: 2023-04-26/customers.csv
File time    : 2026-09-30 17:31:51.892001
File size    : 166 bytes
STATUS       : ALREADY PROCESSED

Checking file: 2023-04-28/customers.csv
File time    : 2026-09-30 17:31:51.892001
File size    : 152 bytes
STATUS       : ALREADY PROCESSED

Checking file: 2023-04-30/customers.csv
File time    : 2026-09-30 17:31:51.902460
File size    : 220 bytes
STATUS       : ALREADY PROCESSED

Checking file: 2023-05-05/customers.csv
File time    : 2026-09-30 17:31:51.904476
File size    : 151 bytes
STATUS       : ALREADY PROCESSED

Checking file: 2023-05-06/customers.csv
File time    : 2026-09-30 17:31:51.906241
File size    : 155 bytes
STATUS       : ALREADY PROCESSED

Checking file: 2023-05-09/customers.csv
File time    : 2026-09-30 17:31:51.908684
File size    : 156 bytes
STATUS       : ALREADY PROCESSED

Checking file: 2023-05-11/customers.csv
File time    : 2026-09-30 17:31:51.914089
File size    : 144 bytes
STATUS       : ALREADY PROCESSED

Checking file: 2023-05-13/customers.csv
File time    : 2026-09-30 17:31:51.917553
File size    : 155 bytes
STATUS       : ALREADY PROCESSED

Checking file: 2023-05-16/customers.csv
File time    : 2026-09-30 17:31:51.919793
File size    : 166 bytes
STATUS       : ALREADY PROCESSED

Checking file: 2023-05-17/customers.csv
File time    : 2026-09-30 17:31:51.921791
File size    : 149 bytes
STATUS       : ALREADY PROCESSED

Checking file: 2023-05-18/customers.csv
File time    : 2026-09-30 17:31:51.924337
File size    : 158 bytes
STATUS       : ALREADY PROCESSED

Checking file: 2023-05-20/customers.csv
File time    : 2026-09-30 17:31:51.927307
File size    : 391 bytes
STATUS       : ALREADY PROCESSED

Checking file: 2023-05-23/customers.csv
File time    : 2026-09-30 17:31:51.931681
File size    : 152 bytes
STATUS       : ALREADY PROCESSED

Checking file: 2023-05-25/customers.csv
File time    : 2026-09-30 17:31:51.935069
File size    : 157 bytes
STATUS       : ALREADY PROCESSED

Checking file: 2023-05-26/customers.csv
File time    : 2026-09-30 17:31:51.937565
File size    : 157 bytes
STATUS       : ALREADY PROCESSED

Checking file: 2023-05-29/customers.csv
File time    : 2026-09-30 17:31:51.938564
File size    : 327 bytes
STATUS       : ALREADY PROCESSED

Checking file: 2023-05-30/customers.csv
File time    : 2026-09-30 17:31:51.942242
File size    : 158 bytes
STATUS       : ALREADY PROCESSED

Checking file: 2023-06-03/customers.csv
File time    : 2026-09-30 17:31:51.942242
File size    : 149 bytes
STATUS       : ALREADY PROCESSED

Checking file: 2023-06-04/customers.csv
File time    : 2026-09-30 17:31:51.950135
File size    : 157 bytes
STATUS       : ALREADY PROCESSED

Checking file: 2023-06-06/customers.csv
File time    : 2026-09-30 17:31:51.952146
File size    : 225 bytes
STATUS       : ALREADY PROCESSED

Checking file: 2023-06-08/customers.csv
File time    : 2026-09-30 17:31:51.954145
File size    : 156 bytes
STATUS       : ALREADY PROCESSED

Checking file: 2023-06-09/customers.csv
File time    : 2026-09-30 17:31:51.956578
File size    : 166 bytes
STATUS       : ALREADY PROCESSED

Checking file: 2023-06-14/customers.csv
File time    : 2026-09-30 17:31:51.958543
File size    : 159 bytes
STATUS       : ALREADY PROCESSED

Checking file: 2023-06-17/customers.csv
File time    : 2026-09-30 17:31:51.962578
File size    : 230 bytes
STATUS       : ALREADY PROCESSED

Checking file: 2023-06-19/customers.csv
File time    : 2026-09-30 17:31:51.964590
File size    : 159 bytes
STATUS       : ALREADY PROCESSED

Checking file: 2023-06-20/customers.csv
File time    : 2026-09-30 17:31:51.966601
File size    : 149 bytes
STATUS       : ALREADY PROCESSED

Checking file: 2023-06-23/customers.csv
File time    : 2026-09-30 17:31:51.969767
File size    : 159 bytes
STATUS       : ALREADY PROCESSED

Checking file: 2023-06-25/customers.csv
File time    : 2026-09-30 17:31:51.972752
File size    : 241 bytes
STATUS       : ALREADY PROCESSED

Checking file: 2023-06-27/customers.csv
File time    : 2026-09-30 17:31:51.975478
File size    : 149 bytes
STATUS       : ALREADY PROCESSED

Checking file: 2023-06-28/customers.csv
File time    : 2026-09-30 17:31:51.978125
File size    : 319 bytes
STATUS       : ALREADY PROCESSED

Checking file: 2023-06-29/customers.csv
File time    : 2026-09-30 17:31:51.978125
File size    : 159 bytes
STATUS       : ALREADY PROCESSED

Checking file: 2023-07-02/customers.csv
File time    : 2026-09-30 17:31:51.985696
File size    : 166 bytes
STATUS       : ALREADY PROCESSED

Checking file: 2023-07-04/customers.csv
File time    : 2026-09-30 17:31:51.988179
File size    : 248 bytes
STATUS       : ALREADY PROCESSED

Checking file: 2023-07-08/customers.csv
File time    : 2026-09-30 17:31:51.989197
File size    : 150 bytes
STATUS       : ALREADY PROCESSED

Checking file: 2023-07-09/customers.csv
File time    : 2026-09-30 17:31:51.991914
File size    : 156 bytes
STATUS       : ALREADY PROCESSED

Checking file: 2023-07-14/customers.csv
File time    : 2026-09-30 17:31:51.991914
File size    : 230 bytes
STATUS       : ALREADY PROCESSED

Checking file: 2023-07-18/customers.csv
File time    : 2026-09-30 17:31:51.991914
File size    : 255 bytes
STATUS       : ALREADY PROCESSED

Checking file: 2023-07-20/customers.csv
File time    : 2026-09-30 17:31:52.001040
File size    : 160 bytes
STATUS       : ALREADY PROCESSED

Checking file: 2023-07-22/customers.csv
File time    : 2026-09-30 17:31:52.003511
File size    : 319 bytes
STATUS       : ALREADY PROCESSED

Checking file: 2023-07-23/customers.csv
File time    : 2026-09-30 17:31:52.005540
File size    : 151 bytes
STATUS       : ALREADY PROCESSED

Checking file: 2023-07-24/customers.csv
File time    : 2026-09-30 17:31:52.008598
File size    : 151 bytes
STATUS       : ALREADY PROCESSED

Checking file: 2023-07-30/customers.csv
File time    : 2026-09-30 17:31:52.013570
File size    : 150 bytes
STATUS       : ALREADY PROCESSED

Checking file: 2023-07-31/customers.csv
File time    : 2026-09-30 17:31:52.016583
File size    : 151 bytes
STATUS       : ALREADY PROCESSED

Checking file: 2023-08-01/customers.csv
File time    : 2026-09-30 17:31:52.017566
File size    : 236 bytes
STATUS       : ALREADY PROCESSED

Checking file: 2023-08-02/customers.csv
File time    : 2026-09-30 17:31:52.020097
File size    : 149 bytes
STATUS       : ALREADY PROCESSED

Checking file: 2023-08-04/customers.csv
File time    : 2026-09-30 17:31:52.022107
File size    : 151 bytes
STATUS       : ALREADY PROCESSED

Checking file: 2023-08-05/customers.csv
File time    : 2026-09-30 17:31:52.024126
File size    : 144 bytes
STATUS       : ALREADY PROCESSED

Checking file: 2023-08-06/customers.csv
File time    : 2026-09-30 17:31:52.024978
File size    : 157 bytes
STATUS       : ALREADY PROCESSED

Checking file: 2023-08-07/customers.csv
File time    : 2026-09-30 17:31:52.031321
File size    : 242 bytes
STATUS       : ALREADY PROCESSED

Checking file: 2023-08-08/customers.csv
File time    : 2026-09-30 17:31:52.035386
File size    : 231 bytes
STATUS       : ALREADY PROCESSED

Checking file: 2023-08-09/customers.csv
File time    : 2026-09-30 17:31:52.037573
File size    : 251 bytes
STATUS       : ALREADY PROCESSED

Checking file: 2023-08-14/customers.csv
File time    : 2026-09-30 17:31:52.041165
File size    : 415 bytes
STATUS       : ALREADY PROCESSED

Checking file: 2023-08-16/customers.csv
File time    : 2026-09-30 17:31:52.041839
File size    : 243 bytes
STATUS       : ALREADY PROCESSED

Checking file: 2023-08-21/customers.csv
File time    : 2026-09-30 17:31:52.050936
File size    : 152 bytes
STATUS       : ALREADY PROCESSED

Checking file: 2023-08-28/customers.csv
File time    : 2026-09-30 17:31:52.054559
File size    : 150 bytes
STATUS       : ALREADY PROCESSED

Checking file: 2023-09-03/customers.csv
File time    : 2026-09-30 17:31:52.056564
File size    : 156 bytes
STATUS       : ALREADY PROCESSED

Checking file: 2023-09-05/customers.csv
File time    : 2026-09-30 17:31:52.062424
File size    : 227 bytes
STATUS       : ALREADY PROCESSED

Checking file: 2023-09-08/customers.csv
File time    : 2026-09-30 17:31:52.064436
File size    : 242 bytes
STATUS       : ALREADY PROCESSED

Checking file: 2023-09-10/customers.csv
File time    : 2026-09-30 17:31:52.066435
File size    : 149 bytes
STATUS       : ALREADY PROCESSED

Checking file: 2023-09-14/customers.csv
File time    : 2026-09-30 17:31:52.069333
File size    : 153 bytes
STATUS       : ALREADY PROCESSED

Checking file: 2023-09-15/customers.csv
File time    : 2026-09-30 17:31:52.074346
File size    : 149 bytes
STATUS       : ALREADY PROCESSED

Checking file: 2023-09-17/customers.csv
File time    : 2026-09-30 17:31:52.081954
File size    : 158 bytes
STATUS       : ALREADY PROCESSED

Checking file: 2023-09-21/customers.csv
File time    : 2026-09-30 17:31:52.091552
File size    : 149 bytes
STATUS       : ALREADY PROCESSED

Checking file: 2023-09-22/customers.csv
File time    : 2026-09-30 17:31:52.099753
File size    : 149 bytes
STATUS       : ALREADY PROCESSED

Checking file: 2023-09-24/customers.csv
File time    : 2026-09-30 17:31:52.102756
File size    : 156 bytes
STATUS       : ALREADY PROCESSED

Checking file: 2023-09-25/customers.csv
File time    : 2026-09-30 17:31:52.105522
File size    : 165 bytes
STATUS       : ALREADY PROCESSED

Checking file: 2023-09-26/customers.csv
File time    : 2026-09-30 17:31:52.109118
File size    : 153 bytes
STATUS       : ALREADY PROCESSED

Checking file: 2023-09-27/customers.csv
File time    : 2026-09-30 17:31:52.115109
File size    : 241 bytes
STATUS       : ALREADY PROCESSED

Checking file: 2023-10-01/customers.csv
File time    : 2026-09-30 17:31:52.116106
File size    : 155 bytes
STATUS       : ALREADY PROCESSED

Checking file: 2023-10-05/customers.csv
File time    : 2026-09-30 17:31:52.124868
File size    : 229 bytes
STATUS       : ALREADY PROCESSED

Checking file: 2023-10-08/customers.csv
File time    : 2026-09-30 17:31:52.130969
File size    : 156 bytes
STATUS       : ALREADY PROCESSED

Checking file: 2023-10-10/customers.csv
File time    : 2026-09-30 17:31:52.132981
File size    : 157 bytes
STATUS       : ALREADY PROCESSED

Checking file: 2023-10-13/customers.csv
File time    : 2026-09-30 17:31:52.136884
File size    : 157 bytes
STATUS       : ALREADY PROCESSED

Checking file: 2023-10-15/customers.csv
File time    : 2026-09-30 17:31:52.139890
File size    : 151 bytes
STATUS       : ALREADY PROCESSED

Checking file: 2023-10-16/customers.csv
File time    : 2026-09-30 17:31:52.142567
File size    : 153 bytes
STATUS       : ALREADY PROCESSED

Checking file: 2023-10-17/customers.csv
File time    : 2026-09-30 17:31:52.147547
File size    : 238 bytes
STATUS       : ALREADY PROCESSED

Checking file: 2023-10-18/customers.csv
File time    : 2026-09-30 17:31:52.150495
File size    : 240 bytes
STATUS       : ALREADY PROCESSED

Checking file: 2023-10-20/customers.csv
File time    : 2026-09-30 17:31:52.153661
File size    : 155 bytes
STATUS       : ALREADY PROCESSED

Checking file: 2023-10-23/customers.csv
File time    : 2026-09-30 17:31:52.157670
File size    : 151 bytes
STATUS       : ALREADY PROCESSED

Checking file: 2023-10-24/customers.csv
File time    : 2026-09-30 17:31:52.168415
File size    : 156 bytes
STATUS       : ALREADY PROCESSED

Checking file: 2023-10-29/customers.csv
File time    : 2026-09-30 17:31:52.175688
File size    : 151 bytes
STATUS       : ALREADY PROCESSED

Checking file: 2023-10-31/customers.csv
File time    : 2026-09-30 17:31:52.184763
File size    : 229 bytes
STATUS       : ALREADY PROCESSED

Checking file: 2023-11-01/customers.csv
File time    : 2026-09-30 17:31:52.189021
File size    : 149 bytes
STATUS       : ALREADY PROCESSED

Checking file: 2023-11-02/customers.csv
File time    : 2026-09-30 17:31:52.191638
File size    : 158 bytes
STATUS       : ALREADY PROCESSED

Checking file: 2023-11-03/customers.csv
File time    : 2026-09-30 17:31:52.197680
File size    : 243 bytes
STATUS       : ALREADY PROCESSED

Checking file: 2023-11-04/customers.csv
File time    : 2026-09-30 17:31:52.200684
File size    : 254 bytes
STATUS       : ALREADY PROCESSED

Checking file: 2023-11-06/customers.csv
File time    : 2026-09-30 17:31:52.203814
File size    : 156 bytes
STATUS       : ALREADY PROCESSED

Checking file: 2023-11-08/customers.csv
File time    : 2026-09-30 17:31:52.207919
File size    : 155 bytes
STATUS       : ALREADY PROCESSED

Checking file: 2023-11-10/customers.csv
File time    : 2026-09-30 17:31:52.236972
File size    : 154 bytes
STATUS       : ALREADY PROCESSED

Checking file: 2023-11-13/customers.csv
File time    : 2026-09-30 17:31:52.270314
File size    : 155 bytes
STATUS       : ALREADY PROCESSED

Checking file: 2023-11-15/customers.csv
File time    : 2026-09-30 17:31:52.279616
File size    : 151 bytes
STATUS       : ALREADY PROCESSED

Checking file: 2023-11-17/customers.csv
File time    : 2026-09-30 17:31:52.291222
File size    : 158 bytes
STATUS       : ALREADY PROCESSED

Checking file: 2023-11-21/customers.csv
File time    : 2026-09-30 17:31:52.300596
File size    : 157 bytes
STATUS       : ALREADY PROCESSED

Checking file: 2023-11-24/customers.csv
File time    : 2026-09-30 17:31:52.304329
File size    : 159 bytes
STATUS       : ALREADY PROCESSED

Checking file: 2023-11-26/customers.csv
File time    : 2026-09-30 17:31:52.308392
File size    : 239 bytes
STATUS       : ALREADY PROCESSED

Checking file: 2023-11-27/customers.csv
File time    : 2026-09-30 17:31:52.315486
File size    : 155 bytes
STATUS       : ALREADY PROCESSED

Checking file: 2023-11-28/customers.csv
File time    : 2026-09-30 17:31:52.318666
File size    : 156 bytes
STATUS       : ALREADY PROCESSED

Checking file: 2023-11-30/customers.csv
File time    : 2026-09-30 17:31:52.321685
File size    : 227 bytes
STATUS       : ALREADY PROCESSED

Checking file: 2023-12-02/customers.csv
File time    : 2026-09-30 17:31:52.324050
File size    : 156 bytes
STATUS       : ALREADY PROCESSED

Checking file: 2023-12-05/customers.csv
File time    : 2026-09-30 17:31:52.330380
File size    : 151 bytes
STATUS       : ALREADY PROCESSED

Checking file: 2023-12-06/customers.csv
File time    : 2026-09-30 17:31:52.333647
File size    : 151 bytes
STATUS       : ALREADY PROCESSED

Checking file: 2023-12-07/customers.csv
File time    : 2026-09-30 17:31:52.339694
File size    : 157 bytes
STATUS       : ALREADY PROCESSED

Checking file: 2023-12-08/customers.csv
File time    : 2026-09-30 17:31:52.345698
File size    : 314 bytes
STATUS       : ALREADY PROCESSED

Checking file: 2023-12-09/customers.csv
File time    : 2026-09-30 17:31:52.349411
File size    : 239 bytes
STATUS       : ALREADY PROCESSED

Checking file: 2023-12-11/customers.csv
File time    : 2026-09-30 17:31:52.350419
File size    : 238 bytes
STATUS       : ALREADY PROCESSED

Checking file: 2023-12-13/customers.csv
File time    : 2026-09-30 17:31:52.355390
File size    : 158 bytes
STATUS       : ALREADY PROCESSED

Checking file: 2023-12-16/customers.csv
File time    : 2026-09-30 17:31:52.358737
File size    : 151 bytes
STATUS       : ALREADY PROCESSED

Checking file: 2023-12-17/customers.csv
File time    : 2026-09-30 17:31:52.364996
File size    : 236 bytes
STATUS       : ALREADY PROCESSED

Checking file: 2023-12-24/customers.csv
File time    : 2026-09-30 17:31:52.366997
File size    : 157 bytes
STATUS       : ALREADY PROCESSED

Checking file: 2023-12-25/customers.csv
File time    : 2026-09-30 17:31:52.368995
File size    : 155 bytes
STATUS       : ALREADY PROCESSED

Checking file: 2023-12-26/customers.csv
File time    : 2026-09-30 17:31:52.368995
File size    : 149 bytes
STATUS       : ALREADY PROCESSED

Checking file: 2023-12-29/customers.csv
File time    : 2026-09-30 17:31:52.372909
File size    : 155 bytes
STATUS       : ALREADY PROCESSED

Checking file: 2023-12-30/customers.csv
File time    : 2026-09-30 17:31:52.374703
File size    : 166 bytes
STATUS       : ALREADY PROCESSED

Checking file: 2024-01-04/customers.csv
File time    : 2026-09-30 17:31:52.377339
File size    : 157 bytes
STATUS       : ALREADY PROCESSED

Checking file: 2024-01-05/customers.csv
File time    : 2026-09-30 17:31:52.377339
File size    : 229 bytes
STATUS       : ALREADY PROCESSED

Checking file: 2024-01-08/customers.csv
File time    : 2026-09-30 17:31:52.385078
File size    : 166 bytes
STATUS       : ALREADY PROCESSED

Checking file: 2024-01-09/customers.csv
File time    : 2026-09-30 17:31:52.387240
File size    : 156 bytes
STATUS       : ALREADY PROCESSED

Checking file: 2024-01-11/customers.csv
File time    : 2026-09-30 17:31:52.390270
File size    : 149 bytes
STATUS       : ALREADY PROCESSED

Checking file: 2024-01-14/customers.csv
File time    : 2026-09-30 17:31:52.393608
File size    : 148 bytes
STATUS       : ALREADY PROCESSED

Checking file: 2024-01-16/customers.csv
File time    : 2026-09-30 17:31:52.396872
File size    : 156 bytes
STATUS       : ALREADY PROCESSED

Checking file: 2024-01-17/customers.csv
File time    : 2026-09-30 17:31:52.401361
File size    : 158 bytes
STATUS       : ALREADY PROCESSED

Checking file: 2024-01-20/customers.csv
File time    : 2026-09-30 17:31:52.403584
File size    : 156 bytes
STATUS       : ALREADY PROCESSED

Checking file: 2024-01-26/customers.csv
File time    : 2026-09-30 17:31:52.406306
File size    : 166 bytes
STATUS       : ALREADY PROCESSED

Checking file: 2024-01-27/customers.csv
File time    : 2026-09-30 17:31:52.410301
File size    : 228 bytes
STATUS       : ALREADY PROCESSED

Checking file: 2024-02-01/customers.csv
File time    : 2026-09-30 17:31:52.416745
File size    : 156 bytes
STATUS       : ALREADY PROCESSED

Checking file: 2024-02-03/customers.csv
File time    : 2026-09-30 17:31:52.416745
File size    : 231 bytes
STATUS       : ALREADY PROCESSED

Checking file: 2024-02-04/customers.csv
File time    : 2026-09-30 17:31:52.422244
File size    : 154 bytes
STATUS       : ALREADY PROCESSED

Checking file: 2024-02-05/customers.csv
File time    : 2026-09-30 17:31:52.428063
File size    : 321 bytes
STATUS       : ALREADY PROCESSED

Checking file: 2024-02-06/customers.csv
File time    : 2026-09-30 17:31:52.431493
File size    : 230 bytes
STATUS       : ALREADY PROCESSED

Checking file: 2024-02-09/customers.csv
File time    : 2026-09-30 17:31:52.431493
File size    : 150 bytes
STATUS       : ALREADY PROCESSED

Checking file: 2024-02-11/customers.csv
File time    : 2026-09-30 17:31:52.436925
File size    : 154 bytes
STATUS       : ALREADY PROCESSED

Checking file: 2024-02-13/customers.csv
File time    : 2026-09-30 17:31:52.438941
File size    : 232 bytes
STATUS       : ALREADY PROCESSED

Checking file: 2024-02-14/customers.csv
File time    : 2026-09-30 17:31:52.443348
File size    : 158 bytes
STATUS       : ALREADY PROCESSED

Checking file: 2024-02-15/customers.csv
File time    : 2026-09-30 17:31:52.447588
File size    : 159 bytes
STATUS       : ALREADY PROCESSED

Checking file: 2024-02-16/customers.csv
File time    : 2026-09-30 17:31:52.450586
File size    : 149 bytes
STATUS       : ALREADY PROCESSED

Checking file: 2024-02-19/customers.csv
File time    : 2026-09-30 17:31:52.451586
File size    : 154 bytes
STATUS       : ALREADY PROCESSED

Checking file: 2024-02-24/customers.csv
File time    : 2026-09-30 17:31:52.456108
File size    : 226 bytes
STATUS       : ALREADY PROCESSED

Checking file: 2024-03-02/customers.csv
File time    : 2026-09-30 17:31:52.459973
File size    : 235 bytes
STATUS       : ALREADY PROCESSED

Checking file: 2024-03-05/customers.csv
File time    : 2026-09-30 17:31:52.463995
File size    : 159 bytes
STATUS       : ALREADY PROCESSED

Checking file: 2024-03-06/customers.csv
File time    : 2026-09-30 17:31:52.466006
File size    : 158 bytes
STATUS       : ALREADY PROCESSED

Checking file: 2024-03-07/customers.csv
File time    : 2026-09-30 17:31:52.470137
File size    : 153 bytes
STATUS       : ALREADY PROCESSED

Checking file: 2024-03-08/customers.csv
File time    : 2026-09-30 17:31:52.474156
File size    : 158 bytes
STATUS       : ALREADY PROCESSED

Checking file: 2024-03-09/customers.csv
File time    : 2026-09-30 17:31:52.477882
File size    : 235 bytes
STATUS       : ALREADY PROCESSED

Checking file: 2024-03-10/customers.csv
File time    : 2026-09-30 17:31:52.482150
File size    : 149 bytes
STATUS       : ALREADY PROCESSED

Checking file: 2024-03-11/customers.csv
File time    : 2026-09-30 17:31:52.484208
File size    : 228 bytes
STATUS       : ALREADY PROCESSED

Checking file: 2024-03-16/customers.csv
File time    : 2026-09-30 17:31:52.486220
File size    : 154 bytes
STATUS       : ALREADY PROCESSED

Checking file: 2024-03-20/customers.csv
File time    : 2026-09-30 17:31:52.487552
File size    : 156 bytes
STATUS       : ALREADY PROCESSED

Checking file: 2024-03-22/customers.csv
File time    : 2026-09-30 17:31:52.490439
File size    : 161 bytes
STATUS       : ALREADY PROCESSED

Checking file: 2024-03-24/customers.csv
File time    : 2026-09-30 17:31:52.495420
File size    : 151 bytes
STATUS       : ALREADY PROCESSED

Checking file: 2024-03-25/customers.csv
File time    : 2026-09-30 17:31:52.498469
File size    : 150 bytes
STATUS       : ALREADY PROCESSED

Checking file: 2024-03-26/customers.csv
File time    : 2026-09-30 17:31:52.499454
File size    : 149 bytes
STATUS       : ALREADY PROCESSED

Checking file: 2024-03-27/customers.csv
File time    : 2026-09-30 17:31:52.501451
File size    : 146 bytes
STATUS       : ALREADY PROCESSED

Checking file: 2024-03-28/customers.csv
File time    : 2026-09-30 17:31:52.502451
File size    : 144 bytes
STATUS       : ALREADY PROCESSED

Checking file: 2024-03-30/customers.csv
File time    : 2026-09-30 17:31:52.505384
File size    : 159 bytes
STATUS       : ALREADY PROCESSED

Checking file: 2024-03-31/customers.csv
File time    : 2026-09-30 17:31:52.507394
File size    : 158 bytes
STATUS       : ALREADY PROCESSED

Checking file: 2024-04-01/customers.csv
File time    : 2026-09-30 17:31:52.508396
File size    : 222 bytes
STATUS       : ALREADY PROCESSED

Checking file: 2024-04-10/customers.csv
File time    : 2026-09-30 17:31:52.508396
File size    : 155 bytes
STATUS       : ALREADY PROCESSED

Checking file: 2024-04-13/customers.csv
File time    : 2026-09-30 17:31:52.508396
File size    : 233 bytes
STATUS       : ALREADY PROCESSED

Checking file: 2024-04-14/customers.csv
File time    : 2026-09-30 17:31:52.518544
File size    : 154 bytes
STATUS       : ALREADY PROCESSED

Checking file: 2024-04-15/customers.csv
File time    : 2026-09-30 17:31:52.521093
File size    : 243 bytes
STATUS       : ALREADY PROCESSED

Checking file: 2024-04-20/customers.csv
File time    : 2026-09-30 17:31:52.523343
File size    : 156 bytes
STATUS       : ALREADY PROCESSED

Checking file: 2024-04-21/customers.csv
File time    : 2026-09-30 17:31:52.527704
File size    : 234 bytes
STATUS       : ALREADY PROCESSED

Checking file: 2024-04-22/customers.csv
File time    : 2026-09-30 17:31:52.530698
File size    : 155 bytes
STATUS       : ALREADY PROCESSED

Checking file: 2024-04-23/customers.csv
File time    : 2026-09-30 17:31:52.532709
File size    : 152 bytes
STATUS       : ALREADY PROCESSED

Checking file: 2024-04-24/customers.csv
File time    : 2026-09-30 17:31:52.534709
File size    : 154 bytes
STATUS       : ALREADY PROCESSED

Checking file: 2024-04-26/customers.csv
File time    : 2026-09-30 17:31:52.535706
File size    : 157 bytes
STATUS       : ALREADY PROCESSED

Checking file: 2024-04-29/customers.csv
File time    : 2026-09-30 17:31:52.538654
File size    : 159 bytes
STATUS       : ALREADY PROCESSED

Checking file: 2024-05-04/customers.csv
File time    : 2026-09-30 17:31:52.541801
File size    : 153 bytes
STATUS       : ALREADY PROCESSED

Checking file: 2024-05-06/customers.csv
File time    : 2026-09-30 17:31:52.544249
File size    : 315 bytes
STATUS       : ALREADY PROCESSED

Checking file: 2024-05-07/customers.csv
File time    : 2026-09-30 17:31:52.544249
File size    : 157 bytes
STATUS       : ALREADY PROCESSED

Checking file: 2024-05-08/customers.csv
File time    : 2026-09-30 17:31:52.552436
File size    : 156 bytes
STATUS       : ALREADY PROCESSED

Checking file: 2024-05-09/customers.csv
File time    : 2026-09-30 17:31:52.554974
File size    : 149 bytes
STATUS       : ALREADY PROCESSED

Checking file: 2024-05-13/customers.csv
File time    : 2026-09-30 17:31:52.574054
File size    : 244 bytes
STATUS       : ALREADY PROCESSED

Checking file: 2024-05-15/customers.csv
File time    : 2026-09-30 17:31:52.576675
File size    : 311 bytes
STATUS       : ALREADY PROCESSED

Checking file: 2024-05-23/customers.csv
File time    : 2026-09-30 17:31:52.580045
File size    : 157 bytes
STATUS       : ALREADY PROCESSED

Checking file: 2024-05-26/customers.csv
File time    : 2026-09-30 17:31:52.580045
File size    : 235 bytes
STATUS       : ALREADY PROCESSED

Checking file: 2024-05-27/customers.csv
File time    : 2026-09-30 17:31:52.585990
File size    : 233 bytes
STATUS       : ALREADY PROCESSED

Checking file: 2024-05-28/customers.csv
File time    : 2026-09-30 17:31:52.589140
File size    : 155 bytes
STATUS       : ALREADY PROCESSED

Checking file: 2024-05-30/customers.csv
File time    : 2026-09-30 17:31:52.594717
File size    : 234 bytes
STATUS       : ALREADY PROCESSED

Checking file: 2024-05-31/customers.csv
File time    : 2026-09-30 17:31:52.596728
File size    : 154 bytes
STATUS       : ALREADY PROCESSED

Checking file: 2024-06-03/customers.csv
File time    : 2026-09-30 17:31:52.600484
File size    : 159 bytes
STATUS       : ALREADY PROCESSED

Checking file: 2024-06-04/customers.csv
File time    : 2026-09-30 17:31:52.603260
File size    : 166 bytes
STATUS       : ALREADY PROCESSED

Checking file: 2024-06-05/customers.csv
File time    : 2026-09-30 17:31:52.606273
File size    : 157 bytes
STATUS       : ALREADY PROCESSED

Checking file: 2024-06-06/customers.csv
File time    : 2026-09-30 17:31:52.611603
File size    : 158 bytes
STATUS       : ALREADY PROCESSED

Checking file: 2024-06-07/customers.csv
File time    : 2026-09-30 17:31:52.613615
File size    : 167 bytes
STATUS       : ALREADY PROCESSED

Checking file: 2024-06-11/customers.csv
File time    : 2026-09-30 17:31:52.618345
File size    : 238 bytes
STATUS       : ALREADY PROCESSED

Checking file: 2024-06-13/customers.csv
File time    : 2026-09-30 17:31:52.620653
File size    : 241 bytes
STATUS       : ALREADY PROCESSED

Checking file: 2024-06-14/customers.csv
File time    : 2026-09-30 17:31:52.623092
File size    : 166 bytes
STATUS       : ALREADY PROCESSED

Checking file: 2024-06-19/customers.csv
File time    : 2026-09-30 17:31:52.630471
File size    : 156 bytes
STATUS       : ALREADY PROCESSED

Checking file: 2024-06-20/customers.csv
File time    : 2026-09-30 17:31:52.632468
File size    : 149 bytes
STATUS       : ALREADY PROCESSED

Checking file: 2024-06-21/customers.csv
File time    : 2026-09-30 17:31:52.633468
File size    : 237 bytes
STATUS       : ALREADY PROCESSED

Checking file: 2024-06-22/customers.csv
File time    : 2026-09-30 17:31:52.638153
File size    : 149 bytes
STATUS       : ALREADY PROCESSED

Checking file: 2024-06-23/customers.csv
File time    : 2026-09-30 17:31:52.642095
File size    : 406 bytes
STATUS       : ALREADY PROCESSED

Checking file: 2024-06-24/customers.csv
File time    : 2026-09-30 17:31:52.644147
File size    : 151 bytes
STATUS       : ALREADY PROCESSED

Checking file: 2024-06-26/customers.csv
File time    : 2026-09-30 17:31:52.649370
File size    : 159 bytes
STATUS       : ALREADY PROCESSED

Checking file: 2024-06-27/customers.csv
File time    : 2026-09-30 17:31:52.651339
File size    : 242 bytes
STATUS       : ALREADY PROCESSED

Checking file: 2024-06-28/customers.csv
File time    : 2026-09-30 17:31:52.653338
File size    : 240 bytes
STATUS       : ALREADY PROCESSED

Checking file: 2024-06-29/customers.csv
File time    : 2026-09-30 17:31:52.653338
File size    : 157 bytes
STATUS       : ALREADY PROCESSED

Checking file: 2024-07-02/customers.csv
File time    : 2026-09-30 17:31:52.660519
File size    : 233 bytes
STATUS       : ALREADY PROCESSED

Checking file: 2024-07-07/customers.csv
File time    : 2026-09-30 17:31:52.660519
File size    : 152 bytes
STATUS       : ALREADY PROCESSED

Checking file: 2024-07-09/customers.csv
File time    : 2026-09-30 17:31:52.660519
File size    : 154 bytes
STATUS       : ALREADY PROCESSED

Checking file: 2024-07-10/customers.csv
File time    : 2026-09-30 17:31:52.668336
File size    : 159 bytes
STATUS       : ALREADY PROCESSED

Checking file: 2024-07-12/customers.csv
File time    : 2026-09-30 17:31:52.670841
File size    : 157 bytes
STATUS       : ALREADY PROCESSED

Checking file: 2024-07-22/customers.csv
File time    : 2026-09-30 17:31:52.673853
File size    : 157 bytes
STATUS       : ALREADY PROCESSED

Checking file: 2024-07-25/customers.csv
File time    : 2026-09-30 17:31:52.679267
File size    : 157 bytes
STATUS       : ALREADY PROCESSED

Checking file: 2024-07-27/customers.csv
File time    : 2026-09-30 17:31:52.682703
File size    : 157 bytes
STATUS       : ALREADY PROCESSED

Checking file: 2024-07-30/customers.csv
File time    : 2026-09-30 17:31:52.685187
File size    : 308 bytes
STATUS       : ALREADY PROCESSED

Checking file: 2024-07-31/customers.csv
File time    : 2026-09-30 17:31:52.686819
File size    : 231 bytes
STATUS       : ALREADY PROCESSED

Checking file: 2024-08-02/customers.csv
File time    : 2026-09-30 17:31:52.689120
File size    : 240 bytes
STATUS       : ALREADY PROCESSED

Checking file: 2024-08-03/customers.csv
File time    : 2026-09-30 17:31:52.692137
File size    : 155 bytes
STATUS       : ALREADY PROCESSED

Checking file: 2024-08-04/customers.csv
File time    : 2026-09-30 17:31:52.696029
File size    : 145 bytes
STATUS       : ALREADY PROCESSED

Checking file: 2024-08-05/customers.csv
File time    : 2026-09-30 17:31:52.697586
File size    : 158 bytes
STATUS       : ALREADY PROCESSED

Checking file: 2024-08-06/customers.csv
File time    : 2026-09-30 17:31:52.700046
File size    : 156 bytes
STATUS       : ALREADY PROCESSED

Checking file: 2024-08-08/customers.csv
File time    : 2026-09-30 17:31:52.701057
File size    : 158 bytes
STATUS       : ALREADY PROCESSED

Checking file: 2024-08-10/customers.csv
File time    : 2026-09-30 17:31:52.701057
File size    : 157 bytes
STATUS       : ALREADY PROCESSED

Checking file: 2024-08-12/customers.csv
File time    : 2026-09-30 17:31:52.708893
File size    : 152 bytes
STATUS       : ALREADY PROCESSED

Checking file: 2024-08-14/customers.csv
File time    : 2026-09-30 17:31:52.712915
File size    : 151 bytes
STATUS       : ALREADY PROCESSED

Checking file: 2024-08-15/customers.csv
File time    : 2026-09-30 17:31:52.714928
File size    : 157 bytes
STATUS       : ALREADY PROCESSED

Checking file: 2024-08-20/customers.csv
File time    : 2026-09-30 17:31:52.718102
File size    : 154 bytes
STATUS       : ALREADY PROCESSED

Checking file: 2024-08-22/customers.csv
File time    : 2026-09-30 17:31:52.721136
File size    : 156 bytes
STATUS       : ALREADY PROCESSED

Checking file: 2024-08-23/customers.csv
File time    : 2026-09-30 17:31:52.723891
File size    : 156 bytes
STATUS       : ALREADY PROCESSED

Checking file: 2024-08-27/customers.csv
File time    : 2026-09-30 17:31:52.729691
File size    : 159 bytes
STATUS       : ALREADY PROCESSED

Checking file: 2024-08-28/customers.csv
File time    : 2026-09-30 17:31:52.731703
File size    : 150 bytes
STATUS       : ALREADY PROCESSED

Checking file: 2024-08-31/customers.csv
File time    : 2026-09-30 17:31:52.731703
File size    : 156 bytes
STATUS       : ALREADY PROCESSED

Checking file: 2024-09-01/customers.csv
File time    : 2026-09-30 17:31:52.738191
File size    : 155 bytes
STATUS       : ALREADY PROCESSED

Checking file: 2024-09-02/customers.csv
File time    : 2026-09-30 17:31:52.742734
File size    : 154 bytes
STATUS       : ALREADY PROCESSED

Checking file: 2024-09-05/customers.csv
File time    : 2026-09-30 17:31:52.745372
File size    : 166 bytes
STATUS       : ALREADY PROCESSED

Checking file: 2024-09-06/customers.csv
File time    : 2026-09-30 17:31:52.747659
File size    : 150 bytes
STATUS       : ALREADY PROCESSED

Checking file: 2024-09-07/customers.csv
File time    : 2026-09-30 17:31:52.750017
File size    : 159 bytes
STATUS       : ALREADY PROCESSED

Checking file: 2024-09-11/customers.csv
File time    : 2026-09-30 17:31:52.751025
File size    : 152 bytes
STATUS       : ALREADY PROCESSED

Checking file: 2024-09-16/customers.csv
File time    : 2026-09-30 17:31:52.751025
File size    : 158 bytes
STATUS       : ALREADY PROCESSED

Checking file: 2024-09-19/customers.csv
File time    : 2026-09-30 17:31:52.756650
File size    : 161 bytes
STATUS       : ALREADY PROCESSED

Checking file: 2024-09-21/customers.csv
File time    : 2026-09-30 17:31:52.761320
File size    : 235 bytes
STATUS       : ALREADY PROCESSED

Checking file: 2024-09-22/customers.csv
File time    : 2026-09-30 17:31:52.762315
File size    : 156 bytes
STATUS       : ALREADY PROCESSED

Checking file: 2024-09-23/customers.csv
File time    : 2026-09-30 17:31:52.765129
File size    : 155 bytes
STATUS       : ALREADY PROCESSED

Checking file: 2024-09-25/customers.csv
File time    : 2026-09-30 17:31:52.767141
File size    : 151 bytes
STATUS       : ALREADY PROCESSED

Checking file: 2024-09-26/customers.csv
File time    : 2026-09-30 17:31:52.769240
File size    : 159 bytes
STATUS       : ALREADY PROCESSED

Checking file: 2024-09-29/customers.csv
File time    : 2026-09-30 17:31:52.770251
File size    : 156 bytes
STATUS       : ALREADY PROCESSED

Checking file: 2024-09-30/customers.csv
File time    : 2026-09-30 17:31:52.772875
File size    : 155 bytes
STATUS       : ALREADY PROCESSED

Checking file: 2024-10-02/customers.csv
File time    : 2026-09-30 17:31:52.777301
File size    : 235 bytes
STATUS       : ALREADY PROCESSED

Checking file: 2024-10-03/customers.csv
File time    : 2026-09-30 17:31:52.778312
File size    : 159 bytes
STATUS       : ALREADY PROCESSED

Checking file: 2024-10-08/customers.csv
File time    : 2026-09-30 17:31:52.781174
File size    : 150 bytes
STATUS       : ALREADY PROCESSED

Checking file: 2024-10-09/customers.csv
File time    : 2026-09-30 17:31:52.783184
File size    : 159 bytes
STATUS       : ALREADY PROCESSED

Checking file: 2024-10-10/customers.csv
File time    : 2026-09-30 17:31:52.785183
File size    : 156 bytes
STATUS       : ALREADY PROCESSED

Checking file: 2024-10-11/customers.csv
File time    : 2026-09-30 17:31:52.787964
File size    : 155 bytes
STATUS       : ALREADY PROCESSED

Checking file: 2024-10-14/customers.csv
File time    : 2026-09-30 17:31:52.790002
File size    : 159 bytes
STATUS       : ALREADY PROCESSED

Checking file: 2024-10-16/customers.csv
File time    : 2026-09-30 17:31:52.791998
File size    : 155 bytes
STATUS       : ALREADY PROCESSED

Checking file: 2024-10-20/customers.csv
File time    : 2026-09-30 17:31:52.791998
File size    : 230 bytes
STATUS       : ALREADY PROCESSED

Checking file: 2024-10-21/customers.csv
File time    : 2026-09-30 17:31:52.799548
File size    : 154 bytes
STATUS       : ALREADY PROCESSED

Checking file: 2024-10-24/customers.csv
File time    : 2026-09-30 17:31:52.801211
File size    : 311 bytes
STATUS       : ALREADY PROCESSED

Checking file: 2024-11-01/customers.csv
File time    : 2026-09-30 17:31:52.805061
File size    : 238 bytes
STATUS       : ALREADY PROCESSED

Checking file: 2024-11-02/customers.csv
File time    : 2026-09-30 17:31:52.807170
File size    : 159 bytes
STATUS       : ALREADY PROCESSED

Checking file: 2024-11-05/customers.csv
File time    : 2026-09-30 17:31:52.811221
File size    : 155 bytes
STATUS       : ALREADY PROCESSED

Checking file: 2024-11-06/customers.csv
File time    : 2026-09-30 17:31:52.813446
File size    : 157 bytes
STATUS       : ALREADY PROCESSED

Checking file: 2024-11-11/customers.csv
File time    : 2026-09-30 17:31:52.815458
File size    : 235 bytes
STATUS       : ALREADY PROCESSED

Checking file: 2024-11-16/customers.csv
File time    : 2026-09-30 17:31:52.817455
File size    : 156 bytes
STATUS       : ALREADY PROCESSED

Checking file: 2024-11-17/customers.csv
File time    : 2026-09-30 17:31:52.818453
File size    : 144 bytes
STATUS       : ALREADY PROCESSED

Checking file: 2024-11-20/customers.csv
File time    : 2026-09-30 17:31:52.821667
File size    : 151 bytes
STATUS       : ALREADY PROCESSED

Checking file: 2024-11-21/customers.csv
File time    : 2026-09-30 17:31:52.825352
File size    : 243 bytes
STATUS       : ALREADY PROCESSED

Checking file: 2024-11-22/customers.csv
File time    : 2026-09-30 17:31:52.825352
File size    : 244 bytes
STATUS       : ALREADY PROCESSED

Checking file: 2024-11-24/customers.csv
File time    : 2026-09-30 17:31:52.830906
File size    : 154 bytes
STATUS       : ALREADY PROCESSED

Checking file: 2024-11-25/customers.csv
File time    : 2026-09-30 17:31:52.832915
File size    : 156 bytes
STATUS       : ALREADY PROCESSED

Checking file: 2024-11-26/customers.csv
File time    : 2026-09-30 17:31:52.834998
File size    : 149 bytes
STATUS       : ALREADY PROCESSED

Checking file: 2024-11-27/customers.csv
File time    : 2026-09-30 17:31:52.836007
File size    : 150 bytes
STATUS       : ALREADY PROCESSED

Checking file: 2024-12-03/customers.csv
File time    : 2026-09-30 17:31:52.838525
File size    : 151 bytes
STATUS       : ALREADY PROCESSED

Checking file: 2024-12-06/customers.csv
File time    : 2026-09-30 17:31:52.842119
File size    : 154 bytes
STATUS       : ALREADY PROCESSED

Checking file: 2024-12-07/customers.csv
File time    : 2026-09-30 17:31:52.846673
File size    : 156 bytes
STATUS       : ALREADY PROCESSED

Checking file: 2024-12-10/customers.csv
File time    : 2026-09-30 17:31:52.848693
File size    : 152 bytes
STATUS       : ALREADY PROCESSED

Checking file: 2024-12-12/customers.csv
File time    : 2026-09-30 17:31:52.850697
File size    : 150 bytes
STATUS       : ALREADY PROCESSED

Checking file: 2024-12-15/customers.csv
File time    : 2026-09-30 17:31:52.852439
File size    : 158 bytes
STATUS       : ALREADY PROCESSED

Checking file: 2024-12-16/customers.csv
File time    : 2026-09-30 17:31:52.855448
File size    : 157 bytes
STATUS       : ALREADY PROCESSED

Checking file: 2024-12-17/customers.csv
File time    : 2026-09-30 17:31:52.859107
File size    : 151 bytes
STATUS       : ALREADY PROCESSED

Checking file: 2024-12-18/customers.csv
File time    : 2026-09-30 17:31:52.861764
File size    : 236 bytes
STATUS       : ALREADY PROCESSED

Checking file: 2024-12-20/customers.csv
File time    : 2026-09-30 17:31:52.863792
File size    : 155 bytes
STATUS       : ALREADY PROCESSED

Checking file: 2024-12-21/customers.csv
File time    : 2026-09-30 17:31:52.866677
File size    : 235 bytes
STATUS       : ALREADY PROCESSED

Checking file: 2024-12-22/customers.csv
File time    : 2026-09-30 17:31:52.866677
File size    : 155 bytes
STATUS       : ALREADY PROCESSED

Checking file: 2024-12-24/customers.csv
File time    : 2026-09-30 17:31:52.866677
File size    : 157 bytes
STATUS       : ALREADY PROCESSED

Checking file: 2024-12-27/customers.csv
File time    : 2026-09-30 17:31:52.866677
File size    : 153 bytes
STATUS       : ALREADY PROCESSED

Checking file: 2025-01-02/customers.csv
File time    : 2026-09-30 17:31:52.875285
File size    : 149 bytes
STATUS       : ALREADY PROCESSED

Checking file: 2025-01-04/customers.csv
File time    : 2026-09-30 17:31:52.875285
File size    : 145 bytes
STATUS       : ALREADY PROCESSED

Checking file: 2025-01-10/customers.csv
File time    : 2026-09-30 17:31:52.881120
File size    : 157 bytes
STATUS       : ALREADY PROCESSED

Checking file: 2025-01-11/customers.csv
File time    : 2026-09-30 17:31:52.881120
File size    : 232 bytes
STATUS       : ALREADY PROCESSED

Checking file: 2025-01-13/customers.csv
File time    : 2026-09-30 17:31:52.886377
File size    : 313 bytes
STATUS       : ALREADY PROCESSED

Checking file: 2025-01-16/customers.csv
File time    : 2026-09-30 17:31:52.887355
File size    : 324 bytes
STATUS       : ALREADY PROCESSED

Checking file: 2025-01-17/customers.csv
File time    : 2026-09-30 17:31:52.889355
File size    : 148 bytes
STATUS       : ALREADY PROCESSED

Checking file: 2025-01-18/customers.csv
File time    : 2026-09-30 17:31:52.895166
File size    : 151 bytes
STATUS       : ALREADY PROCESSED

Checking file: 2025-01-23/customers.csv
File time    : 2026-09-30 17:31:52.897198
File size    : 150 bytes
STATUS       : ALREADY PROCESSED

Checking file: 2025-01-24/customers.csv
File time    : 2026-09-30 17:31:52.899182
File size    : 235 bytes
STATUS       : ALREADY PROCESSED

Checking file: 2025-01-27/customers.csv
File time    : 2026-09-30 17:31:52.900176
File size    : 161 bytes
STATUS       : ALREADY PROCESSED

Checking file: 2025-01-29/customers.csv
File time    : 2026-09-30 17:31:52.903331
File size    : 156 bytes
STATUS       : ALREADY PROCESSED

Checking file: 2025-02-04/customers.csv
File time    : 2026-09-30 17:31:52.905335
File size    : 150 bytes
STATUS       : ALREADY PROCESSED

Checking file: 2025-02-12/customers.csv
File time    : 2026-09-30 17:31:52.908319
File size    : 159 bytes
STATUS       : ALREADY PROCESSED

Checking file: 2025-02-15/customers.csv
File time    : 2026-09-30 17:31:52.911820
File size    : 225 bytes
STATUS       : ALREADY PROCESSED

Checking file: 2025-02-17/customers.csv
File time    : 2026-09-30 17:31:52.912830
File size    : 243 bytes
STATUS       : ALREADY PROCESSED

Checking file: 2025-02-20/customers.csv
File time    : 2026-09-30 17:31:52.914828
File size    : 166 bytes
STATUS       : ALREADY PROCESSED

Checking file: 2025-02-22/customers.csv
File time    : 2026-09-30 17:31:52.916831
File size    : 156 bytes
STATUS       : ALREADY PROCESSED

Checking file: 2025-02-23/customers.csv
File time    : 2026-09-30 17:31:52.919111
File size    : 232 bytes
STATUS       : ALREADY PROCESSED

Checking file: 2025-02-24/customers.csv
File time    : 2026-09-30 17:31:52.921404
File size    : 166 bytes
STATUS       : ALREADY PROCESSED

Checking file: 2025-02-27/customers.csv
File time    : 2026-09-30 17:31:52.922411
File size    : 238 bytes
STATUS       : ALREADY PROCESSED

Checking file: 2025-03-02/customers.csv
File time    : 2026-09-30 17:31:52.927804
File size    : 166 bytes
STATUS       : ALREADY PROCESSED

Checking file: 2025-03-07/customers.csv
File time    : 2026-09-30 17:31:52.929818
File size    : 239 bytes
STATUS       : ALREADY PROCESSED

Checking file: 2025-03-08/customers.csv
File time    : 2026-09-30 17:31:52.931817
File size    : 157 bytes
STATUS       : ALREADY PROCESSED

Checking file: 2025-03-09/customers.csv
File time    : 2026-09-30 17:31:52.933837
File size    : 154 bytes
STATUS       : ALREADY PROCESSED

Checking file: 2025-03-11/customers.csv
File time    : 2026-09-30 17:31:52.936741
File size    : 157 bytes
STATUS       : ALREADY PROCESSED

Checking file: 2025-03-16/customers.csv
File time    : 2026-09-30 17:31:52.938718
File size    : 154 bytes
STATUS       : ALREADY PROCESSED

Checking file: 2025-03-17/customers.csv
File time    : 2026-09-30 17:31:52.941725
File size    : 159 bytes
STATUS       : ALREADY PROCESSED

Checking file: 2025-03-19/customers.csv
File time    : 2026-09-30 17:31:52.942033
File size    : 151 bytes
STATUS       : ALREADY PROCESSED

Checking file: 2025-03-22/customers.csv
File time    : 2026-09-30 17:31:52.947905
File size    : 155 bytes
STATUS       : ALREADY PROCESSED

Checking file: 2025-03-26/customers.csv
File time    : 2026-09-30 17:31:52.949484
File size    : 146 bytes
STATUS       : ALREADY PROCESSED

Checking file: 2025-04-04/customers.csv
File time    : 2026-09-30 17:31:52.950493
File size    : 153 bytes
STATUS       : ALREADY PROCESSED

Checking file: 2025-04-06/customers.csv
File time    : 2026-09-30 17:31:52.950493
File size    : 238 bytes
STATUS       : ALREADY PROCESSED

Checking file: 2025-04-08/customers.csv
File time    : 2026-09-30 17:31:52.950493
File size    : 149 bytes
STATUS       : ALREADY PROCESSED

Checking file: 2025-04-10/customers.csv
File time    : 2026-09-30 17:31:52.960612
File size    : 156 bytes
STATUS       : ALREADY PROCESSED

Checking file: 2025-04-12/customers.csv
File time    : 2026-09-30 17:31:52.960612
File size    : 154 bytes
STATUS       : ALREADY PROCESSED

Checking file: 2025-04-16/customers.csv
File time    : 2026-09-30 17:31:52.960612
File size    : 164 bytes
STATUS       : ALREADY PROCESSED

Checking file: 2025-04-17/customers.csv
File time    : 2026-09-30 17:31:52.960612
File size    : 230 bytes
STATUS       : ALREADY PROCESSED

Checking file: 2025-04-20/customers.csv
File time    : 2026-09-30 17:31:52.960612
File size    : 154 bytes
STATUS       : ALREADY PROCESSED

Checking file: 2025-04-22/customers.csv
File time    : 2026-09-30 17:31:52.973132
File size    : 156 bytes
STATUS       : ALREADY PROCESSED

Checking file: 2025-04-23/customers.csv
File time    : 2026-09-30 17:31:52.974745
File size    : 159 bytes
STATUS       : ALREADY PROCESSED

Checking file: 2025-04-24/customers.csv
File time    : 2026-09-30 17:31:52.974745
File size    : 158 bytes
STATUS       : ALREADY PROCESSED

Checking file: 2025-04-26/customers.csv
File time    : 2026-09-30 17:31:52.974745
File size    : 239 bytes
STATUS       : ALREADY PROCESSED

Checking file: 2025-04-29/customers.csv
File time    : 2026-09-30 17:31:52.985708
File size    : 155 bytes
STATUS       : ALREADY PROCESSED

Checking file: 2025-04-30/customers.csv
File time    : 2026-09-30 17:31:52.987737
File size    : 157 bytes
STATUS       : ALREADY PROCESSED

Checking file: 2025-05-07/customers.csv
File time    : 2026-09-30 17:31:52.988717
File size    : 243 bytes
STATUS       : ALREADY PROCESSED

Checking file: 2025-05-09/customers.csv
File time    : 2026-09-30 17:31:52.992061
File size    : 154 bytes
STATUS       : ALREADY PROCESSED

Checking file: 2025-05-11/customers.csv
File time    : 2026-09-30 17:31:52.995925
File size    : 156 bytes
STATUS       : ALREADY PROCESSED

Checking file: 2025-05-12/customers.csv
File time    : 2026-09-30 17:31:52.998925
File size    : 166 bytes
STATUS       : ALREADY PROCESSED

Checking file: 2025-05-13/customers.csv
File time    : 2026-09-30 17:31:53.001170
File size    : 144 bytes
STATUS       : ALREADY PROCESSED

Checking file: 2025-05-16/customers.csv
File time    : 2026-09-30 17:31:53.003182
File size    : 157 bytes
STATUS       : ALREADY PROCESSED

Checking file: 2025-05-19/customers.csv
File time    : 2026-09-30 17:31:53.005182
File size    : 240 bytes
STATUS       : ALREADY PROCESSED

Checking file: 2025-05-20/customers.csv
File time    : 2026-09-30 17:31:53.008464
File size    : 154 bytes
STATUS       : ALREADY PROCESSED

Checking file: 2025-05-22/customers.csv
File time    : 2026-09-30 17:31:53.011973
File size    : 154 bytes
STATUS       : ALREADY PROCESSED

Checking file: 2025-05-23/customers.csv
File time    : 2026-09-30 17:31:53.013983
File size    : 156 bytes
STATUS       : ALREADY PROCESSED

Checking file: 2025-05-29/customers.csv
File time    : 2026-09-30 17:31:53.015311
File size    : 156 bytes
STATUS       : ALREADY PROCESSED

Checking file: 2025-05-30/customers.csv
File time    : 2026-09-30 17:31:53.015311
File size    : 151 bytes
STATUS       : ALREADY PROCESSED

Checking file: 2025-06-01/customers.csv
File time    : 2026-09-30 17:31:53.015311
File size    : 157 bytes
STATUS       : ALREADY PROCESSED

Checking file: 2025-06-02/customers.csv
File time    : 2026-09-30 17:31:53.015311
File size    : 155 bytes
STATUS       : ALREADY PROCESSED

Checking file: 2025-06-03/customers.csv
File time    : 2026-09-30 17:31:53.025028
File size    : 235 bytes
STATUS       : ALREADY PROCESSED

Checking file: 2025-06-04/customers.csv
File time    : 2026-09-30 17:31:53.025028
File size    : 160 bytes
STATUS       : ALREADY PROCESSED

Checking file: 2025-06-05/customers.csv
File time    : 2026-09-30 17:31:53.025028
File size    : 249 bytes
STATUS       : ALREADY PROCESSED

Checking file: 2025-06-07/customers.csv
File time    : 2026-09-30 17:31:53.033285
File size    : 157 bytes
STATUS       : ALREADY PROCESSED

Checking file: 2025-06-08/customers.csv
File time    : 2026-09-30 17:31:53.035297
File size    : 148 bytes
STATUS       : ALREADY PROCESSED

Checking file: 2025-06-11/customers.csv
File time    : 2026-09-30 17:31:53.037296
File size    : 155 bytes
STATUS       : ALREADY PROCESSED

Checking file: 2025-06-12/customers.csv
File time    : 2026-09-30 17:31:53.038297
File size    : 160 bytes
STATUS       : ALREADY PROCESSED

Checking file: 2025-06-13/customers.csv
File time    : 2026-09-30 17:31:53.044150
File size    : 316 bytes
STATUS       : ALREADY PROCESSED

Checking file: 2025-06-16/customers.csv
File time    : 2026-09-30 17:31:53.046160
File size    : 146 bytes
STATUS       : ALREADY PROCESSED

Checking file: 2025-06-17/customers.csv
File time    : 2026-09-30 17:31:53.047159
File size    : 156 bytes
STATUS       : ALREADY PROCESSED

Checking file: 2025-06-18/customers.csv
File time    : 2026-09-30 17:31:53.049161
File size    : 237 bytes
STATUS       : ALREADY PROCESSED

Checking file: 2025-06-19/customers.csv
File time    : 2026-09-30 17:31:53.051401
File size    : 158 bytes
STATUS       : ALREADY PROCESSED

Checking file: 2025-06-20/customers.csv
File time    : 2026-09-30 17:31:53.053460
File size    : 326 bytes
STATUS       : ALREADY PROCESSED

Checking file: 2025-06-26/customers.csv
File time    : 2026-09-30 17:31:53.055458
File size    : 156 bytes
STATUS       : ALREADY PROCESSED

Checking file: 2025-07-01/customers.csv
File time    : 2026-09-30 17:31:53.058260
File size    : 150 bytes
STATUS       : ALREADY PROCESSED

Checking file: 2025-07-02/customers.csv
File time    : 2026-09-30 17:31:53.062204
File size    : 154 bytes
STATUS       : ALREADY PROCESSED

Checking file: 2025-07-04/customers.csv
File time    : 2026-09-30 17:31:53.064206
File size    : 230 bytes
STATUS       : ALREADY PROCESSED

Checking file: 2025-07-06/customers.csv
File time    : 2026-09-30 17:31:53.066202
File size    : 156 bytes
STATUS       : ALREADY PROCESSED

Checking file: 2025-07-07/customers.csv
File time    : 2026-09-30 17:31:53.068148
File size    : 233 bytes
STATUS       : ALREADY PROCESSED

Checking file: 2025-07-10/customers.csv
File time    : 2026-09-30 17:31:53.070161
File size    : 158 bytes
STATUS       : ALREADY PROCESSED

Checking file: 2025-07-12/customers.csv
File time    : 2026-09-30 17:31:53.072179
File size    : 149 bytes
STATUS       : ALREADY PROCESSED

Checking file: 2025-07-15/customers.csv
File time    : 2026-09-30 17:31:53.075020
File size    : 161 bytes
STATUS       : ALREADY PROCESSED

Checking file: 2025-07-17/customers.csv
File time    : 2026-09-30 17:31:53.077029
File size    : 149 bytes
STATUS       : ALREADY PROCESSED

Checking file: 2025-07-18/customers.csv
File time    : 2026-09-30 17:31:53.081873
File size    : 150 bytes
STATUS       : ALREADY PROCESSED

Checking file: 2025-07-20/customers.csv
File time    : 2026-09-30 17:31:53.083786
File size    : 159 bytes
STATUS       : ALREADY PROCESSED

Checking file: 2025-07-22/customers.csv
File time    : 2026-09-30 17:31:53.085802
File size    : 157 bytes
STATUS       : ALREADY PROCESSED

Checking file: 2025-07-23/customers.csv
File time    : 2026-09-30 17:31:53.085802
File size    : 230 bytes
STATUS       : ALREADY PROCESSED

Checking file: 2025-07-26/customers.csv
File time    : 2026-09-30 17:31:53.085802
File size    : 158 bytes
STATUS       : ALREADY PROCESSED

Checking file: 2025-08-01/customers.csv
File time    : 2026-09-30 17:31:53.094940
File size    : 151 bytes
STATUS       : ALREADY PROCESSED

Checking file: 2025-08-02/customers.csv
File time    : 2026-09-30 17:31:53.096949
File size    : 161 bytes
STATUS       : ALREADY PROCESSED

Checking file: 2025-08-05/customers.csv
File time    : 2026-09-30 17:31:53.098948
File size    : 155 bytes
STATUS       : ALREADY PROCESSED

Checking file: 2025-08-07/customers.csv
File time    : 2026-09-30 17:31:53.099951
File size    : 148 bytes
STATUS       : ALREADY PROCESSED

Checking file: 2025-08-08/customers.csv
File time    : 2026-09-30 17:31:53.103860
File size    : 325 bytes
STATUS       : ALREADY PROCESSED

Checking file: 2025-08-09/customers.csv
File time    : 2026-09-30 17:31:53.105853
File size    : 165 bytes
STATUS       : ALREADY PROCESSED

Checking file: 2025-08-10/customers.csv
File time    : 2026-09-30 17:31:53.110524
File size    : 151 bytes
STATUS       : ALREADY PROCESSED

Checking file: 2025-08-13/customers.csv
File time    : 2026-09-30 17:31:53.112541
File size    : 161 bytes
STATUS       : ALREADY PROCESSED

Checking file: 2025-08-15/customers.csv
File time    : 2026-09-30 17:31:53.114649
File size    : 154 bytes
STATUS       : ALREADY PROCESSED

Checking file: 2025-08-16/customers.csv
File time    : 2026-09-30 17:31:53.116651
File size    : 235 bytes
STATUS       : ALREADY PROCESSED

Checking file: 2025-08-17/customers.csv
File time    : 2026-09-30 17:31:53.118640
File size    : 166 bytes
STATUS       : ALREADY PROCESSED

Checking file: 2025-08-19/customers.csv
File time    : 2026-09-30 17:31:53.121888
File size    : 157 bytes
STATUS       : ALREADY PROCESSED

Checking file: 2025-08-20/customers.csv
File time    : 2026-09-30 17:31:53.124604
File size    : 155 bytes
STATUS       : ALREADY PROCESSED

Checking file: 2025-08-22/customers.csv
File time    : 2026-09-30 17:31:53.124604
File size    : 144 bytes
STATUS       : ALREADY PROCESSED

Checking file: 2025-08-24/customers.csv
File time    : 2026-09-30 17:31:53.131059
File size    : 159 bytes
STATUS       : ALREADY PROCESSED

Checking file: 2025-08-26/customers.csv
File time    : 2026-09-30 17:31:53.133060
File size    : 152 bytes
STATUS       : ALREADY PROCESSED

Checking file: 2025-08-27/customers.csv
File time    : 2026-09-30 17:31:53.135061
File size    : 149 bytes
STATUS       : ALREADY PROCESSED

Checking file: 2025-09-03/customers.csv
File time    : 2026-09-30 17:31:53.135061
File size    : 144 bytes
STATUS       : ALREADY PROCESSED

Checking file: 2025-09-07/customers.csv
File time    : 2026-09-30 17:31:53.141475
File size    : 156 bytes
STATUS       : ALREADY PROCESSED

Checking file: 2025-09-10/customers.csv
File time    : 2026-09-30 17:31:53.144865
File size    : 149 bytes
STATUS       : ALREADY PROCESSED

Checking file: 2025-09-13/customers.csv
File time    : 2026-09-30 17:31:53.144865
File size    : 234 bytes
STATUS       : ALREADY PROCESSED

Checking file: 2025-09-14/customers.csv
File time    : 2026-09-30 17:31:53.148695
File size    : 316 bytes
STATUS       : ALREADY PROCESSED

Checking file: 2025-09-17/customers.csv
File time    : 2026-09-30 17:31:53.150723
File size    : 154 bytes
STATUS       : ALREADY PROCESSED

Checking file: 2025-09-21/customers.csv
File time    : 2026-09-30 17:31:53.152723
File size    : 151 bytes
STATUS       : ALREADY PROCESSED

Checking file: 2025-09-23/customers.csv
File time    : 2026-09-30 17:31:53.153709
File size    : 152 bytes
STATUS       : ALREADY PROCESSED

Checking file: 2025-09-24/customers.csv
File time    : 2026-09-30 17:31:53.156615
File size    : 164 bytes
STATUS       : ALREADY PROCESSED

Checking file: 2025-09-25/customers.csv
File time    : 2026-09-30 17:31:53.159753
File size    : 154 bytes
STATUS       : ALREADY PROCESSED

Checking file: 2025-09-27/customers.csv
File time    : 2026-09-30 17:31:53.160765
File size    : 243 bytes
STATUS       : ALREADY PROCESSED

Checking file: 2025-09-29/customers.csv
File time    : 2026-09-30 17:31:53.165075
File size    : 158 bytes
STATUS       : ALREADY PROCESSED

Checking file: 2025-10-02/customers.csv
File time    : 2026-09-30 17:31:53.167114
File size    : 155 bytes
STATUS       : ALREADY PROCESSED

Checking file: 2025-10-07/customers.csv
File time    : 2026-09-30 17:31:53.168076
File size    : 153 bytes
STATUS       : ALREADY PROCESSED

Checking file: 2025-10-08/customers.csv
File time    : 2026-09-30 17:31:53.170077
File size    : 155 bytes
STATUS       : ALREADY PROCESSED

Checking file: 2025-10-10/customers.csv
File time    : 2026-09-30 17:31:53.172031
File size    : 157 bytes
STATUS       : ALREADY PROCESSED

Checking file: 2025-10-16/customers.csv
File time    : 2026-09-30 17:31:53.175045
File size    : 157 bytes
STATUS       : ALREADY PROCESSED

Checking file: 2025-10-19/customers.csv
File time    : 2026-09-30 17:31:53.175045
File size    : 150 bytes
STATUS       : ALREADY PROCESSED

Checking file: 2025-10-22/customers.csv
File time    : 2026-09-30 17:31:53.180667
File size    : 233 bytes
STATUS       : ALREADY PROCESSED

Checking file: 2025-10-23/customers.csv
File time    : 2026-09-30 17:31:53.182675
File size    : 157 bytes
STATUS       : ALREADY PROCESSED

Checking file: 2025-10-25/customers.csv
File time    : 2026-09-30 17:31:53.184681
File size    : 155 bytes
STATUS       : ALREADY PROCESSED

Checking file: 2025-10-30/customers.csv
File time    : 2026-09-30 17:31:53.185697
File size    : 155 bytes
STATUS       : ALREADY PROCESSED

Checking file: 2025-10-31/customers.csv
File time    : 2026-09-30 17:31:53.189163
File size    : 148 bytes
STATUS       : ALREADY PROCESSED

Checking file: 2025-11-01/customers.csv
File time    : 2026-09-30 17:31:53.193515
File size    : 151 bytes
STATUS       : ALREADY PROCESSED

Checking file: 2025-11-03/customers.csv
File time    : 2026-09-30 17:31:53.195807
File size    : 156 bytes
STATUS       : ALREADY PROCESSED

Checking file: 2025-11-06/customers.csv
File time    : 2026-09-30 17:31:53.197838
File size    : 156 bytes
STATUS       : ALREADY PROCESSED

Checking file: 2025-11-07/customers.csv
File time    : 2026-09-30 17:31:53.199815
File size    : 156 bytes
STATUS       : ALREADY PROCESSED

Checking file: 2025-11-09/customers.csv
File time    : 2026-09-30 17:31:53.200813
File size    : 238 bytes
STATUS       : ALREADY PROCESSED

Checking file: 2025-11-12/customers.csv
File time    : 2026-09-30 17:31:53.204118
File size    : 158 bytes
STATUS       : ALREADY PROCESSED

Checking file: 2025-11-21/customers.csv
File time    : 2026-09-30 17:31:53.207995
File size    : 160 bytes
STATUS       : ALREADY PROCESSED

Checking file: 2025-11-23/customers.csv
File time    : 2026-09-30 17:31:53.211231
File size    : 234 bytes
STATUS       : ALREADY PROCESSED

Checking file: 2025-11-25/customers.csv
File time    : 2026-09-30 17:31:53.211231
File size    : 238 bytes
STATUS       : ALREADY PROCESSED

Checking file: 2025-11-27/customers.csv
File time    : 2026-09-30 17:31:53.216214
File size    : 144 bytes
STATUS       : ALREADY PROCESSED

Checking file: 2025-11-29/customers.csv
File time    : 2026-09-30 17:31:53.218468
File size    : 229 bytes
STATUS       : ALREADY PROCESSED

Checking file: 2025-11-30/customers.csv
File time    : 2026-09-30 17:31:53.222861
File size    : 238 bytes
STATUS       : ALREADY PROCESSED

Checking file: 2025-12-02/customers.csv
File time    : 2026-09-30 17:31:53.226837
File size    : 150 bytes
STATUS       : ALREADY PROCESSED

Checking file: 2025-12-03/customers.csv
File time    : 2026-09-30 17:31:53.230797
File size    : 156 bytes
STATUS       : ALREADY PROCESSED

Checking file: 2025-12-04/customers.csv
File time    : 2026-09-30 17:31:53.232817
File size    : 155 bytes
STATUS       : ALREADY PROCESSED

Checking file: 2025-12-06/customers.csv
File time    : 2026-09-30 17:31:53.234814
File size    : 151 bytes
STATUS       : ALREADY PROCESSED

Checking file: 2025-12-07/customers.csv
File time    : 2026-09-30 17:31:53.234814
File size    : 154 bytes
STATUS       : ALREADY PROCESSED

Checking file: 2025-12-09/customers.csv
File time    : 2026-09-30 17:31:53.238908
File size    : 157 bytes
STATUS       : ALREADY PROCESSED

Checking file: 2025-12-10/customers.csv
File time    : 2026-09-30 17:31:53.243430
File size    : 151 bytes
STATUS       : ALREADY PROCESSED

Checking file: 2025-12-11/customers.csv
File time    : 2026-09-30 17:31:53.244443
File size    : 149 bytes
STATUS       : ALREADY PROCESSED

Checking file: 2025-12-12/customers.csv
File time    : 2026-09-30 17:31:53.247794
File size    : 157 bytes
STATUS       : ALREADY PROCESSED

Checking file: 2025-12-14/customers.csv
File time    : 2026-09-30 17:31:53.249804
File size    : 228 bytes
STATUS       : ALREADY PROCESSED

Checking file: 2025-12-15/customers.csv
File time    : 2026-09-30 17:31:53.251805
File size    : 157 bytes
STATUS       : ALREADY PROCESSED

Checking file: 2025-12-17/customers.csv
File time    : 2026-09-30 17:31:53.252805
File size    : 151 bytes
STATUS       : ALREADY PROCESSED

Checking file: 2025-12-18/customers.csv
File time    : 2026-09-30 17:31:53.255952
File size    : 150 bytes
STATUS       : ALREADY PROCESSED

Checking file: 2025-12-19/customers.csv
File time    : 2026-09-30 17:31:53.260406
File size    : 154 bytes
STATUS       : ALREADY PROCESSED

Checking file: 2025-12-20/customers.csv
File time    : 2026-09-30 17:31:53.261577
File size    : 154 bytes
STATUS       : ALREADY PROCESSED

Checking file: 2025-12-21/customers.csv
File time    : 2026-09-30 17:31:53.265089
File size    : 323 bytes
STATUS       : ALREADY PROCESSED

Checking file: 2025-12-23/customers.csv
File time    : 2026-09-30 17:31:53.267098
File size    : 155 bytes
STATUS       : ALREADY PROCESSED

Checking file: 2025-12-24/customers.csv
File time    : 2026-09-30 17:31:53.268098
File size    : 237 bytes
STATUS       : ALREADY PROCESSED

Checking file: 2025-12-25/customers.csv
File time    : 2026-09-30 17:31:53.270100
File size    : 158 bytes
STATUS       : ALREADY PROCESSED

Checking file: 2025-12-26/customers.csv
File time    : 2026-09-30 17:31:53.271579
File size    : 154 bytes
STATUS       : ALREADY PROCESSED

Checking file: 2025-12-27/customers.csv
File time    : 2026-09-30 17:31:53.274197
File size    : 160 bytes
STATUS       : ALREADY PROCESSED

Checking file: 2025-12-28/customers.csv
File time    : 2026-09-30 17:31:53.274197
File size    : 156 bytes
STATUS       : ALREADY PROCESSED

Checking file: 2025-12-29/customers.csv
File time    : 2026-09-30 17:31:53.279655
File size    : 150 bytes
STATUS       : ALREADY PROCESSED

Checking file: 2026-01-01/customers.csv
File time    : 2026-09-30 17:31:53.281687
File size    : 149 bytes
STATUS       : ALREADY PROCESSED

Checking file: 2026-01-02/customers.csv
File time    : 2026-09-30 17:31:53.282665
File size    : 154 bytes
STATUS       : ALREADY PROCESSED

Checking file: 2026-01-04/customers.csv
File time    : 2026-09-30 17:31:53.283666
File size    : 145 bytes
STATUS       : ALREADY PROCESSED

Checking file: 2026-01-06/customers.csv
File time    : 2026-09-30 17:31:53.286000
File size    : 244 bytes
STATUS       : ALREADY PROCESSED

Checking file: 2026-01-07/customers.csv
File time    : 2026-09-30 17:31:53.288027
File size    : 157 bytes
STATUS       : ALREADY PROCESSED

Checking file: 2026-01-09/customers.csv
File time    : 2026-09-30 17:31:53.289008
File size    : 150 bytes
STATUS       : ALREADY PROCESSED

Checking file: 2026-01-10/customers.csv
File time    : 2026-09-30 17:31:53.291478
File size    : 155 bytes
STATUS       : ALREADY PROCESSED

Checking file: 2026-01-11/customers.csv
File time    : 2026-09-30 17:31:53.296399
File size    : 157 bytes
STATUS       : ALREADY PROCESSED

Checking file: 2026-01-13/customers.csv
File time    : 2026-09-30 17:31:53.298417
File size    : 157 bytes
STATUS       : ALREADY PROCESSED

Checking file: 2026-01-14/customers.csv
File time    : 2026-09-30 17:31:53.300399
File size    : 154 bytes
STATUS       : ALREADY PROCESSED

Checking file: 2026-01-15/customers.csv
File time    : 2026-09-30 17:31:53.300399
File size    : 156 bytes
STATUS       : ALREADY PROCESSED

Checking file: 2026-01-16/customers.csv
File time    : 2026-09-30 17:31:53.304663
File size    : 158 bytes
STATUS       : ALREADY PROCESSED

Checking file: 2026-01-19/customers.csv
File time    : 2026-09-30 17:31:53.308912
File size    : 154 bytes
STATUS       : ALREADY PROCESSED

Checking file: 2026-01-28/customers.csv
File time    : 2026-09-30 17:31:53.313863
File size    : 321 bytes
STATUS       : ALREADY PROCESSED

Checking file: 2026-01-29/customers.csv
File time    : 2026-09-30 17:31:53.315866
File size    : 160 bytes
STATUS       : ALREADY PROCESSED

Checking file: 2026-01-30/customers.csv
File time    : 2026-09-30 17:31:53.317863
File size    : 157 bytes
STATUS       : ALREADY PROCESSED

Checking file: 2026-02-02/customers.csv
File time    : 2026-09-30 17:31:53.322115
File size    : 158 bytes
STATUS       : ALREADY PROCESSED

Checking file: 2026-02-04/customers.csv
File time    : 2026-09-30 17:31:53.326528
File size    : 241 bytes
STATUS       : ALREADY PROCESSED

Checking file: 2026-02-05/customers.csv
File time    : 2026-09-30 17:31:53.331168
File size    : 220 bytes
STATUS       : ALREADY PROCESSED

Checking file: 2026-02-07/customers.csv
File time    : 2026-09-30 17:31:53.332143
File size    : 155 bytes
STATUS       : ALREADY PROCESSED

Checking file: 2026-02-08/customers.csv
File time    : 2026-09-30 17:31:53.334332
File size    : 244 bytes
STATUS       : ALREADY PROCESSED

Checking file: 2026-02-09/customers.csv
File time    : 2026-09-30 17:31:53.336254
File size    : 237 bytes
STATUS       : ALREADY PROCESSED

Checking file: 2026-02-13/customers.csv
File time    : 2026-09-30 17:31:53.337905
File size    : 149 bytes
STATUS       : ALREADY PROCESSED

Checking file: 2026-02-18/customers.csv
File time    : 2026-09-30 17:31:53.339914
File size    : 233 bytes
STATUS       : ALREADY PROCESSED

Checking file: 2026-02-20/customers.csv
File time    : 2026-09-30 17:31:53.341363
File size    : 241 bytes
STATUS       : ALREADY PROCESSED

Checking file: 2026-02-21/customers.csv
File time    : 2026-09-30 17:31:53.341363
File size    : 154 bytes
STATUS       : ALREADY PROCESSED

Checking file: 2026-02-24/customers.csv
File time    : 2026-09-30 17:31:53.348378
File size    : 238 bytes
STATUS       : ALREADY PROCESSED

Checking file: 2026-02-26/customers.csv
File time    : 2026-09-30 17:31:53.350405
File size    : 156 bytes
STATUS       : ALREADY PROCESSED

Checking file: 2026-03-06/customers.csv
File time    : 2026-09-30 17:31:53.351379
File size    : 148 bytes
STATUS       : ALREADY PROCESSED

Checking file: 2026-03-07/customers.csv
File time    : 2026-09-30 17:31:53.352478
File size    : 159 bytes
STATUS       : ALREADY PROCESSED

Checking file: 2026-03-08/customers.csv
File time    : 2026-09-30 17:31:53.352478
File size    : 234 bytes
STATUS       : ALREADY PROCESSED

Checking file: 2026-03-09/customers.csv
File time    : 2026-09-30 17:31:53.357987
File size    : 240 bytes
STATUS       : ALREADY PROCESSED

Checking file: 2026-03-16/customers.csv
File time    : 2026-09-30 17:31:53.362056
File size    : 151 bytes
STATUS       : ALREADY PROCESSED

Checking file: 2026-03-18/customers.csv
File time    : 2026-09-30 17:31:53.363038
File size    : 303 bytes
STATUS       : ALREADY PROCESSED

Checking file: 2026-03-19/customers.csv
File time    : 2026-09-30 17:31:53.365057
File size    : 150 bytes
STATUS       : ALREADY PROCESSED

Checking file: 2026-03-20/customers.csv
File time    : 2026-09-30 17:31:53.366037
File size    : 154 bytes
STATUS       : ALREADY PROCESSED

Checking file: 2026-03-25/customers.csv
File time    : 2026-09-30 17:31:53.367798
File size    : 159 bytes
STATUS       : ALREADY PROCESSED

Checking file: 2026-03-27/customers.csv
File time    : 2026-09-30 17:31:53.369833
File size    : 154 bytes
STATUS       : ALREADY PROCESSED

Checking file: 2026-03-29/customers.csv
File time    : 2026-09-30 17:31:53.370808
File size    : 310 bytes
STATUS       : ALREADY PROCESSED

Checking file: 2026-04-04/customers.csv
File time    : 2026-09-30 17:31:53.371809
File size    : 156 bytes
STATUS       : ALREADY PROCESSED

Checking file: 2026-04-06/customers.csv
File time    : 2026-09-30 17:31:53.374277
File size    : 150 bytes
STATUS       : ALREADY PROCESSED

Checking file: 2026-04-08/customers.csv
File time    : 2026-09-30 17:31:53.378213
File size    : 239 bytes
STATUS       : ALREADY PROCESSED

Checking file: 2026-04-11/customers.csv
File time    : 2026-09-30 17:31:53.380221
File size    : 156 bytes
STATUS       : ALREADY PROCESSED

Checking file: 2026-04-12/customers.csv
File time    : 2026-09-30 17:31:53.381221
File size    : 152 bytes
STATUS       : ALREADY PROCESSED

Checking file: 2026-04-14/customers.csv
File time    : 2026-09-30 17:31:53.382221
File size    : 310 bytes
STATUS       : ALREADY PROCESSED

Checking file: 2026-04-16/customers.csv
File time    : 2026-09-30 17:31:53.384847
File size    : 157 bytes
STATUS       : ALREADY PROCESSED

Checking file: 2026-04-17/customers.csv
File time    : 2026-09-30 17:31:53.385856
File size    : 237 bytes
STATUS       : ALREADY PROCESSED

Checking file: 2026-04-18/customers.csv
File time    : 2026-09-30 17:31:53.387857
File size    : 147 bytes
STATUS       : ALREADY PROCESSED

Checking file: 2026-04-23/customers.csv
File time    : 2026-09-30 17:31:53.390795
File size    : 325 bytes
STATUS       : ALREADY PROCESSED

Checking file: 2026-04-24/customers.csv
File time    : 2026-09-30 17:31:53.390795
File size    : 153 bytes
STATUS       : ALREADY PROCESSED

Checking file: 2026-04-26/customers.csv
File time    : 2026-09-30 17:31:53.396326
File size    : 155 bytes
STATUS       : ALREADY PROCESSED

Checking file: 2026-04-29/customers.csv
File time    : 2026-09-30 17:31:53.398322
File size    : 154 bytes
STATUS       : ALREADY PROCESSED

Checking file: 2026-05-04/customers.csv
File time    : 2026-09-30 17:31:53.399321
File size    : 146 bytes
STATUS       : ALREADY PROCESSED

Checking file: 2026-05-05/customers.csv
File time    : 2026-09-30 17:31:53.401893
File size    : 157 bytes
STATUS       : ALREADY PROCESSED

Checking file: 2026-05-06/customers.csv
File time    : 2026-09-30 17:31:53.403904
File size    : 312 bytes
STATUS       : ALREADY PROCESSED

Checking file: 2026-05-08/customers.csv
File time    : 2026-09-30 17:31:53.404958
File size    : 156 bytes
STATUS       : ALREADY PROCESSED

Checking file: 2026-05-11/customers.csv
File time    : 2026-09-30 17:31:53.407790
File size    : 154 bytes
STATUS       : ALREADY PROCESSED

Checking file: 2026-05-12/customers.csv
File time    : 2026-09-30 17:31:53.407790
File size    : 156 bytes
STATUS       : ALREADY PROCESSED

Checking file: 2026-05-17/customers.csv
File time    : 2026-09-30 17:31:53.407790
File size    : 156 bytes
STATUS       : ALREADY PROCESSED

Checking file: 2026-05-19/customers.csv
File time    : 2026-09-30 17:31:53.415434
File size    : 152 bytes
STATUS       : ALREADY PROCESSED

Checking file: 2026-05-20/customers.csv
File time    : 2026-09-30 17:31:53.416224
File size    : 152 bytes
STATUS       : ALREADY PROCESSED

Checking file: 2026-05-22/customers.csv
File time    : 2026-09-30 17:31:53.418462
File size    : 238 bytes
STATUS       : ALREADY PROCESSED

Checking file: 2026-05-23/customers.csv
File time    : 2026-09-30 17:31:53.419467
File size    : 154 bytes
STATUS       : ALREADY PROCESSED

Checking file: 2026-05-25/customers.csv
File time    : 2026-09-30 17:31:53.419467
File size    : 158 bytes
STATUS       : ALREADY PROCESSED

Checking file: 2026-06-06/customers.csv
File time    : 2026-09-30 17:31:53.425090
File size    : 238 bytes
STATUS       : ALREADY PROCESSED

Checking file: 2026-06-09/customers.csv
File time    : 2026-09-30 17:31:53.428156
File size    : 154 bytes
STATUS       : ALREADY PROCESSED

Checking file: 2026-06-10/customers.csv
File time    : 2026-09-30 17:31:53.430104
File size    : 154 bytes
STATUS       : ALREADY PROCESSED

Checking file: 2026-06-11/customers.csv
File time    : 2026-09-30 17:31:53.432158
File size    : 149 bytes
STATUS       : ALREADY PROCESSED

Checking file: 2026-06-12/customers.csv
File time    : 2026-09-30 17:31:53.433636
File size    : 231 bytes
STATUS       : ALREADY PROCESSED

Checking file: 2026-06-15/customers.csv
File time    : 2026-09-30 17:31:53.435738
File size    : 234 bytes
STATUS       : ALREADY PROCESSED

Checking file: 2026-06-20/customers.csv
File time    : 2026-09-30 17:31:53.436645
File size    : 152 bytes
STATUS       : ALREADY PROCESSED

Checking file: 2026-06-21/customers.csv
File time    : 2026-09-30 17:31:53.438707
File size    : 155 bytes
STATUS       : ALREADY PROCESSED

Checking file: 2026-06-22/customers.csv
File time    : 2026-09-30 17:31:53.444617
File size    : 235 bytes
STATUS       : ALREADY PROCESSED

Checking file: 2026-06-23/customers.csv
File time    : 2026-09-30 17:31:53.450907
File size    : 237 bytes
STATUS       : ALREADY PROCESSED

Checking file: 2026-06-26/customers.csv
File time    : 2026-09-30 17:31:53.453796
File size    : 244 bytes
STATUS       : ALREADY PROCESSED

Checking file: 2026-06-27/customers.csv
File time    : 2026-09-30 17:31:53.455806
File size    : 150 bytes
STATUS       : ALREADY PROCESSED

Checking file: 2026-06-29/customers.csv
File time    : 2026-09-30 17:31:53.457421
File size    : 311 bytes
STATUS       : ALREADY PROCESSED

Checking file: 2026-07-07/customers.csv
File time    : 2026-09-30 17:31:53.461878
File size    : 154 bytes
STATUS       : ALREADY PROCESSED

Checking file: 2026-07-10/customers.csv
File time    : 2026-09-30 17:31:53.463888
File size    : 157 bytes
STATUS       : ALREADY PROCESSED

Checking file: 2026-07-11/customers.csv
File time    : 2026-09-30 17:31:53.465906
File size    : 157 bytes
STATUS       : ALREADY PROCESSED

Checking file: 2026-07-12/customers.csv
File time    : 2026-09-30 17:31:53.466914
File size    : 156 bytes
STATUS       : ALREADY PROCESSED

Checking file: 2026-07-20/customers.csv
File time    : 2026-09-30 17:31:53.471636
File size    : 151 bytes
STATUS       : ALREADY PROCESSED

Checking file: 2026-07-22/customers.csv
File time    : 2026-09-30 17:31:53.474235
File size    : 152 bytes
STATUS       : ALREADY PROCESSED

Checking file: 2026-07-23/customers.csv
File time    : 2026-09-30 17:31:53.477328
File size    : 152 bytes
STATUS       : ALREADY PROCESSED

Checking file: 2026-07-24/customers.csv
File time    : 2026-09-30 17:31:53.480500
File size    : 157 bytes
STATUS       : ALREADY PROCESSED

Checking file: 2026-07-26/customers.csv
File time    : 2026-09-30 17:31:53.482510
File size    : 151 bytes
STATUS       : ALREADY PROCESSED

Checking file: 2026-07-28/customers.csv
File time    : 2026-09-30 17:31:53.484516
File size    : 154 bytes
STATUS       : ALREADY PROCESSED

Checking file: 2026-07-31/customers.csv
File time    : 2026-09-30 17:31:53.485515
File size    : 236 bytes
STATUS       : ALREADY PROCESSED

Checking file: 2026-08-02/customers.csv
File time    : 2026-09-30 17:31:53.488805
File size    : 231 bytes
STATUS       : ALREADY PROCESSED

Checking file: 2026-08-03/customers.csv
File time    : 2026-09-30 17:31:53.493189
File size    : 159 bytes
STATUS       : ALREADY PROCESSED

Checking file: 2026-08-04/customers.csv
File time    : 2026-09-30 17:31:53.494200
File size    : 410 bytes
STATUS       : ALREADY PROCESSED

Checking file: 2026-08-05/customers.csv
File time    : 2026-09-30 17:31:53.497504
File size    : 155 bytes
STATUS       : ALREADY PROCESSED

Checking file: 2026-08-06/customers.csv
File time    : 2026-09-30 17:31:53.499542
File size    : 157 bytes
STATUS       : ALREADY PROCESSED

Checking file: 2026-08-10/customers.csv
File time    : 2026-09-30 17:31:53.501521
File size    : 150 bytes
STATUS       : ALREADY PROCESSED

Checking file: 2026-08-11/customers.csv
File time    : 2026-09-30 17:31:53.502513
File size    : 167 bytes
STATUS       : ALREADY PROCESSED

Checking file: 2026-08-12/customers.csv
File time    : 2026-09-30 17:31:53.505780
File size    : 151 bytes
STATUS       : ALREADY PROCESSED

Checking file: 2026-08-14/customers.csv
File time    : 2026-09-30 17:31:53.507414
File size    : 156 bytes
STATUS       : ALREADY PROCESSED

Checking file: 2026-08-16/customers.csv
File time    : 2026-09-30 17:31:53.512134
File size    : 155 bytes
STATUS       : ALREADY PROCESSED

Checking file: 2026-08-19/customers.csv
File time    : 2026-09-30 17:31:53.514145
File size    : 235 bytes
STATUS       : ALREADY PROCESSED

Checking file: 2026-08-21/customers.csv
File time    : 2026-09-30 17:31:53.516148
File size    : 144 bytes
STATUS       : ALREADY PROCESSED

Checking file: 2026-08-22/customers.csv
File time    : 2026-09-30 17:31:53.517145
File size    : 155 bytes
STATUS       : ALREADY PROCESSED

Checking file: 2026-08-23/customers.csv
File time    : 2026-09-30 17:31:53.519643
File size    : 240 bytes
STATUS       : ALREADY PROCESSED

Checking file: 2026-08-26/customers.csv
File time    : 2026-09-30 17:31:53.521655
File size    : 155 bytes
STATUS       : ALREADY PROCESSED

Checking file: 2026-08-27/customers.csv
File time    : 2026-09-30 17:31:53.523982
File size    : 157 bytes
STATUS       : ALREADY PROCESSED

Checking file: 2026-08-28/customers.csv
File time    : 2026-09-30 17:31:53.528386
File size    : 146 bytes
STATUS       : ALREADY PROCESSED

Checking file: 2026-08-29/customers.csv
File time    : 2026-09-30 17:31:53.528386
File size    : 146 bytes
STATUS       : ALREADY PROCESSED

Checking file: 2026-08-30/customers.csv
File time    : 2026-10-07 14:53:53.009645
File size    : 147 bytes
STATUS       : ALREADY PROCESSED

Checking file: 2026-08-30 copy/customers.csv
File time    : 2026-10-07 14:53:53.009645
File size    : 147 bytes
STATUS       : ALREADY PROCESSED

NEW/MODIFIED CSV files selected: 0

No new or modified CSV files found.

No new or modified files for customers.

================================================================================
INCREMENTAL PRODUCT ETL
================================================================================

Reading incremental data: D:\airflow_etl\raw\products

Total CSV files found for products: 2

Checking file: products - Copy.csv
File time    : 2026-10-07 15:51:15.225141
File size    : 11101 bytes
STATUS       : ALREADY PROCESSED

Checking file: products.csv
File time    : 2026-10-07 15:51:15.225141
File size    : 11101 bytes
STATUS       : ALREADY PROCESSED

NEW/MODIFIED CSV files selected: 0

No new or modified CSV files found.

No new or modified files for products.

No new product data to process.

================================================================================
INCREMENTAL ORDERS ETL
================================================================================

Reading incremental data: D:\airflow_etl\raw\orders

Total CSV files found for orders: 608

Checking file: 2025-01-01/orders.csv
File time    : 2026-09-30 17:31:53.676199
File size    : 6442 bytes
STATUS       : ALREADY PROCESSED

Checking file: 2025-01-01 copy/orders.csv
File time    : 2026-09-30 17:31:53.676199
File size    : 6442 bytes
STATUS       : ALREADY PROCESSED

Checking file: 2025-01-02/orders.csv
File time    : 2026-09-30 17:31:53.678199
File size    : 6221 bytes
STATUS       : ALREADY PROCESSED

Checking file: 2025-01-03/orders.csv
File time    : 2026-09-30 17:31:53.681195
File size    : 8145 bytes
STATUS       : ALREADY PROCESSED

Checking file: 2025-01-04/orders.csv
File time    : 2026-09-30 17:31:53.683195
File size    : 5397 bytes
STATUS       : ALREADY PROCESSED

Checking file: 2025-01-05/orders.csv
File time    : 2026-09-30 17:31:53.685194
File size    : 7822 bytes
STATUS       : ALREADY PROCESSED

Checking file: 2025-01-06/orders.csv
File time    : 2026-09-30 17:31:53.687190
File size    : 6645 bytes
STATUS       : ALREADY PROCESSED

Checking file: 2025-01-07/orders.csv
File time    : 2026-09-30 17:31:53.691700
File size    : 6389 bytes
STATUS       : ALREADY PROCESSED

Checking file: 2025-01-08/orders.csv
File time    : 2026-09-30 17:31:53.695541
File size    : 6939 bytes
STATUS       : ALREADY PROCESSED

Checking file: 2025-01-09/orders.csv
File time    : 2026-09-30 17:31:53.697530
File size    : 6220 bytes
STATUS       : ALREADY PROCESSED

Checking file: 2025-01-10/orders.csv
File time    : 2026-09-30 17:31:53.700559
File size    : 7006 bytes
STATUS       : ALREADY PROCESSED

Checking file: 2025-01-11/orders.csv
File time    : 2026-09-30 17:31:53.702565
File size    : 5971 bytes
STATUS       : ALREADY PROCESSED

Checking file: 2025-01-12/orders.csv
File time    : 2026-09-30 17:31:53.704557
File size    : 6649 bytes
STATUS       : ALREADY PROCESSED

Checking file: 2025-01-13/orders.csv
File time    : 2026-09-30 17:31:53.707338
File size    : 7113 bytes
STATUS       : ALREADY PROCESSED

Checking file: 2025-01-14/orders.csv
File time    : 2026-09-30 17:31:53.712068
File size    : 6775 bytes
STATUS       : ALREADY PROCESSED

Checking file: 2025-01-15/orders.csv
File time    : 2026-09-30 17:31:53.712068
File size    : 7745 bytes
STATUS       : ALREADY PROCESSED

Checking file: 2025-01-16/orders.csv
File time    : 2026-09-30 17:31:53.715874
File size    : 7087 bytes
STATUS       : ALREADY PROCESSED

Checking file: 2025-01-17/orders.csv
File time    : 2026-09-30 17:31:53.719128
File size    : 6323 bytes
STATUS       : ALREADY PROCESSED

Checking file: 2025-01-18/orders.csv
File time    : 2026-09-30 17:31:53.721114
File size    : 5647 bytes
STATUS       : ALREADY PROCESSED

Checking file: 2025-01-19/orders.csv
File time    : 2026-09-30 17:31:53.724074
File size    : 6112 bytes
STATUS       : ALREADY PROCESSED

Checking file: 2025-01-20/orders.csv
File time    : 2026-09-30 17:31:53.727858
File size    : 7837 bytes
STATUS       : ALREADY PROCESSED

Checking file: 2025-01-21/orders.csv
File time    : 2026-09-30 17:31:53.729868
File size    : 7250 bytes
STATUS       : ALREADY PROCESSED

Checking file: 2025-01-22/orders.csv
File time    : 2026-09-30 17:31:53.733922
File size    : 7815 bytes
STATUS       : ALREADY PROCESSED

Checking file: 2025-01-23/orders.csv
File time    : 2026-09-30 17:31:53.736921
File size    : 5678 bytes
STATUS       : ALREADY PROCESSED

Checking file: 2025-01-24/orders.csv
File time    : 2026-09-30 17:31:53.739729
File size    : 6078 bytes
STATUS       : ALREADY PROCESSED

Checking file: 2025-01-25/orders.csv
File time    : 2026-09-30 17:31:53.744454
File size    : 6094 bytes
STATUS       : ALREADY PROCESSED

Checking file: 2025-01-26/orders.csv
File time    : 2026-09-30 17:31:53.745917
File size    : 8045 bytes
STATUS       : ALREADY PROCESSED

Checking file: 2025-01-27/orders.csv
File time    : 2026-09-30 17:31:53.745917
File size    : 8181 bytes
STATUS       : ALREADY PROCESSED

Checking file: 2025-01-28/orders.csv
File time    : 2026-09-30 17:31:53.752705
File size    : 7704 bytes
STATUS       : ALREADY PROCESSED

Checking file: 2025-01-29/orders.csv
File time    : 2026-09-30 17:31:53.754728
File size    : 7351 bytes
STATUS       : ALREADY PROCESSED

Checking file: 2025-01-30/orders.csv
File time    : 2026-09-30 17:31:53.760116
File size    : 6283 bytes
STATUS       : ALREADY PROCESSED

Checking file: 2025-01-31/orders.csv
File time    : 2026-09-30 17:31:53.763306
File size    : 7958 bytes
STATUS       : ALREADY PROCESSED

Checking file: 2025-02-01/orders.csv
File time    : 2026-09-30 17:31:53.765305
File size    : 7246 bytes
STATUS       : ALREADY PROCESSED

Checking file: 2025-02-02/orders.csv
File time    : 2026-09-30 17:31:53.767304
File size    : 7019 bytes
STATUS       : ALREADY PROCESSED

Checking file: 2025-02-03/orders.csv
File time    : 2026-09-30 17:31:53.770276
File size    : 5858 bytes
STATUS       : ALREADY PROCESSED

Checking file: 2025-02-04/orders.csv
File time    : 2026-09-30 17:31:53.772272
File size    : 6552 bytes
STATUS       : ALREADY PROCESSED

Checking file: 2025-02-05/orders.csv
File time    : 2026-09-30 17:31:53.774966
File size    : 6981 bytes
STATUS       : ALREADY PROCESSED

Checking file: 2025-02-06/orders.csv
File time    : 2026-09-30 17:31:53.779557
File size    : 6886 bytes
STATUS       : ALREADY PROCESSED

Checking file: 2025-02-07/orders.csv
File time    : 2026-09-30 17:31:53.781536
File size    : 5523 bytes
STATUS       : ALREADY PROCESSED

Checking file: 2025-02-08/orders.csv
File time    : 2026-09-30 17:31:53.783532
File size    : 7315 bytes
STATUS       : ALREADY PROCESSED

Checking file: 2025-02-09/orders.csv
File time    : 2026-09-30 17:31:53.787131
File size    : 6473 bytes
STATUS       : ALREADY PROCESSED

Checking file: 2025-02-10/orders.csv
File time    : 2026-09-30 17:31:53.789164
File size    : 6831 bytes
STATUS       : ALREADY PROCESSED

Checking file: 2025-02-11/orders.csv
File time    : 2026-09-30 17:31:53.791852
File size    : 7430 bytes
STATUS       : ALREADY PROCESSED

Checking file: 2025-02-12/orders.csv
File time    : 2026-09-30 17:31:53.796342
File size    : 7413 bytes
STATUS       : ALREADY PROCESSED

Checking file: 2025-02-13/orders.csv
File time    : 2026-09-30 17:31:53.798340
File size    : 6550 bytes
STATUS       : ALREADY PROCESSED

Checking file: 2025-02-14/orders.csv
File time    : 2026-09-30 17:31:53.800325
File size    : 7784 bytes
STATUS       : ALREADY PROCESSED

Checking file: 2025-02-15/orders.csv
File time    : 2026-09-30 17:31:53.803802
File size    : 7551 bytes
STATUS       : ALREADY PROCESSED

Checking file: 2025-02-16/orders.csv
File time    : 2026-09-30 17:31:53.804795
File size    : 6493 bytes
STATUS       : ALREADY PROCESSED

Checking file: 2025-02-17/orders.csv
File time    : 2026-09-30 17:31:53.807799
File size    : 8053 bytes
STATUS       : ALREADY PROCESSED

Checking file: 2025-02-18/orders.csv
File time    : 2026-09-30 17:31:53.812191
File size    : 7250 bytes
STATUS       : ALREADY PROCESSED

Checking file: 2025-02-19/orders.csv
File time    : 2026-09-30 17:31:53.813159
File size    : 7079 bytes
STATUS       : ALREADY PROCESSED

Checking file: 2025-02-20/orders.csv
File time    : 2026-09-30 17:31:53.815181
File size    : 7066 bytes
STATUS       : ALREADY PROCESSED

Checking file: 2025-02-21/orders.csv
File time    : 2026-09-30 17:31:53.816166
File size    : 6306 bytes
STATUS       : ALREADY PROCESSED

Checking file: 2025-02-22/orders.csv
File time    : 2026-09-30 17:31:53.818501
File size    : 6700 bytes
STATUS       : ALREADY PROCESSED

Checking file: 2025-02-23/orders.csv
File time    : 2026-09-30 17:31:53.820513
File size    : 7521 bytes
STATUS       : ALREADY PROCESSED

Checking file: 2025-02-24/orders.csv
File time    : 2026-09-30 17:31:53.822509
File size    : 7526 bytes
STATUS       : ALREADY PROCESSED

Checking file: 2025-02-25/orders.csv
File time    : 2026-09-30 17:31:53.824517
File size    : 6711 bytes
STATUS       : ALREADY PROCESSED

Checking file: 2025-02-26/orders.csv
File time    : 2026-09-30 17:31:53.828218
File size    : 6804 bytes
STATUS       : ALREADY PROCESSED

Checking file: 2025-02-27/orders.csv
File time    : 2026-09-30 17:31:53.830227
File size    : 5234 bytes
STATUS       : ALREADY PROCESSED

Checking file: 2025-02-28/orders.csv
File time    : 2026-09-30 17:31:53.832234
File size    : 7865 bytes
STATUS       : ALREADY PROCESSED

Checking file: 2025-03-01/orders.csv
File time    : 2026-09-30 17:31:53.833231
File size    : 7572 bytes
STATUS       : ALREADY PROCESSED

Checking file: 2025-03-02/orders.csv
File time    : 2026-09-30 17:31:53.835954
File size    : 6393 bytes
STATUS       : ALREADY PROCESSED

Checking file: 2025-03-03/orders.csv
File time    : 2026-09-30 17:31:53.837966
File size    : 6479 bytes
STATUS       : ALREADY PROCESSED

Checking file: 2025-03-04/orders.csv
File time    : 2026-09-30 17:31:53.839967
File size    : 7421 bytes
STATUS       : ALREADY PROCESSED

Checking file: 2025-03-05/orders.csv
File time    : 2026-09-30 17:31:53.840966
File size    : 6784 bytes
STATUS       : ALREADY PROCESSED

Checking file: 2025-03-06/orders.csv
File time    : 2026-09-30 17:31:53.845380
File size    : 7649 bytes
STATUS       : ALREADY PROCESSED

Checking file: 2025-03-07/orders.csv
File time    : 2026-09-30 17:31:53.847396
File size    : 8137 bytes
STATUS       : ALREADY PROCESSED

Checking file: 2025-03-08/orders.csv
File time    : 2026-09-30 17:31:53.849390
File size    : 6818 bytes
STATUS       : ALREADY PROCESSED

Checking file: 2025-03-09/orders.csv
File time    : 2026-09-30 17:31:53.850393
File size    : 6660 bytes
STATUS       : ALREADY PROCESSED

Checking file: 2025-03-10/orders.csv
File time    : 2026-09-30 17:31:53.853904
File size    : 7090 bytes
STATUS       : ALREADY PROCESSED

Checking file: 2025-03-11/orders.csv
File time    : 2026-09-30 17:31:53.854887
File size    : 7386 bytes
STATUS       : ALREADY PROCESSED

Checking file: 2025-03-12/orders.csv
File time    : 2026-09-30 17:31:53.857889
File size    : 6681 bytes
STATUS       : ALREADY PROCESSED

Checking file: 2025-03-13/orders.csv
File time    : 2026-09-30 17:31:53.857889
File size    : 6487 bytes
STATUS       : ALREADY PROCESSED

Checking file: 2025-03-14/orders.csv
File time    : 2026-09-30 17:31:53.863159
File size    : 5808 bytes
STATUS       : ALREADY PROCESSED

Checking file: 2025-03-15/orders.csv
File time    : 2026-09-30 17:31:53.865172
File size    : 7000 bytes
STATUS       : ALREADY PROCESSED

Checking file: 2025-03-16/orders.csv
File time    : 2026-09-30 17:31:53.867179
File size    : 7394 bytes
STATUS       : ALREADY PROCESSED

Checking file: 2025-03-17/orders.csv
File time    : 2026-09-30 17:31:53.868182
File size    : 7771 bytes
STATUS       : ALREADY PROCESSED

Checking file: 2025-03-18/orders.csv
File time    : 2026-09-30 17:31:53.870954
File size    : 7821 bytes
STATUS       : ALREADY PROCESSED

Checking file: 2025-03-19/orders.csv
File time    : 2026-09-30 17:31:53.872964
File size    : 6963 bytes
STATUS       : ALREADY PROCESSED

Checking file: 2025-03-20/orders.csv
File time    : 2026-09-30 17:31:53.876035
File size    : 7182 bytes
STATUS       : ALREADY PROCESSED

Checking file: 2025-03-21/orders.csv
File time    : 2026-09-30 17:31:53.879936
File size    : 6234 bytes
STATUS       : ALREADY PROCESSED

Checking file: 2025-03-22/orders.csv
File time    : 2026-09-30 17:31:53.880916
File size    : 7218 bytes
STATUS       : ALREADY PROCESSED

Checking file: 2025-03-23/orders.csv
File time    : 2026-09-30 17:31:53.882916
File size    : 7198 bytes
STATUS       : ALREADY PROCESSED

Checking file: 2025-03-24/orders.csv
File time    : 2026-09-30 17:31:53.883917
File size    : 7405 bytes
STATUS       : ALREADY PROCESSED

Checking file: 2025-03-25/orders.csv
File time    : 2026-09-30 17:31:53.886620
File size    : 5508 bytes
STATUS       : ALREADY PROCESSED

Checking file: 2025-03-26/orders.csv
File time    : 2026-09-30 17:31:53.888628
File size    : 8871 bytes
STATUS       : ALREADY PROCESSED

Checking file: 2025-03-27/orders.csv
File time    : 2026-09-30 17:31:53.890631
File size    : 6032 bytes
STATUS       : ALREADY PROCESSED

Checking file: 2025-03-28/orders.csv
File time    : 2026-09-30 17:31:53.891541
File size    : 6485 bytes
STATUS       : ALREADY PROCESSED

Checking file: 2025-03-29/orders.csv
File time    : 2026-09-30 17:31:53.897522
File size    : 5857 bytes
STATUS       : ALREADY PROCESSED

Checking file: 2025-03-30/orders.csv
File time    : 2026-09-30 17:31:53.898514
File size    : 8137 bytes
STATUS       : ALREADY PROCESSED

Checking file: 2025-03-31/orders.csv
File time    : 2026-09-30 17:31:53.900516
File size    : 6533 bytes
STATUS       : ALREADY PROCESSED

Checking file: 2025-04-01/orders.csv
File time    : 2026-09-30 17:31:53.901513
File size    : 6813 bytes
STATUS       : ALREADY PROCESSED

Checking file: 2025-04-02/orders.csv
File time    : 2026-09-30 17:31:53.904845
File size    : 6703 bytes
STATUS       : ALREADY PROCESSED

Checking file: 2025-04-03/orders.csv
File time    : 2026-09-30 17:31:53.906857
File size    : 6367 bytes
STATUS       : ALREADY PROCESSED

Checking file: 2025-04-04/orders.csv
File time    : 2026-09-30 17:31:53.910389
File size    : 8646 bytes
STATUS       : ALREADY PROCESSED

Checking file: 2025-04-05/orders.csv
File time    : 2026-09-30 17:31:53.912632
File size    : 7292 bytes
STATUS       : ALREADY PROCESSED

Checking file: 2025-04-06/orders.csv
File time    : 2026-09-30 17:31:53.915667
File size    : 6700 bytes
STATUS       : ALREADY PROCESSED

Checking file: 2025-04-07/orders.csv
File time    : 2026-09-30 17:31:53.916642
File size    : 6145 bytes
STATUS       : ALREADY PROCESSED

Checking file: 2025-04-08/orders.csv
File time    : 2026-09-30 17:31:53.917640
File size    : 7242 bytes
STATUS       : ALREADY PROCESSED

Checking file: 2025-04-09/orders.csv
File time    : 2026-09-30 17:31:53.921649
File size    : 8016 bytes
STATUS       : ALREADY PROCESSED

Checking file: 2025-04-10/orders.csv
File time    : 2026-09-30 17:31:53.923650
File size    : 6721 bytes
STATUS       : ALREADY PROCESSED

Checking file: 2025-04-11/orders.csv
File time    : 2026-09-30 17:31:53.926401
File size    : 7693 bytes
STATUS       : ALREADY PROCESSED

Checking file: 2025-04-12/orders.csv
File time    : 2026-09-30 17:31:53.930019
File size    : 6831 bytes
STATUS       : ALREADY PROCESSED

Checking file: 2025-04-13/orders.csv
File time    : 2026-09-30 17:31:53.932003
File size    : 7360 bytes
STATUS       : ALREADY PROCESSED

Checking file: 2025-04-14/orders.csv
File time    : 2026-09-30 17:31:53.932999
File size    : 6495 bytes
STATUS       : ALREADY PROCESSED

Checking file: 2025-04-15/orders.csv
File time    : 2026-09-30 17:31:53.934000
File size    : 5842 bytes
STATUS       : ALREADY PROCESSED

Checking file: 2025-04-16/orders.csv
File time    : 2026-09-30 17:31:53.937362
File size    : 6181 bytes
STATUS       : ALREADY PROCESSED

Checking file: 2025-04-17/orders.csv
File time    : 2026-09-30 17:31:53.939369
File size    : 7019 bytes
STATUS       : ALREADY PROCESSED

Checking file: 2025-04-18/orders.csv
File time    : 2026-09-30 17:31:53.942547
File size    : 7147 bytes
STATUS       : ALREADY PROCESSED

Checking file: 2025-04-19/orders.csv
File time    : 2026-09-30 17:31:53.945222
File size    : 6482 bytes
STATUS       : ALREADY PROCESSED

Checking file: 2025-04-20/orders.csv
File time    : 2026-09-30 17:31:53.947232
File size    : 7055 bytes
STATUS       : ALREADY PROCESSED

Checking file: 2025-04-21/orders.csv
File time    : 2026-09-30 17:31:53.950257
File size    : 8808 bytes
STATUS       : ALREADY PROCESSED

Checking file: 2025-04-22/orders.csv
File time    : 2026-09-30 17:31:53.951941
File size    : 7152 bytes
STATUS       : ALREADY PROCESSED

Checking file: 2025-04-23/orders.csv
File time    : 2026-09-30 17:31:53.953968
File size    : 5592 bytes
STATUS       : ALREADY PROCESSED

Checking file: 2025-04-24/orders.csv
File time    : 2026-09-30 17:31:53.955966
File size    : 6966 bytes
STATUS       : ALREADY PROCESSED

Checking file: 2025-04-25/orders.csv
File time    : 2026-09-30 17:31:53.958309
File size    : 7435 bytes
STATUS       : ALREADY PROCESSED

Checking file: 2025-04-26/orders.csv
File time    : 2026-09-30 17:31:53.962225
File size    : 6905 bytes
STATUS       : ALREADY PROCESSED

Checking file: 2025-04-27/orders.csv
File time    : 2026-09-30 17:31:53.964203
File size    : 6918 bytes
STATUS       : ALREADY PROCESSED

Checking file: 2025-04-28/orders.csv
File time    : 2026-09-30 17:31:53.965205
File size    : 6416 bytes
STATUS       : ALREADY PROCESSED

Checking file: 2025-04-29/orders.csv
File time    : 2026-09-30 17:31:53.965205
File size    : 7935 bytes
STATUS       : ALREADY PROCESSED

Checking file: 2025-04-30/orders.csv
File time    : 2026-09-30 17:31:53.965205
File size    : 8115 bytes
STATUS       : ALREADY PROCESSED

Checking file: 2025-05-01/orders.csv
File time    : 2026-09-30 17:31:53.972801
File size    : 8616 bytes
STATUS       : ALREADY PROCESSED

Checking file: 2025-05-02/orders.csv
File time    : 2026-09-30 17:31:53.974610
File size    : 6125 bytes
STATUS       : ALREADY PROCESSED

Checking file: 2025-05-03/orders.csv
File time    : 2026-09-30 17:31:53.977852
File size    : 6995 bytes
STATUS       : ALREADY PROCESSED

Checking file: 2025-05-04/orders.csv
File time    : 2026-09-30 17:31:53.979859
File size    : 6582 bytes
STATUS       : ALREADY PROCESSED

Checking file: 2025-05-05/orders.csv
File time    : 2026-09-30 17:31:53.979859
File size    : 6330 bytes
STATUS       : ALREADY PROCESSED

Checking file: 2025-05-06/orders.csv
File time    : 2026-09-30 17:31:53.983656
File size    : 7927 bytes
STATUS       : ALREADY PROCESSED

Checking file: 2025-05-07/orders.csv
File time    : 2026-09-30 17:31:53.986066
File size    : 6850 bytes
STATUS       : ALREADY PROCESSED

Checking file: 2025-05-08/orders.csv
File time    : 2026-09-30 17:31:53.988101
File size    : 6583 bytes
STATUS       : ALREADY PROCESSED

Checking file: 2025-05-09/orders.csv
File time    : 2026-09-30 17:31:53.990407
File size    : 8191 bytes
STATUS       : ALREADY PROCESSED

Checking file: 2025-05-10/orders.csv
File time    : 2026-09-30 17:31:53.994869
File size    : 7017 bytes
STATUS       : ALREADY PROCESSED

Checking file: 2025-05-11/orders.csv
File time    : 2026-09-30 17:31:53.996891
File size    : 7229 bytes
STATUS       : ALREADY PROCESSED

Checking file: 2025-05-12/orders.csv
File time    : 2026-09-30 17:31:53.998663
File size    : 5806 bytes
STATUS       : ALREADY PROCESSED

Checking file: 2025-05-13/orders.csv
File time    : 2026-09-30 17:31:54.000694
File size    : 7589 bytes
STATUS       : ALREADY PROCESSED

Checking file: 2025-05-14/orders.csv
File time    : 2026-09-30 17:31:54.001672
File size    : 6828 bytes
STATUS       : ALREADY PROCESSED

Checking file: 2025-05-15/orders.csv
File time    : 2026-09-30 17:31:54.003692
File size    : 8253 bytes
STATUS       : ALREADY PROCESSED

Checking file: 2025-05-16/orders.csv
File time    : 2026-09-30 17:31:54.005661
File size    : 5879 bytes
STATUS       : ALREADY PROCESSED

Checking file: 2025-05-17/orders.csv
File time    : 2026-09-30 17:31:54.010148
File size    : 7897 bytes
STATUS       : ALREADY PROCESSED

Checking file: 2025-05-18/orders.csv
File time    : 2026-09-30 17:31:54.011142
File size    : 7118 bytes
STATUS       : ALREADY PROCESSED

Checking file: 2025-05-19/orders.csv
File time    : 2026-09-30 17:31:54.014418
File size    : 4644 bytes
STATUS       : ALREADY PROCESSED

Checking file: 2025-05-20/orders.csv
File time    : 2026-09-30 17:31:54.015396
File size    : 7799 bytes
STATUS       : ALREADY PROCESSED

Checking file: 2025-05-21/orders.csv
File time    : 2026-09-30 17:31:54.017397
File size    : 7453 bytes
STATUS       : ALREADY PROCESSED

Checking file: 2025-05-22/orders.csv
File time    : 2026-09-30 17:31:54.018395
File size    : 6883 bytes
STATUS       : ALREADY PROCESSED

Checking file: 2025-05-23/orders.csv
File time    : 2026-09-30 17:31:54.021324
File size    : 6807 bytes
STATUS       : ALREADY PROCESSED

Checking file: 2025-05-24/orders.csv
File time    : 2026-09-30 17:31:54.024953
File size    : 7996 bytes
STATUS       : ALREADY PROCESSED

Checking file: 2025-05-25/orders.csv
File time    : 2026-09-30 17:31:54.028679
File size    : 6733 bytes
STATUS       : ALREADY PROCESSED

Checking file: 2025-05-26/orders.csv
File time    : 2026-09-30 17:31:54.031691
File size    : 7412 bytes
STATUS       : ALREADY PROCESSED

Checking file: 2025-05-27/orders.csv
File time    : 2026-09-30 17:31:54.032688
File size    : 6618 bytes
STATUS       : ALREADY PROCESSED

Checking file: 2025-05-28/orders.csv
File time    : 2026-09-30 17:31:54.033707
File size    : 7013 bytes
STATUS       : ALREADY PROCESSED

Checking file: 2025-05-29/orders.csv
File time    : 2026-09-30 17:31:54.037407
File size    : 7888 bytes
STATUS       : ALREADY PROCESSED

Checking file: 2025-05-30/orders.csv
File time    : 2026-09-30 17:31:54.040607
File size    : 6410 bytes
STATUS       : ALREADY PROCESSED

Checking file: 2025-05-31/orders.csv
File time    : 2026-09-30 17:31:54.042729
File size    : 7196 bytes
STATUS       : ALREADY PROCESSED

Checking file: 2025-06-01/orders.csv
File time    : 2026-09-30 17:31:54.048142
File size    : 7591 bytes
STATUS       : ALREADY PROCESSED

Checking file: 2025-06-02/orders.csv
File time    : 2026-09-30 17:31:54.050146
File size    : 8298 bytes
STATUS       : ALREADY PROCESSED

Checking file: 2025-06-03/orders.csv
File time    : 2026-09-30 17:31:54.052143
File size    : 7745 bytes
STATUS       : ALREADY PROCESSED

Checking file: 2025-06-04/orders.csv
File time    : 2026-09-30 17:31:54.052143
File size    : 6401 bytes
STATUS       : ALREADY PROCESSED

Checking file: 2025-06-05/orders.csv
File time    : 2026-09-30 17:31:54.057036
File size    : 6659 bytes
STATUS       : ALREADY PROCESSED

Checking file: 2025-06-06/orders.csv
File time    : 2026-09-30 17:31:54.061160
File size    : 6674 bytes
STATUS       : ALREADY PROCESSED

Checking file: 2025-06-07/orders.csv
File time    : 2026-09-30 17:31:54.061160
File size    : 7150 bytes
STATUS       : ALREADY PROCESSED

Checking file: 2025-06-08/orders.csv
File time    : 2026-09-30 17:31:54.067544
File size    : 6878 bytes
STATUS       : ALREADY PROCESSED

Checking file: 2025-06-09/orders.csv
File time    : 2026-09-30 17:31:54.069543
File size    : 5581 bytes
STATUS       : ALREADY PROCESSED

Checking file: 2025-06-10/orders.csv
File time    : 2026-09-30 17:31:54.071537
File size    : 8380 bytes
STATUS       : ALREADY PROCESSED

Checking file: 2025-06-11/orders.csv
File time    : 2026-09-30 17:31:54.075029
File size    : 7237 bytes
STATUS       : ALREADY PROCESSED

Checking file: 2025-06-12/orders.csv
File time    : 2026-09-30 17:31:54.078378
File size    : 6470 bytes
STATUS       : ALREADY PROCESSED

Checking file: 2025-06-13/orders.csv
File time    : 2026-09-30 17:31:54.080373
File size    : 6392 bytes
STATUS       : ALREADY PROCESSED

Checking file: 2025-06-14/orders.csv
File time    : 2026-09-30 17:31:54.084452
File size    : 9324 bytes
STATUS       : ALREADY PROCESSED

Checking file: 2025-06-15/orders.csv
File time    : 2026-09-30 17:31:54.086430
File size    : 7616 bytes
STATUS       : ALREADY PROCESSED

Checking file: 2025-06-16/orders.csv
File time    : 2026-09-30 17:31:54.087430
File size    : 6937 bytes
STATUS       : ALREADY PROCESSED

Checking file: 2025-06-17/orders.csv
File time    : 2026-09-30 17:31:54.091702
File size    : 8063 bytes
STATUS       : ALREADY PROCESSED

Checking file: 2025-06-18/orders.csv
File time    : 2026-09-30 17:31:54.094716
File size    : 7196 bytes
STATUS       : ALREADY PROCESSED

Checking file: 2025-06-19/orders.csv
File time    : 2026-09-30 17:31:54.096716
File size    : 7223 bytes
STATUS       : ALREADY PROCESSED

Checking file: 2025-06-20/orders.csv
File time    : 2026-09-30 17:31:54.100361
File size    : 7362 bytes
STATUS       : ALREADY PROCESSED

Checking file: 2025-06-21/orders.csv
File time    : 2026-09-30 17:31:54.102367
File size    : 6730 bytes
STATUS       : ALREADY PROCESSED

Checking file: 2025-06-22/orders.csv
File time    : 2026-09-30 17:31:54.104388
File size    : 6481 bytes
STATUS       : ALREADY PROCESSED

Checking file: 2025-06-23/orders.csv
File time    : 2026-09-30 17:31:54.108420
File size    : 7433 bytes
STATUS       : ALREADY PROCESSED

Checking file: 2025-06-24/orders.csv
File time    : 2026-09-30 17:31:54.111631
File size    : 7899 bytes
STATUS       : ALREADY PROCESSED

Checking file: 2025-06-25/orders.csv
File time    : 2026-09-30 17:31:54.113657
File size    : 7688 bytes
STATUS       : ALREADY PROCESSED

Checking file: 2025-06-26/orders.csv
File time    : 2026-09-30 17:31:54.117710
File size    : 6511 bytes
STATUS       : ALREADY PROCESSED

Checking file: 2025-06-27/orders.csv
File time    : 2026-09-30 17:31:54.119704
File size    : 7273 bytes
STATUS       : ALREADY PROCESSED

Checking file: 2025-06-28/orders.csv
File time    : 2026-09-30 17:31:54.121700
File size    : 7330 bytes
STATUS       : ALREADY PROCESSED

Checking file: 2025-06-29/orders.csv
File time    : 2026-09-30 17:31:54.125130
File size    : 6647 bytes
STATUS       : ALREADY PROCESSED

Checking file: 2025-06-30/orders.csv
File time    : 2026-09-30 17:31:54.128145
File size    : 6464 bytes
STATUS       : ALREADY PROCESSED

Checking file: 2025-07-01/orders.csv
File time    : 2026-09-30 17:31:54.130142
File size    : 8187 bytes
STATUS       : ALREADY PROCESSED

Checking file: 2025-07-02/orders.csv
File time    : 2026-09-30 17:31:54.133201
File size    : 6850 bytes
STATUS       : ALREADY PROCESSED

Checking file: 2025-07-03/orders.csv
File time    : 2026-09-30 17:31:54.136235
File size    : 7161 bytes
STATUS       : ALREADY PROCESSED

Checking file: 2025-07-04/orders.csv
File time    : 2026-09-30 17:31:54.138235
File size    : 7190 bytes
STATUS       : ALREADY PROCESSED

Checking file: 2025-07-05/orders.csv
File time    : 2026-09-30 17:31:54.141787
File size    : 8450 bytes
STATUS       : ALREADY PROCESSED

Checking file: 2025-07-06/orders.csv
File time    : 2026-09-30 17:31:54.145006
File size    : 6756 bytes
STATUS       : ALREADY PROCESSED

Checking file: 2025-07-07/orders.csv
File time    : 2026-09-30 17:31:54.147007
File size    : 7411 bytes
STATUS       : ALREADY PROCESSED

Checking file: 2025-07-08/orders.csv
File time    : 2026-09-30 17:31:54.150845
File size    : 6479 bytes
STATUS       : ALREADY PROCESSED

Checking file: 2025-07-09/orders.csv
File time    : 2026-09-30 17:31:54.152845
File size    : 7231 bytes
STATUS       : ALREADY PROCESSED

Checking file: 2025-07-10/orders.csv
File time    : 2026-09-30 17:31:54.155142
File size    : 7086 bytes
STATUS       : ALREADY PROCESSED

Checking file: 2025-07-11/orders.csv
File time    : 2026-09-30 17:31:54.157777
File size    : 6850 bytes
STATUS       : ALREADY PROCESSED

Checking file: 2025-07-12/orders.csv
File time    : 2026-09-30 17:31:54.162836
File size    : 6528 bytes
STATUS       : ALREADY PROCESSED

Checking file: 2025-07-13/orders.csv
File time    : 2026-09-30 17:31:54.164834
File size    : 8683 bytes
STATUS       : ALREADY PROCESSED

Checking file: 2025-07-14/orders.csv
File time    : 2026-09-30 17:31:54.166842
File size    : 6337 bytes
STATUS       : ALREADY PROCESSED

Checking file: 2025-07-15/orders.csv
File time    : 2026-09-30 17:31:54.169854
File size    : 6810 bytes
STATUS       : ALREADY PROCESSED

Checking file: 2025-07-16/orders.csv
File time    : 2026-09-30 17:31:54.171853
File size    : 7448 bytes
STATUS       : ALREADY PROCESSED

Checking file: 2025-07-17/orders.csv
File time    : 2026-09-30 17:31:54.176661
File size    : 7204 bytes
STATUS       : ALREADY PROCESSED

Checking file: 2025-07-18/orders.csv
File time    : 2026-09-30 17:31:54.178786
File size    : 5856 bytes
STATUS       : ALREADY PROCESSED

Checking file: 2025-07-19/orders.csv
File time    : 2026-09-30 17:31:54.180798
File size    : 6688 bytes
STATUS       : ALREADY PROCESSED

Checking file: 2025-07-20/orders.csv
File time    : 2026-09-30 17:31:54.180798
File size    : 7937 bytes
STATUS       : ALREADY PROCESSED

Checking file: 2025-07-21/orders.csv
File time    : 2026-09-30 17:31:54.185677
File size    : 6988 bytes
STATUS       : ALREADY PROCESSED

Checking file: 2025-07-22/orders.csv
File time    : 2026-09-30 17:31:54.187687
File size    : 6019 bytes
STATUS       : ALREADY PROCESSED

Checking file: 2025-07-23/orders.csv
File time    : 2026-09-30 17:31:54.190683
File size    : 7068 bytes
STATUS       : ALREADY PROCESSED

Checking file: 2025-07-24/orders.csv
File time    : 2026-09-30 17:31:54.195618
File size    : 7080 bytes
STATUS       : ALREADY PROCESSED

Checking file: 2025-07-25/orders.csv
File time    : 2026-09-30 17:31:54.197625
File size    : 6979 bytes
STATUS       : ALREADY PROCESSED

Checking file: 2025-07-26/orders.csv
File time    : 2026-09-30 17:31:54.199614
File size    : 5923 bytes
STATUS       : ALREADY PROCESSED

Checking file: 2025-07-27/orders.csv
File time    : 2026-09-30 17:31:54.202450
File size    : 7101 bytes
STATUS       : ALREADY PROCESSED

Checking file: 2025-07-28/orders.csv
File time    : 2026-09-30 17:31:54.204431
File size    : 7426 bytes
STATUS       : ALREADY PROCESSED

Checking file: 2025-07-29/orders.csv
File time    : 2026-09-30 17:31:54.207432
File size    : 6332 bytes
STATUS       : ALREADY PROCESSED

Checking file: 2025-07-30/orders.csv
File time    : 2026-09-30 17:31:54.211953
File size    : 5458 bytes
STATUS       : ALREADY PROCESSED

Checking file: 2025-07-31/orders.csv
File time    : 2026-09-30 17:31:54.214947
File size    : 7460 bytes
STATUS       : ALREADY PROCESSED

Checking file: 2025-08-01/orders.csv
File time    : 2026-09-30 17:31:54.215931
File size    : 8163 bytes
STATUS       : ALREADY PROCESSED

Checking file: 2025-08-02/orders.csv
File time    : 2026-09-30 17:31:54.218849
File size    : 6700 bytes
STATUS       : ALREADY PROCESSED

Checking file: 2025-08-03/orders.csv
File time    : 2026-09-30 17:31:54.222363
File size    : 6134 bytes
STATUS       : ALREADY PROCESSED

Checking file: 2025-08-04/orders.csv
File time    : 2026-09-30 17:31:54.224359
File size    : 7475 bytes
STATUS       : ALREADY PROCESSED

Checking file: 2025-08-05/orders.csv
File time    : 2026-09-30 17:31:54.228543
File size    : 8082 bytes
STATUS       : ALREADY PROCESSED

Checking file: 2025-08-06/orders.csv
File time    : 2026-09-30 17:31:54.233343
File size    : 7892 bytes
STATUS       : ALREADY PROCESSED

Checking file: 2025-08-07/orders.csv
File time    : 2026-09-30 17:31:54.235868
File size    : 7257 bytes
STATUS       : ALREADY PROCESSED

Checking file: 2025-08-08/orders.csv
File time    : 2026-09-30 17:31:54.239240
File size    : 8943 bytes
STATUS       : ALREADY PROCESSED

Checking file: 2025-08-09/orders.csv
File time    : 2026-09-30 17:31:54.242541
File size    : 8381 bytes
STATUS       : ALREADY PROCESSED

Checking file: 2025-08-10/orders.csv
File time    : 2026-09-30 17:31:54.246810
File size    : 7293 bytes
STATUS       : ALREADY PROCESSED

Checking file: 2025-08-11/orders.csv
File time    : 2026-09-30 17:31:54.250354
File size    : 7850 bytes
STATUS       : ALREADY PROCESSED

Checking file: 2025-08-12/orders.csv
File time    : 2026-09-30 17:31:54.253019
File size    : 6780 bytes
STATUS       : ALREADY PROCESSED

Checking file: 2025-08-13/orders.csv
File time    : 2026-09-30 17:31:54.255634
File size    : 6673 bytes
STATUS       : ALREADY PROCESSED

Checking file: 2025-08-14/orders.csv
File time    : 2026-09-30 17:31:54.258645
File size    : 6540 bytes
STATUS       : ALREADY PROCESSED

Checking file: 2025-08-15/orders.csv
File time    : 2026-09-30 17:31:54.260670
File size    : 6177 bytes
STATUS       : ALREADY PROCESSED

Checking file: 2025-08-16/orders.csv
File time    : 2026-09-30 17:31:54.263650
File size    : 7934 bytes
STATUS       : ALREADY PROCESSED

Checking file: 2025-08-17/orders.csv
File time    : 2026-09-30 17:31:54.266896
File size    : 6463 bytes
STATUS       : ALREADY PROCESSED

Checking file: 2025-08-18/orders.csv
File time    : 2026-09-30 17:31:54.270228
File size    : 6516 bytes
STATUS       : ALREADY PROCESSED

Checking file: 2025-08-19/orders.csv
File time    : 2026-09-30 17:31:54.275471
File size    : 7805 bytes
STATUS       : ALREADY PROCESSED

Checking file: 2025-08-20/orders.csv
File time    : 2026-09-30 17:31:54.279499
File size    : 8002 bytes
STATUS       : ALREADY PROCESSED

Checking file: 2025-08-21/orders.csv
File time    : 2026-09-30 17:31:54.279499
File size    : 6972 bytes
STATUS       : ALREADY PROCESSED

Checking file: 2025-08-22/orders.csv
File time    : 2026-09-30 17:31:54.284632
File size    : 6598 bytes
STATUS       : ALREADY PROCESSED

Checking file: 2025-08-23/orders.csv
File time    : 2026-09-30 17:31:54.286621
File size    : 6162 bytes
STATUS       : ALREADY PROCESSED

Checking file: 2025-08-24/orders.csv
File time    : 2026-09-30 17:31:54.288599
File size    : 6315 bytes
STATUS       : ALREADY PROCESSED

Checking file: 2025-08-25/orders.csv
File time    : 2026-09-30 17:31:54.291162
File size    : 7769 bytes
STATUS       : ALREADY PROCESSED

Checking file: 2025-08-26/orders.csv
File time    : 2026-09-30 17:31:54.296271
File size    : 6696 bytes
STATUS       : ALREADY PROCESSED

Checking file: 2025-08-27/orders.csv
File time    : 2026-09-30 17:31:54.298514
File size    : 6369 bytes
STATUS       : ALREADY PROCESSED

Checking file: 2025-08-28/orders.csv
File time    : 2026-09-30 17:31:54.300525
File size    : 6908 bytes
STATUS       : ALREADY PROCESSED

Checking file: 2025-08-29/orders.csv
File time    : 2026-09-30 17:31:54.303524
File size    : 7718 bytes
STATUS       : ALREADY PROCESSED

Checking file: 2025-08-30/orders.csv
File time    : 2026-09-30 17:31:54.306079
File size    : 7259 bytes
STATUS       : ALREADY PROCESSED

Checking file: 2025-08-31/orders.csv
File time    : 2026-09-30 17:31:54.310006
File size    : 8317 bytes
STATUS       : ALREADY PROCESSED

Checking file: 2025-09-01/orders.csv
File time    : 2026-09-30 17:31:54.310006
File size    : 6588 bytes
STATUS       : ALREADY PROCESSED

Checking file: 2025-09-02/orders.csv
File time    : 2026-09-30 17:31:54.314980
File size    : 7050 bytes
STATUS       : ALREADY PROCESSED

Checking file: 2025-09-03/orders.csv
File time    : 2026-09-30 17:31:54.317977
File size    : 7729 bytes
STATUS       : ALREADY PROCESSED

Checking file: 2025-09-04/orders.csv
File time    : 2026-09-30 17:31:54.318972
File size    : 8083 bytes
STATUS       : ALREADY PROCESSED

Checking file: 2025-09-05/orders.csv
File time    : 2026-09-30 17:31:54.322794
File size    : 8035 bytes
STATUS       : ALREADY PROCESSED

Checking file: 2025-09-06/orders.csv
File time    : 2026-09-30 17:31:54.326950
File size    : 6349 bytes
STATUS       : ALREADY PROCESSED

Checking file: 2025-09-07/orders.csv
File time    : 2026-09-30 17:31:54.330795
File size    : 7291 bytes
STATUS       : ALREADY PROCESSED

Checking file: 2025-09-08/orders.csv
File time    : 2026-09-30 17:31:54.333790
File size    : 6907 bytes
STATUS       : ALREADY PROCESSED

Checking file: 2025-09-09/orders.csv
File time    : 2026-09-30 17:31:54.334780
File size    : 6455 bytes
STATUS       : ALREADY PROCESSED

Checking file: 2025-09-10/orders.csv
File time    : 2026-09-30 17:31:54.339031
File size    : 7467 bytes
STATUS       : ALREADY PROCESSED

Checking file: 2025-09-11/orders.csv
File time    : 2026-09-30 17:31:54.343219
File size    : 6521 bytes
STATUS       : ALREADY PROCESSED

Checking file: 2025-09-12/orders.csv
File time    : 2026-09-30 17:31:54.345383
File size    : 8194 bytes
STATUS       : ALREADY PROCESSED

Checking file: 2025-09-13/orders.csv
File time    : 2026-09-30 17:31:54.348704
File size    : 7415 bytes
STATUS       : ALREADY PROCESSED

Checking file: 2025-09-14/orders.csv
File time    : 2026-09-30 17:31:54.351705
File size    : 8404 bytes
STATUS       : ALREADY PROCESSED

Checking file: 2025-09-15/orders.csv
File time    : 2026-09-30 17:31:54.352691
File size    : 5690 bytes
STATUS       : ALREADY PROCESSED

Checking file: 2025-09-16/orders.csv
File time    : 2026-09-30 17:31:54.352691
File size    : 7423 bytes
STATUS       : ALREADY PROCESSED

Checking file: 2025-09-17/orders.csv
File time    : 2026-09-30 17:31:54.358167
File size    : 6341 bytes
STATUS       : ALREADY PROCESSED

Checking file: 2025-09-18/orders.csv
File time    : 2026-09-30 17:31:54.361384
File size    : 6642 bytes
STATUS       : ALREADY PROCESSED

Checking file: 2025-09-19/orders.csv
File time    : 2026-09-30 17:31:54.363400
File size    : 6740 bytes
STATUS       : ALREADY PROCESSED

Checking file: 2025-09-20/orders.csv
File time    : 2026-09-30 17:31:54.366448
File size    : 8916 bytes
STATUS       : ALREADY PROCESSED

Checking file: 2025-09-21/orders.csv
File time    : 2026-09-30 17:31:54.366448
File size    : 6910 bytes
STATUS       : ALREADY PROCESSED

Checking file: 2025-09-22/orders.csv
File time    : 2026-09-30 17:31:54.370726
File size    : 7424 bytes
STATUS       : ALREADY PROCESSED

Checking file: 2025-09-23/orders.csv
File time    : 2026-09-30 17:31:54.372707
File size    : 8026 bytes
STATUS       : ALREADY PROCESSED

Checking file: 2025-09-24/orders.csv
File time    : 2026-09-30 17:31:54.375315
File size    : 7076 bytes
STATUS       : ALREADY PROCESSED

Checking file: 2025-09-25/orders.csv
File time    : 2026-09-30 17:31:54.378671
File size    : 6674 bytes
STATUS       : ALREADY PROCESSED

Checking file: 2025-09-26/orders.csv
File time    : 2026-09-30 17:31:54.380669
File size    : 8024 bytes
STATUS       : ALREADY PROCESSED

Checking file: 2025-09-27/orders.csv
File time    : 2026-09-30 17:31:54.382652
File size    : 6433 bytes
STATUS       : ALREADY PROCESSED

Checking file: 2025-09-28/orders.csv
File time    : 2026-09-30 17:31:54.382652
File size    : 7109 bytes
STATUS       : ALREADY PROCESSED

Checking file: 2025-09-29/orders.csv
File time    : 2026-09-30 17:31:54.386813
File size    : 7182 bytes
STATUS       : ALREADY PROCESSED

Checking file: 2025-09-30/orders.csv
File time    : 2026-09-30 17:31:54.387791
File size    : 6427 bytes
STATUS       : ALREADY PROCESSED

Checking file: 2025-10-01/orders.csv
File time    : 2026-09-30 17:31:54.390751
File size    : 7810 bytes
STATUS       : ALREADY PROCESSED

Checking file: 2025-10-02/orders.csv
File time    : 2026-09-30 17:31:54.390751
File size    : 6450 bytes
STATUS       : ALREADY PROCESSED

Checking file: 2025-10-03/orders.csv
File time    : 2026-09-30 17:31:54.397168
File size    : 8340 bytes
STATUS       : ALREADY PROCESSED

Checking file: 2025-10-04/orders.csv
File time    : 2026-09-30 17:31:54.399176
File size    : 6350 bytes
STATUS       : ALREADY PROCESSED

Checking file: 2025-10-05/orders.csv
File time    : 2026-09-30 17:31:54.400148
File size    : 7761 bytes
STATUS       : ALREADY PROCESSED

Checking file: 2025-10-06/orders.csv
File time    : 2026-09-30 17:31:54.401155
File size    : 6384 bytes
STATUS       : ALREADY PROCESSED

Checking file: 2025-10-07/orders.csv
File time    : 2026-09-30 17:31:54.404384
File size    : 7861 bytes
STATUS       : ALREADY PROCESSED

Checking file: 2025-10-08/orders.csv
File time    : 2026-09-30 17:31:54.407397
File size    : 8059 bytes
STATUS       : ALREADY PROCESSED

Checking file: 2025-10-09/orders.csv
File time    : 2026-09-30 17:31:54.409900
File size    : 4542 bytes
STATUS       : ALREADY PROCESSED

Checking file: 2025-10-10/orders.csv
File time    : 2026-09-30 17:31:54.412643
File size    : 7004 bytes
STATUS       : ALREADY PROCESSED

Checking file: 2025-10-11/orders.csv
File time    : 2026-09-30 17:31:54.414653
File size    : 6893 bytes
STATUS       : ALREADY PROCESSED

Checking file: 2025-10-12/orders.csv
File time    : 2026-09-30 17:31:54.416654
File size    : 6532 bytes
STATUS       : ALREADY PROCESSED

Checking file: 2025-10-13/orders.csv
File time    : 2026-09-30 17:31:54.417651
File size    : 6988 bytes
STATUS       : ALREADY PROCESSED

Checking file: 2025-10-14/orders.csv
File time    : 2026-09-30 17:31:54.421364
File size    : 7031 bytes
STATUS       : ALREADY PROCESSED

Checking file: 2025-10-15/orders.csv
File time    : 2026-09-30 17:31:54.424376
File size    : 7978 bytes
STATUS       : ALREADY PROCESSED

Checking file: 2025-10-16/orders.csv
File time    : 2026-09-30 17:31:54.426489
File size    : 8243 bytes
STATUS       : ALREADY PROCESSED

Checking file: 2025-10-17/orders.csv
File time    : 2026-09-30 17:31:54.430330
File size    : 5739 bytes
STATUS       : ALREADY PROCESSED

Checking file: 2025-10-18/orders.csv
File time    : 2026-09-30 17:31:54.431312
File size    : 6282 bytes
STATUS       : ALREADY PROCESSED

Checking file: 2025-10-19/orders.csv
File time    : 2026-09-30 17:31:54.433310
File size    : 7040 bytes
STATUS       : ALREADY PROCESSED

Checking file: 2025-10-20/orders.csv
File time    : 2026-09-30 17:31:54.434316
File size    : 8148 bytes
STATUS       : ALREADY PROCESSED

Checking file: 2025-10-21/orders.csv
File time    : 2026-09-30 17:31:54.437517
File size    : 5051 bytes
STATUS       : ALREADY PROCESSED

Checking file: 2025-10-22/orders.csv
File time    : 2026-09-30 17:31:54.440530
File size    : 7452 bytes
STATUS       : ALREADY PROCESSED

Checking file: 2025-10-23/orders.csv
File time    : 2026-09-30 17:31:54.443209
File size    : 7707 bytes
STATUS       : ALREADY PROCESSED

Checking file: 2025-10-24/orders.csv
File time    : 2026-09-30 17:31:54.446901
File size    : 8790 bytes
STATUS       : ALREADY PROCESSED

Checking file: 2025-10-25/orders.csv
File time    : 2026-09-30 17:31:54.448926
File size    : 7300 bytes
STATUS       : ALREADY PROCESSED

Checking file: 2025-10-26/orders.csv
File time    : 2026-09-30 17:31:54.450902
File size    : 7407 bytes
STATUS       : ALREADY PROCESSED

Checking file: 2025-10-27/orders.csv
File time    : 2026-09-30 17:31:54.450902
File size    : 6416 bytes
STATUS       : ALREADY PROCESSED

Checking file: 2025-10-28/orders.csv
File time    : 2026-09-30 17:31:54.454672
File size    : 6091 bytes
STATUS       : ALREADY PROCESSED

Checking file: 2025-10-29/orders.csv
File time    : 2026-09-30 17:31:54.457640
File size    : 6498 bytes
STATUS       : ALREADY PROCESSED

Checking file: 2025-10-30/orders.csv
File time    : 2026-09-30 17:31:54.459721
File size    : 6523 bytes
STATUS       : ALREADY PROCESSED

Checking file: 2025-10-31/orders.csv
File time    : 2026-09-30 17:31:54.462692
File size    : 5709 bytes
STATUS       : ALREADY PROCESSED

Checking file: 2025-11-01/orders.csv
File time    : 2026-09-30 17:31:54.465701
File size    : 6631 bytes
STATUS       : ALREADY PROCESSED

Checking file: 2025-11-02/orders.csv
File time    : 2026-09-30 17:31:54.466701
File size    : 7474 bytes
STATUS       : ALREADY PROCESSED

Checking file: 2025-11-03/orders.csv
File time    : 2026-09-30 17:31:54.467706
File size    : 7476 bytes
STATUS       : ALREADY PROCESSED

Checking file: 2025-11-04/orders.csv
File time    : 2026-09-30 17:31:54.470458
File size    : 5511 bytes
STATUS       : ALREADY PROCESSED

Checking file: 2025-11-05/orders.csv
File time    : 2026-09-30 17:31:54.473472
File size    : 7871 bytes
STATUS       : ALREADY PROCESSED

Checking file: 2025-11-06/orders.csv
File time    : 2026-09-30 17:31:54.476194
File size    : 7078 bytes
STATUS       : ALREADY PROCESSED

Checking file: 2025-11-07/orders.csv
File time    : 2026-09-30 17:31:54.479416
File size    : 6664 bytes
STATUS       : ALREADY PROCESSED

Checking file: 2025-11-08/orders.csv
File time    : 2026-09-30 17:31:54.480402
File size    : 6803 bytes
STATUS       : ALREADY PROCESSED

Checking file: 2025-11-09/orders.csv
File time    : 2026-09-30 17:31:54.483398
File size    : 6578 bytes
STATUS       : ALREADY PROCESSED

Checking file: 2025-11-10/orders.csv
File time    : 2026-09-30 17:31:54.485579
File size    : 7385 bytes
STATUS       : ALREADY PROCESSED

Checking file: 2025-11-11/orders.csv
File time    : 2026-09-30 17:31:54.488661
File size    : 7178 bytes
STATUS       : ALREADY PROCESSED

Checking file: 2025-11-12/orders.csv
File time    : 2026-09-30 17:31:54.491563
File size    : 7066 bytes
STATUS       : ALREADY PROCESSED

Checking file: 2025-11-13/orders.csv
File time    : 2026-09-30 17:31:54.495274
File size    : 6885 bytes
STATUS       : ALREADY PROCESSED

Checking file: 2025-11-14/orders.csv
File time    : 2026-09-30 17:31:54.497289
File size    : 7421 bytes
STATUS       : ALREADY PROCESSED

Checking file: 2025-11-15/orders.csv
File time    : 2026-09-30 17:31:54.499282
File size    : 7590 bytes
STATUS       : ALREADY PROCESSED

Checking file: 2025-11-16/orders.csv
File time    : 2026-09-30 17:31:54.500302
File size    : 5995 bytes
STATUS       : ALREADY PROCESSED

Checking file: 2025-11-17/orders.csv
File time    : 2026-09-30 17:31:54.503820
File size    : 5672 bytes
STATUS       : ALREADY PROCESSED

Checking file: 2025-11-18/orders.csv
File time    : 2026-09-30 17:31:54.505831
File size    : 7045 bytes
STATUS       : ALREADY PROCESSED

Checking file: 2025-11-19/orders.csv
File time    : 2026-09-30 17:31:54.509578
File size    : 6629 bytes
STATUS       : ALREADY PROCESSED

Checking file: 2025-11-20/orders.csv
File time    : 2026-09-30 17:31:54.514077
File size    : 7328 bytes
STATUS       : ALREADY PROCESSED

Checking file: 2025-11-21/orders.csv
File time    : 2026-09-30 17:31:54.516077
File size    : 6595 bytes
STATUS       : ALREADY PROCESSED

Checking file: 2025-11-22/orders.csv
File time    : 2026-09-30 17:31:54.518077
File size    : 6799 bytes
STATUS       : ALREADY PROCESSED

Checking file: 2025-11-23/orders.csv
File time    : 2026-09-30 17:31:54.521972
File size    : 5935 bytes
STATUS       : ALREADY PROCESSED

Checking file: 2025-11-24/orders.csv
File time    : 2026-09-30 17:31:54.526735
File size    : 7018 bytes
STATUS       : ALREADY PROCESSED

Checking file: 2025-11-25/orders.csv
File time    : 2026-09-30 17:31:54.531166
File size    : 6443 bytes
STATUS       : ALREADY PROCESSED

Checking file: 2025-11-26/orders.csv
File time    : 2026-09-30 17:31:54.533159
File size    : 6655 bytes
STATUS       : ALREADY PROCESSED

Checking file: 2025-11-27/orders.csv
File time    : 2026-09-30 17:31:54.534144
File size    : 5705 bytes
STATUS       : ALREADY PROCESSED

Checking file: 2025-11-28/orders.csv
File time    : 2026-09-30 17:31:54.539327
File size    : 6892 bytes
STATUS       : ALREADY PROCESSED

Checking file: 2025-11-29/orders.csv
File time    : 2026-09-30 17:31:54.543114
File size    : 7539 bytes
STATUS       : ALREADY PROCESSED

Checking file: 2025-11-30/orders.csv
File time    : 2026-09-30 17:31:54.544113
File size    : 7507 bytes
STATUS       : ALREADY PROCESSED

Checking file: 2025-12-01/orders.csv
File time    : 2026-09-30 17:31:54.548756
File size    : 7317 bytes
STATUS       : ALREADY PROCESSED

Checking file: 2025-12-02/orders.csv
File time    : 2026-09-30 17:31:54.550758
File size    : 7370 bytes
STATUS       : ALREADY PROCESSED

Checking file: 2025-12-03/orders.csv
File time    : 2026-09-30 17:31:54.552758
File size    : 7426 bytes
STATUS       : ALREADY PROCESSED

Checking file: 2025-12-04/orders.csv
File time    : 2026-09-30 17:31:54.555501
File size    : 7200 bytes
STATUS       : ALREADY PROCESSED

Checking file: 2025-12-05/orders.csv
File time    : 2026-09-30 17:31:54.559802
File size    : 6156 bytes
STATUS       : ALREADY PROCESSED

Checking file: 2025-12-06/orders.csv
File time    : 2026-09-30 17:31:54.563396
File size    : 8140 bytes
STATUS       : ALREADY PROCESSED

Checking file: 2025-12-07/orders.csv
File time    : 2026-09-30 17:31:54.565398
File size    : 7160 bytes
STATUS       : ALREADY PROCESSED

Checking file: 2025-12-08/orders.csv
File time    : 2026-09-30 17:31:54.566400
File size    : 7442 bytes
STATUS       : ALREADY PROCESSED

Checking file: 2025-12-09/orders.csv
File time    : 2026-09-30 17:31:54.566400
File size    : 7157 bytes
STATUS       : ALREADY PROCESSED

Checking file: 2025-12-10/orders.csv
File time    : 2026-09-30 17:31:54.572490
File size    : 8157 bytes
STATUS       : ALREADY PROCESSED

Checking file: 2025-12-11/orders.csv
File time    : 2026-09-30 17:31:54.576737
File size    : 7841 bytes
STATUS       : ALREADY PROCESSED

Checking file: 2025-12-12/orders.csv
File time    : 2026-09-30 17:31:54.579384
File size    : 7188 bytes
STATUS       : ALREADY PROCESSED

Checking file: 2025-12-13/orders.csv
File time    : 2026-09-30 17:31:54.581389
File size    : 6974 bytes
STATUS       : ALREADY PROCESSED

Checking file: 2025-12-14/orders.csv
File time    : 2026-09-30 17:31:54.583391
File size    : 5800 bytes
STATUS       : ALREADY PROCESSED

Checking file: 2025-12-15/orders.csv
File time    : 2026-09-30 17:31:54.583391
File size    : 5915 bytes
STATUS       : ALREADY PROCESSED

Checking file: 2025-12-16/orders.csv
File time    : 2026-09-30 17:31:54.588839
File size    : 6981 bytes
STATUS       : ALREADY PROCESSED

Checking file: 2025-12-17/orders.csv
File time    : 2026-09-30 17:31:54.592928
File size    : 5797 bytes
STATUS       : ALREADY PROCESSED

Checking file: 2025-12-18/orders.csv
File time    : 2026-09-30 17:31:54.597843
File size    : 8506 bytes
STATUS       : ALREADY PROCESSED

Checking file: 2025-12-19/orders.csv
File time    : 2026-09-30 17:31:54.599861
File size    : 6613 bytes
STATUS       : ALREADY PROCESSED

Checking file: 2025-12-20/orders.csv
File time    : 2026-09-30 17:31:54.600839
File size    : 6785 bytes
STATUS       : ALREADY PROCESSED

Checking file: 2025-12-21/orders.csv
File time    : 2026-09-30 17:31:54.605531
File size    : 6080 bytes
STATUS       : ALREADY PROCESSED

Checking file: 2025-12-22/orders.csv
File time    : 2026-09-30 17:31:54.610380
File size    : 8060 bytes
STATUS       : ALREADY PROCESSED

Checking file: 2025-12-23/orders.csv
File time    : 2026-09-30 17:31:54.613575
File size    : 7626 bytes
STATUS       : ALREADY PROCESSED

Checking file: 2025-12-24/orders.csv
File time    : 2026-09-30 17:31:54.616575
File size    : 7705 bytes
STATUS       : ALREADY PROCESSED

Checking file: 2025-12-25/orders.csv
File time    : 2026-09-30 17:31:54.617569
File size    : 5973 bytes
STATUS       : ALREADY PROCESSED

Checking file: 2025-12-26/orders.csv
File time    : 2026-09-30 17:31:54.621377
File size    : 7364 bytes
STATUS       : ALREADY PROCESSED

Checking file: 2025-12-27/orders.csv
File time    : 2026-09-30 17:31:54.624359
File size    : 6043 bytes
STATUS       : ALREADY PROCESSED

Checking file: 2025-12-28/orders.csv
File time    : 2026-09-30 17:31:54.629266
File size    : 6384 bytes
STATUS       : ALREADY PROCESSED

Checking file: 2025-12-29/orders.csv
File time    : 2026-09-30 17:31:54.631264
File size    : 8122 bytes
STATUS       : ALREADY PROCESSED

Checking file: 2025-12-30/orders.csv
File time    : 2026-09-30 17:31:54.633263
File size    : 6103 bytes
STATUS       : ALREADY PROCESSED

Checking file: 2025-12-31/orders.csv
File time    : 2026-09-30 17:31:54.637391
File size    : 7703 bytes
STATUS       : ALREADY PROCESSED

Checking file: 2026-01-01/orders.csv
File time    : 2026-09-30 17:31:54.640374
File size    : 6449 bytes
STATUS       : ALREADY PROCESSED

Checking file: 2026-01-02/orders.csv
File time    : 2026-09-30 17:31:54.644690
File size    : 7243 bytes
STATUS       : ALREADY PROCESSED

Checking file: 2026-01-03/orders.csv
File time    : 2026-09-30 17:31:54.646702
File size    : 6093 bytes
STATUS       : ALREADY PROCESSED

Checking file: 2026-01-04/orders.csv
File time    : 2026-09-30 17:31:54.649700
File size    : 6191 bytes
STATUS       : ALREADY PROCESSED

Checking file: 2026-01-05/orders.csv
File time    : 2026-09-30 17:31:54.652163
File size    : 7793 bytes
STATUS       : ALREADY PROCESSED

Checking file: 2026-01-06/orders.csv
File time    : 2026-09-30 17:31:54.655162
File size    : 7488 bytes
STATUS       : ALREADY PROCESSED

Checking file: 2026-01-07/orders.csv
File time    : 2026-09-30 17:31:54.657514
File size    : 7167 bytes
STATUS       : ALREADY PROCESSED

Checking file: 2026-01-08/orders.csv
File time    : 2026-09-30 17:31:54.663306
File size    : 6819 bytes
STATUS       : ALREADY PROCESSED

Checking file: 2026-01-09/orders.csv
File time    : 2026-09-30 17:31:54.666309
File size    : 7019 bytes
STATUS       : ALREADY PROCESSED

Checking file: 2026-01-10/orders.csv
File time    : 2026-09-30 17:31:54.667308
File size    : 7415 bytes
STATUS       : ALREADY PROCESSED

Checking file: 2026-01-11/orders.csv
File time    : 2026-09-30 17:31:54.671568
File size    : 7876 bytes
STATUS       : ALREADY PROCESSED

Checking file: 2026-01-12/orders.csv
File time    : 2026-09-30 17:31:54.674348
File size    : 6346 bytes
STATUS       : ALREADY PROCESSED

Checking file: 2026-01-13/orders.csv
File time    : 2026-09-30 17:31:54.678603
File size    : 6828 bytes
STATUS       : ALREADY PROCESSED

Checking file: 2026-01-14/orders.csv
File time    : 2026-09-30 17:31:54.680600
File size    : 6360 bytes
STATUS       : ALREADY PROCESSED

Checking file: 2026-01-15/orders.csv
File time    : 2026-09-30 17:31:54.682603
File size    : 6931 bytes
STATUS       : ALREADY PROCESSED

Checking file: 2026-01-16/orders.csv
File time    : 2026-09-30 17:31:54.682603
File size    : 6373 bytes
STATUS       : ALREADY PROCESSED

Checking file: 2026-01-17/orders.csv
File time    : 2026-09-30 17:31:54.688772
File size    : 8207 bytes
STATUS       : ALREADY PROCESSED

Checking file: 2026-01-18/orders.csv
File time    : 2026-09-30 17:31:54.693213
File size    : 8203 bytes
STATUS       : ALREADY PROCESSED

Checking file: 2026-01-19/orders.csv
File time    : 2026-09-30 17:31:54.697465
File size    : 7770 bytes
STATUS       : ALREADY PROCESSED

Checking file: 2026-01-20/orders.csv
File time    : 2026-09-30 17:31:54.699452
File size    : 7731 bytes
STATUS       : ALREADY PROCESSED

Checking file: 2026-01-21/orders.csv
File time    : 2026-09-30 17:31:54.700454
File size    : 7373 bytes
STATUS       : ALREADY PROCESSED

Checking file: 2026-01-22/orders.csv
File time    : 2026-09-30 17:31:54.704988
File size    : 7350 bytes
STATUS       : ALREADY PROCESSED

Checking file: 2026-01-23/orders.csv
File time    : 2026-09-30 17:31:54.708765
File size    : 7524 bytes
STATUS       : ALREADY PROCESSED

Checking file: 2026-01-24/orders.csv
File time    : 2026-09-30 17:31:54.709749
File size    : 8109 bytes
STATUS       : ALREADY PROCESSED

Checking file: 2026-01-25/orders.csv
File time    : 2026-09-30 17:31:54.714664
File size    : 8184 bytes
STATUS       : ALREADY PROCESSED

Checking file: 2026-01-26/orders.csv
File time    : 2026-09-30 17:31:54.717657
File size    : 6359 bytes
STATUS       : ALREADY PROCESSED

Checking file: 2026-01-27/orders.csv
File time    : 2026-09-30 17:31:54.718657
File size    : 6829 bytes
STATUS       : ALREADY PROCESSED

Checking file: 2026-01-28/orders.csv
File time    : 2026-09-30 17:31:54.724128
File size    : 7095 bytes
STATUS       : ALREADY PROCESSED

Checking file: 2026-01-29/orders.csv
File time    : 2026-09-30 17:31:54.729795
File size    : 8035 bytes
STATUS       : ALREADY PROCESSED

Checking file: 2026-01-30/orders.csv
File time    : 2026-09-30 17:31:54.732634
File size    : 6610 bytes
STATUS       : ALREADY PROCESSED

Checking file: 2026-01-31/orders.csv
File time    : 2026-09-30 17:31:54.735667
File size    : 6886 bytes
STATUS       : ALREADY PROCESSED

Checking file: 2026-02-01/orders.csv
File time    : 2026-09-30 17:31:54.738699
File size    : 6700 bytes
STATUS       : ALREADY PROCESSED

Checking file: 2026-02-02/orders.csv
File time    : 2026-09-30 17:31:54.743162
File size    : 8914 bytes
STATUS       : ALREADY PROCESSED

Checking file: 2026-02-03/orders.csv
File time    : 2026-09-30 17:31:54.746173
File size    : 7539 bytes
STATUS       : ALREADY PROCESSED

Checking file: 2026-02-04/orders.csv
File time    : 2026-09-30 17:31:54.746173
File size    : 6899 bytes
STATUS       : ALREADY PROCESSED

Checking file: 2026-02-05/orders.csv
File time    : 2026-09-30 17:31:54.752661
File size    : 7291 bytes
STATUS       : ALREADY PROCESSED

Checking file: 2026-02-06/orders.csv
File time    : 2026-09-30 17:31:54.755638
File size    : 6531 bytes
STATUS       : ALREADY PROCESSED

Checking file: 2026-02-07/orders.csv
File time    : 2026-09-30 17:31:54.759774
File size    : 9200 bytes
STATUS       : ALREADY PROCESSED

Checking file: 2026-02-08/orders.csv
File time    : 2026-09-30 17:31:54.763386
File size    : 6196 bytes
STATUS       : ALREADY PROCESSED

Checking file: 2026-02-09/orders.csv
File time    : 2026-09-30 17:31:54.766406
File size    : 7282 bytes
STATUS       : ALREADY PROCESSED

Checking file: 2026-02-10/orders.csv
File time    : 2026-09-30 17:31:54.767387
File size    : 7363 bytes
STATUS       : ALREADY PROCESSED

Checking file: 2026-02-11/orders.csv
File time    : 2026-09-30 17:31:54.772197
File size    : 6802 bytes
STATUS       : ALREADY PROCESSED

Checking file: 2026-02-12/orders.csv
File time    : 2026-09-30 17:31:54.776955
File size    : 6786 bytes
STATUS       : ALREADY PROCESSED

Checking file: 2026-02-13/orders.csv
File time    : 2026-09-30 17:31:54.779525
File size    : 7266 bytes
STATUS       : ALREADY PROCESSED

Checking file: 2026-02-14/orders.csv
File time    : 2026-09-30 17:31:54.781530
File size    : 7687 bytes
STATUS       : ALREADY PROCESSED

Checking file: 2026-02-15/orders.csv
File time    : 2026-09-30 17:31:54.783523
File size    : 8325 bytes
STATUS       : ALREADY PROCESSED

Checking file: 2026-02-16/orders.csv
File time    : 2026-09-30 17:31:54.787030
File size    : 6397 bytes
STATUS       : ALREADY PROCESSED

Checking file: 2026-02-17/orders.csv
File time    : 2026-09-30 17:31:54.789011
File size    : 6255 bytes
STATUS       : ALREADY PROCESSED

Checking file: 2026-02-18/orders.csv
File time    : 2026-09-30 17:31:54.793378
File size    : 8158 bytes
STATUS       : ALREADY PROCESSED

Checking file: 2026-02-19/orders.csv
File time    : 2026-09-30 17:31:54.796382
File size    : 6996 bytes
STATUS       : ALREADY PROCESSED

Checking file: 2026-02-20/orders.csv
File time    : 2026-09-30 17:31:54.800547
File size    : 6832 bytes
STATUS       : ALREADY PROCESSED

Checking file: 2026-02-21/orders.csv
File time    : 2026-09-30 17:31:54.805299
File size    : 6810 bytes
STATUS       : ALREADY PROCESSED

Checking file: 2026-02-22/orders.csv
File time    : 2026-09-30 17:31:54.809922
File size    : 6754 bytes
STATUS       : ALREADY PROCESSED

Checking file: 2026-02-23/orders.csv
File time    : 2026-09-30 17:31:54.812004
File size    : 7223 bytes
STATUS       : ALREADY PROCESSED

Checking file: 2026-02-24/orders.csv
File time    : 2026-09-30 17:31:54.814727
File size    : 6992 bytes
STATUS       : ALREADY PROCESSED

Checking file: 2026-02-25/orders.csv
File time    : 2026-09-30 17:31:54.814727
File size    : 5736 bytes
STATUS       : ALREADY PROCESSED

Checking file: 2026-02-26/orders.csv
File time    : 2026-09-30 17:31:54.826473
File size    : 7553 bytes
STATUS       : ALREADY PROCESSED

Checking file: 2026-02-27/orders.csv
File time    : 2026-09-30 17:31:54.830462
File size    : 6618 bytes
STATUS       : ALREADY PROCESSED

Checking file: 2026-02-28/orders.csv
File time    : 2026-09-30 17:31:54.830462
File size    : 6634 bytes
STATUS       : ALREADY PROCESSED

Checking file: 2026-03-01/orders.csv
File time    : 2026-09-30 17:31:54.838157
File size    : 7296 bytes
STATUS       : ALREADY PROCESSED

Checking file: 2026-03-02/orders.csv
File time    : 2026-09-30 17:31:54.841124
File size    : 7037 bytes
STATUS       : ALREADY PROCESSED

Checking file: 2026-03-03/orders.csv
File time    : 2026-09-30 17:31:54.842202
File size    : 8172 bytes
STATUS       : ALREADY PROCESSED

Checking file: 2026-03-04/orders.csv
File time    : 2026-09-30 17:31:54.848023
File size    : 7129 bytes
STATUS       : ALREADY PROCESSED

Checking file: 2026-03-05/orders.csv
File time    : 2026-09-30 17:31:54.851022
File size    : 7655 bytes
STATUS       : ALREADY PROCESSED

Checking file: 2026-03-06/orders.csv
File time    : 2026-09-30 17:31:54.852019
File size    : 6877 bytes
STATUS       : ALREADY PROCESSED

Checking file: 2026-03-07/orders.csv
File time    : 2026-09-30 17:31:54.857281
File size    : 7093 bytes
STATUS       : ALREADY PROCESSED

Checking file: 2026-03-08/orders.csv
File time    : 2026-09-30 17:31:54.861078
File size    : 7739 bytes
STATUS       : ALREADY PROCESSED

Checking file: 2026-03-09/orders.csv
File time    : 2026-09-30 17:31:54.863073
File size    : 6819 bytes
STATUS       : ALREADY PROCESSED

Checking file: 2026-03-10/orders.csv
File time    : 2026-09-30 17:31:54.867138
File size    : 6681 bytes
STATUS       : ALREADY PROCESSED

Checking file: 2026-03-11/orders.csv
File time    : 2026-09-30 17:31:54.870112
File size    : 6916 bytes
STATUS       : ALREADY PROCESSED

Checking file: 2026-03-12/orders.csv
File time    : 2026-09-30 17:31:54.872651
File size    : 6283 bytes
STATUS       : ALREADY PROCESSED

Checking file: 2026-03-13/orders.csv
File time    : 2026-09-30 17:31:54.877470
File size    : 7318 bytes
STATUS       : ALREADY PROCESSED

Checking file: 2026-03-14/orders.csv
File time    : 2026-09-30 17:31:54.879473
File size    : 8898 bytes
STATUS       : ALREADY PROCESSED

Checking file: 2026-03-15/orders.csv
File time    : 2026-09-30 17:31:54.883027
File size    : 6976 bytes
STATUS       : ALREADY PROCESSED

Checking file: 2026-03-16/orders.csv
File time    : 2026-09-30 17:31:54.886013
File size    : 7143 bytes
STATUS       : ALREADY PROCESSED

Checking file: 2026-03-17/orders.csv
File time    : 2026-09-30 17:31:54.888564
File size    : 7084 bytes
STATUS       : ALREADY PROCESSED

Checking file: 2026-03-18/orders.csv
File time    : 2026-09-30 17:31:54.892420
File size    : 8463 bytes
STATUS       : ALREADY PROCESSED

Checking file: 2026-03-19/orders.csv
File time    : 2026-09-30 17:31:54.895873
File size    : 6100 bytes
STATUS       : ALREADY PROCESSED

Checking file: 2026-03-20/orders.csv
File time    : 2026-09-30 17:31:54.897638
File size    : 7947 bytes
STATUS       : ALREADY PROCESSED

Checking file: 2026-03-21/orders.csv
File time    : 2026-09-30 17:31:54.902196
File size    : 6776 bytes
STATUS       : ALREADY PROCESSED

Checking file: 2026-03-22/orders.csv
File time    : 2026-09-30 17:31:54.904827
File size    : 7141 bytes
STATUS       : ALREADY PROCESSED

Checking file: 2026-03-23/orders.csv
File time    : 2026-09-30 17:31:54.908907
File size    : 7536 bytes
STATUS       : ALREADY PROCESSED

Checking file: 2026-03-24/orders.csv
File time    : 2026-09-30 17:31:54.913092
File size    : 6298 bytes
STATUS       : ALREADY PROCESSED

Checking file: 2026-03-25/orders.csv
File time    : 2026-09-30 17:31:54.915664
File size    : 6525 bytes
STATUS       : ALREADY PROCESSED

Checking file: 2026-03-26/orders.csv
File time    : 2026-09-30 17:31:54.918681
File size    : 6959 bytes
STATUS       : ALREADY PROCESSED

Checking file: 2026-03-27/orders.csv
File time    : 2026-09-30 17:31:54.921859
File size    : 6596 bytes
STATUS       : ALREADY PROCESSED

Checking file: 2026-03-28/orders.csv
File time    : 2026-09-30 17:31:54.924376
File size    : 7747 bytes
STATUS       : ALREADY PROCESSED

Checking file: 2026-03-29/orders.csv
File time    : 2026-09-30 17:31:54.927895
File size    : 7799 bytes
STATUS       : ALREADY PROCESSED

Checking file: 2026-03-30/orders.csv
File time    : 2026-09-30 17:31:54.931912
File size    : 7110 bytes
STATUS       : ALREADY PROCESSED

Checking file: 2026-03-31/orders.csv
File time    : 2026-09-30 17:31:54.935944
File size    : 6629 bytes
STATUS       : ALREADY PROCESSED

Checking file: 2026-04-01/orders.csv
File time    : 2026-09-30 17:31:54.936954
File size    : 6614 bytes
STATUS       : ALREADY PROCESSED

Checking file: 2026-04-02/orders.csv
File time    : 2026-09-30 17:31:54.938956
File size    : 6282 bytes
STATUS       : ALREADY PROCESSED

Checking file: 2026-04-03/orders.csv
File time    : 2026-09-30 17:31:54.943624
File size    : 7354 bytes
STATUS       : ALREADY PROCESSED

Checking file: 2026-04-04/orders.csv
File time    : 2026-09-30 17:31:54.945638
File size    : 6300 bytes
STATUS       : ALREADY PROCESSED

Checking file: 2026-04-05/orders.csv
File time    : 2026-09-30 17:31:54.947634
File size    : 6572 bytes
STATUS       : ALREADY PROCESSED

Checking file: 2026-04-06/orders.csv
File time    : 2026-09-30 17:31:54.948636
File size    : 6468 bytes
STATUS       : ALREADY PROCESSED

Checking file: 2026-04-07/orders.csv
File time    : 2026-09-30 17:31:54.951600
File size    : 6039 bytes
STATUS       : ALREADY PROCESSED

Checking file: 2026-04-08/orders.csv
File time    : 2026-09-30 17:31:54.952591
File size    : 7993 bytes
STATUS       : ALREADY PROCESSED

Checking file: 2026-04-09/orders.csv
File time    : 2026-09-30 17:31:54.955589
File size    : 6014 bytes
STATUS       : ALREADY PROCESSED

Checking file: 2026-04-10/orders.csv
File time    : 2026-09-30 17:31:54.959280
File size    : 8622 bytes
STATUS       : ALREADY PROCESSED

Checking file: 2026-04-11/orders.csv
File time    : 2026-09-30 17:31:54.961286
File size    : 8566 bytes
STATUS       : ALREADY PROCESSED

Checking file: 2026-04-12/orders.csv
File time    : 2026-09-30 17:31:54.963268
File size    : 7419 bytes
STATUS       : ALREADY PROCESSED

Checking file: 2026-04-13/orders.csv
File time    : 2026-09-30 17:31:54.965301
File size    : 8033 bytes
STATUS       : ALREADY PROCESSED

Checking file: 2026-04-14/orders.csv
File time    : 2026-09-30 17:31:54.966725
File size    : 7509 bytes
STATUS       : ALREADY PROCESSED

Checking file: 2026-04-15/orders.csv
File time    : 2026-09-30 17:31:54.968734
File size    : 7250 bytes
STATUS       : ALREADY PROCESSED

Checking file: 2026-04-16/orders.csv
File time    : 2026-09-30 17:31:54.970754
File size    : 5881 bytes
STATUS       : ALREADY PROCESSED

Checking file: 2026-04-17/orders.csv
File time    : 2026-09-30 17:31:54.973623
File size    : 5838 bytes
STATUS       : ALREADY PROCESSED

Checking file: 2026-04-18/orders.csv
File time    : 2026-09-30 17:31:54.977196
File size    : 8617 bytes
STATUS       : ALREADY PROCESSED

Checking file: 2026-04-19/orders.csv
File time    : 2026-09-30 17:31:54.979178
File size    : 6708 bytes
STATUS       : ALREADY PROCESSED

Checking file: 2026-04-20/orders.csv
File time    : 2026-09-30 17:31:54.981847
File size    : 7290 bytes
STATUS       : ALREADY PROCESSED

Checking file: 2026-04-21/orders.csv
File time    : 2026-09-30 17:31:54.983842
File size    : 6435 bytes
STATUS       : ALREADY PROCESSED

Checking file: 2026-04-22/orders.csv
File time    : 2026-09-30 17:31:54.985821
File size    : 7487 bytes
STATUS       : ALREADY PROCESSED

Checking file: 2026-04-23/orders.csv
File time    : 2026-09-30 17:31:54.985821
File size    : 6436 bytes
STATUS       : ALREADY PROCESSED

Checking file: 2026-04-24/orders.csv
File time    : 2026-09-30 17:31:54.990346
File size    : 6267 bytes
STATUS       : ALREADY PROCESSED

Checking file: 2026-04-25/orders.csv
File time    : 2026-09-30 17:31:54.993783
File size    : 6983 bytes
STATUS       : ALREADY PROCESSED

Checking file: 2026-04-26/orders.csv
File time    : 2026-09-30 17:31:54.995765
File size    : 5997 bytes
STATUS       : ALREADY PROCESSED

Checking file: 2026-04-27/orders.csv
File time    : 2026-09-30 17:31:54.998270
File size    : 8547 bytes
STATUS       : ALREADY PROCESSED

Checking file: 2026-04-28/orders.csv
File time    : 2026-09-30 17:31:55.000272
File size    : 5730 bytes
STATUS       : ALREADY PROCESSED

Checking file: 2026-04-29/orders.csv
File time    : 2026-09-30 17:31:55.001266
File size    : 7099 bytes
STATUS       : ALREADY PROCESSED

Checking file: 2026-04-30/orders.csv
File time    : 2026-09-30 17:31:55.002253
File size    : 7820 bytes
STATUS       : ALREADY PROCESSED

Checking file: 2026-05-01/orders.csv
File time    : 2026-09-30 17:31:55.006161
File size    : 6830 bytes
STATUS       : ALREADY PROCESSED

Checking file: 2026-05-02/orders.csv
File time    : 2026-09-30 17:31:55.009272
File size    : 8317 bytes
STATUS       : ALREADY PROCESSED

Checking file: 2026-05-03/orders.csv
File time    : 2026-09-30 17:31:55.011253
File size    : 8032 bytes
STATUS       : ALREADY PROCESSED

Checking file: 2026-05-04/orders.csv
File time    : 2026-09-30 17:31:55.014355
File size    : 5968 bytes
STATUS       : ALREADY PROCESSED

Checking file: 2026-05-05/orders.csv
File time    : 2026-09-30 17:31:55.016357
File size    : 8231 bytes
STATUS       : ALREADY PROCESSED

Checking file: 2026-05-06/orders.csv
File time    : 2026-09-30 17:31:55.017331
File size    : 7409 bytes
STATUS       : ALREADY PROCESSED

Checking file: 2026-05-07/orders.csv
File time    : 2026-09-30 17:31:55.018333
File size    : 6962 bytes
STATUS       : ALREADY PROCESSED

Checking file: 2026-05-08/orders.csv
File time    : 2026-09-30 17:31:55.021508
File size    : 7356 bytes
STATUS       : ALREADY PROCESSED

Checking file: 2026-05-09/orders.csv
File time    : 2026-09-30 17:31:55.024155
File size    : 5229 bytes
STATUS       : ALREADY PROCESSED

Checking file: 2026-05-10/orders.csv
File time    : 2026-09-30 17:31:55.027205
File size    : 8783 bytes
STATUS       : ALREADY PROCESSED

Checking file: 2026-05-11/orders.csv
File time    : 2026-09-30 17:31:55.029506
File size    : 7960 bytes
STATUS       : ALREADY PROCESSED

Checking file: 2026-05-12/orders.csv
File time    : 2026-09-30 17:31:55.031559
File size    : 4947 bytes
STATUS       : ALREADY PROCESSED

Checking file: 2026-05-13/orders.csv
File time    : 2026-09-30 17:31:55.033516
File size    : 6332 bytes
STATUS       : ALREADY PROCESSED

Checking file: 2026-05-14/orders.csv
File time    : 2026-09-30 17:31:55.034519
File size    : 6425 bytes
STATUS       : ALREADY PROCESSED

Checking file: 2026-05-15/orders.csv
File time    : 2026-09-30 17:31:55.038793
File size    : 9306 bytes
STATUS       : ALREADY PROCESSED

Checking file: 2026-05-16/orders.csv
File time    : 2026-09-30 17:31:55.040840
File size    : 7313 bytes
STATUS       : ALREADY PROCESSED

Checking file: 2026-05-17/orders.csv
File time    : 2026-09-30 17:31:55.042931
File size    : 7658 bytes
STATUS       : ALREADY PROCESSED

Checking file: 2026-05-18/orders.csv
File time    : 2026-09-30 17:31:55.046413
File size    : 6687 bytes
STATUS       : ALREADY PROCESSED

Checking file: 2026-05-19/orders.csv
File time    : 2026-09-30 17:31:55.048462
File size    : 4942 bytes
STATUS       : ALREADY PROCESSED

Checking file: 2026-05-20/orders.csv
File time    : 2026-09-30 17:31:55.050424
File size    : 7085 bytes
STATUS       : ALREADY PROCESSED

Checking file: 2026-05-21/orders.csv
File time    : 2026-09-30 17:31:55.051423
File size    : 8012 bytes
STATUS       : ALREADY PROCESSED

Checking file: 2026-05-22/orders.csv
File time    : 2026-09-30 17:31:55.055045
File size    : 6313 bytes
STATUS       : ALREADY PROCESSED

Checking file: 2026-05-23/orders.csv
File time    : 2026-09-30 17:31:55.057662
File size    : 7351 bytes
STATUS       : ALREADY PROCESSED

Checking file: 2026-05-24/orders.csv
File time    : 2026-09-30 17:31:55.059745
File size    : 7356 bytes
STATUS       : ALREADY PROCESSED

Checking file: 2026-05-25/orders.csv
File time    : 2026-09-30 17:31:55.064342
File size    : 5722 bytes
STATUS       : ALREADY PROCESSED

Checking file: 2026-05-26/orders.csv
File time    : 2026-09-30 17:31:55.066353
File size    : 7132 bytes
STATUS       : ALREADY PROCESSED

Checking file: 2026-05-27/orders.csv
File time    : 2026-09-30 17:31:55.067292
File size    : 6519 bytes
STATUS       : ALREADY PROCESSED

Checking file: 2026-05-28/orders.csv
File time    : 2026-09-30 17:31:55.068261
File size    : 6911 bytes
STATUS       : ALREADY PROCESSED

Checking file: 2026-05-29/orders.csv
File time    : 2026-09-30 17:31:55.071237
File size    : 6177 bytes
STATUS       : ALREADY PROCESSED

Checking file: 2026-05-30/orders.csv
File time    : 2026-09-30 17:31:55.074930
File size    : 6976 bytes
STATUS       : ALREADY PROCESSED

Checking file: 2026-05-31/orders.csv
File time    : 2026-09-30 17:31:55.076831
File size    : 7066 bytes
STATUS       : ALREADY PROCESSED

Checking file: 2026-06-01/orders.csv
File time    : 2026-09-30 17:31:55.079411
File size    : 7287 bytes
STATUS       : ALREADY PROCESSED

Checking file: 2026-06-02/orders.csv
File time    : 2026-09-30 17:31:55.082507
File size    : 6055 bytes
STATUS       : ALREADY PROCESSED

Checking file: 2026-06-03/orders.csv
File time    : 2026-09-30 17:31:55.083447
File size    : 5845 bytes
STATUS       : ALREADY PROCESSED

Checking file: 2026-06-04/orders.csv
File time    : 2026-09-30 17:31:55.084510
File size    : 6998 bytes
STATUS       : ALREADY PROCESSED

Checking file: 2026-06-05/orders.csv
File time    : 2026-09-30 17:31:55.089181
File size    : 8509 bytes
STATUS       : ALREADY PROCESSED

Checking file: 2026-06-06/orders.csv
File time    : 2026-09-30 17:31:55.092728
File size    : 7267 bytes
STATUS       : ALREADY PROCESSED

Checking file: 2026-06-07/orders.csv
File time    : 2026-09-30 17:31:55.093647
File size    : 8284 bytes
STATUS       : ALREADY PROCESSED

Checking file: 2026-06-08/orders.csv
File time    : 2026-09-30 17:31:55.097099
File size    : 6449 bytes
STATUS       : ALREADY PROCESSED

Checking file: 2026-06-09/orders.csv
File time    : 2026-09-30 17:31:55.099113
File size    : 7045 bytes
STATUS       : ALREADY PROCESSED

Checking file: 2026-06-10/orders.csv
File time    : 2026-09-30 17:31:55.101206
File size    : 6000 bytes
STATUS       : ALREADY PROCESSED

Checking file: 2026-06-11/orders.csv
File time    : 2026-09-30 17:31:55.102115
File size    : 7093 bytes
STATUS       : ALREADY PROCESSED

Checking file: 2026-06-12/orders.csv
File time    : 2026-09-30 17:31:55.106037
File size    : 7155 bytes
STATUS       : ALREADY PROCESSED

Checking file: 2026-06-13/orders.csv
File time    : 2026-09-30 17:31:55.109275
File size    : 8398 bytes
STATUS       : ALREADY PROCESSED

Checking file: 2026-06-14/orders.csv
File time    : 2026-09-30 17:31:55.112290
File size    : 7408 bytes
STATUS       : ALREADY PROCESSED

Checking file: 2026-06-15/orders.csv
File time    : 2026-09-30 17:31:55.113995
File size    : 6495 bytes
STATUS       : ALREADY PROCESSED

Checking file: 2026-06-16/orders.csv
File time    : 2026-09-30 17:31:55.116009
File size    : 7377 bytes
STATUS       : ALREADY PROCESSED

Checking file: 2026-06-17/orders.csv
File time    : 2026-09-30 17:31:55.118004
File size    : 7281 bytes
STATUS       : ALREADY PROCESSED

Checking file: 2026-06-18/orders.csv
File time    : 2026-09-30 17:31:55.119002
File size    : 6654 bytes
STATUS       : ALREADY PROCESSED

Checking file: 2026-06-19/orders.csv
File time    : 2026-09-30 17:31:55.122515
File size    : 6955 bytes
STATUS       : ALREADY PROCESSED

Checking file: 2026-06-20/orders.csv
File time    : 2026-09-30 17:31:55.126434
File size    : 7327 bytes
STATUS       : ALREADY PROCESSED

Checking file: 2026-06-21/orders.csv
File time    : 2026-09-30 17:31:55.127343
File size    : 7306 bytes
STATUS       : ALREADY PROCESSED

Checking file: 2026-06-22/orders.csv
File time    : 2026-09-30 17:31:55.131352
File size    : 7334 bytes
STATUS       : ALREADY PROCESSED

Checking file: 2026-06-23/orders.csv
File time    : 2026-09-30 17:31:55.133344
File size    : 6467 bytes
STATUS       : ALREADY PROCESSED

Checking file: 2026-06-24/orders.csv
File time    : 2026-09-30 17:31:55.135261
File size    : 5118 bytes
STATUS       : ALREADY PROCESSED

Checking file: 2026-06-25/orders.csv
File time    : 2026-09-30 17:31:55.135261
File size    : 5924 bytes
STATUS       : ALREADY PROCESSED

Checking file: 2026-06-26/orders.csv
File time    : 2026-09-30 17:31:55.141536
File size    : 7690 bytes
STATUS       : ALREADY PROCESSED

Checking file: 2026-06-27/orders.csv
File time    : 2026-09-30 17:31:55.144523
File size    : 8190 bytes
STATUS       : ALREADY PROCESSED

Checking file: 2026-06-28/orders.csv
File time    : 2026-09-30 17:31:55.145496
File size    : 7189 bytes
STATUS       : ALREADY PROCESSED

Checking file: 2026-06-29/orders.csv
File time    : 2026-09-30 17:31:55.145496
File size    : 6241 bytes
STATUS       : ALREADY PROCESSED

Checking file: 2026-06-30/orders.csv
File time    : 2026-09-30 17:31:55.151133
File size    : 5873 bytes
STATUS       : ALREADY PROCESSED

Checking file: 2026-07-01/orders.csv
File time    : 2026-09-30 17:31:55.152054
File size    : 6755 bytes
STATUS       : ALREADY PROCESSED

Checking file: 2026-07-02/orders.csv
File time    : 2026-09-30 17:31:55.154055
File size    : 7909 bytes
STATUS       : ALREADY PROCESSED

Checking file: 2026-07-03/orders.csv
File time    : 2026-09-30 17:31:55.156761
File size    : 7451 bytes
STATUS       : ALREADY PROCESSED

Checking file: 2026-07-04/orders.csv
File time    : 2026-09-30 17:31:55.161450
File size    : 6152 bytes
STATUS       : ALREADY PROCESSED

Checking file: 2026-07-05/orders.csv
File time    : 2026-09-30 17:31:55.163446
File size    : 6905 bytes
STATUS       : ALREADY PROCESSED

Checking file: 2026-07-06/orders.csv
File time    : 2026-09-30 17:31:55.165523
File size    : 7993 bytes
STATUS       : ALREADY PROCESSED

Checking file: 2026-07-07/orders.csv
File time    : 2026-09-30 17:31:55.165523
File size    : 7827 bytes
STATUS       : ALREADY PROCESSED

Checking file: 2026-07-08/orders.csv
File time    : 2026-09-30 17:31:55.169441
File size    : 7136 bytes
STATUS       : ALREADY PROCESSED

Checking file: 2026-07-09/orders.csv
File time    : 2026-09-30 17:31:55.171698
File size    : 6212 bytes
STATUS       : ALREADY PROCESSED

Checking file: 2026-07-10/orders.csv
File time    : 2026-09-30 17:31:55.173702
File size    : 6857 bytes
STATUS       : ALREADY PROCESSED

Checking file: 2026-07-11/orders.csv
File time    : 2026-09-30 17:31:55.177336
File size    : 6307 bytes
STATUS       : ALREADY PROCESSED

Checking file: 2026-07-12/orders.csv
File time    : 2026-09-30 17:31:55.179349
File size    : 8608 bytes
STATUS       : ALREADY PROCESSED

Checking file: 2026-07-13/orders.csv
File time    : 2026-09-30 17:31:55.181437
File size    : 6337 bytes
STATUS       : ALREADY PROCESSED

Checking file: 2026-07-14/orders.csv
File time    : 2026-09-30 17:31:55.182347
File size    : 7143 bytes
STATUS       : ALREADY PROCESSED

Checking file: 2026-07-15/orders.csv
File time    : 2026-09-30 17:31:55.185709
File size    : 7207 bytes
STATUS       : ALREADY PROCESSED

Checking file: 2026-07-16/orders.csv
File time    : 2026-09-30 17:31:55.187611
File size    : 5998 bytes
STATUS       : ALREADY PROCESSED

Checking file: 2026-07-17/orders.csv
File time    : 2026-09-30 17:31:55.190370
File size    : 6703 bytes
STATUS       : ALREADY PROCESSED

Checking file: 2026-07-18/orders.csv
File time    : 2026-09-30 17:31:55.194981
File size    : 6966 bytes
STATUS       : ALREADY PROCESSED

Checking file: 2026-07-19/orders.csv
File time    : 2026-09-30 17:31:55.197042
File size    : 7955 bytes
STATUS       : ALREADY PROCESSED

Checking file: 2026-07-20/orders.csv
File time    : 2026-09-30 17:31:55.198986
File size    : 7138 bytes
STATUS       : ALREADY PROCESSED

Checking file: 2026-07-21/orders.csv
File time    : 2026-09-30 17:31:55.198986
File size    : 5810 bytes
STATUS       : ALREADY PROCESSED

Checking file: 2026-07-22/orders.csv
File time    : 2026-09-30 17:31:55.204290
File size    : 6712 bytes
STATUS       : ALREADY PROCESSED

Checking file: 2026-07-23/orders.csv
File time    : 2026-09-30 17:31:55.206285
File size    : 6530 bytes
STATUS       : ALREADY PROCESSED

Checking file: 2026-07-24/orders.csv
File time    : 2026-09-30 17:31:55.209127
File size    : 7062 bytes
STATUS       : ALREADY PROCESSED

Checking file: 2026-07-25/orders.csv
File time    : 2026-09-30 17:31:55.213177
File size    : 7511 bytes
STATUS       : ALREADY PROCESSED

Checking file: 2026-07-26/orders.csv
File time    : 2026-09-30 17:31:55.216169
File size    : 6982 bytes
STATUS       : ALREADY PROCESSED

Checking file: 2026-07-27/orders.csv
File time    : 2026-09-30 17:31:55.217171
File size    : 6805 bytes
STATUS       : ALREADY PROCESSED

Checking file: 2026-07-28/orders.csv
File time    : 2026-09-30 17:31:55.221392
File size    : 6548 bytes
STATUS       : ALREADY PROCESSED

Checking file: 2026-07-29/orders.csv
File time    : 2026-09-30 17:31:55.224101
File size    : 6286 bytes
STATUS       : ALREADY PROCESSED

Checking file: 2026-07-30/orders.csv
File time    : 2026-09-30 17:31:55.229898
File size    : 7961 bytes
STATUS       : ALREADY PROCESSED

Checking file: 2026-07-31/orders.csv
File time    : 2026-09-30 17:31:55.229898
File size    : 6961 bytes
STATUS       : ALREADY PROCESSED

Checking file: 2026-08-01/orders.csv
File time    : 2026-09-30 17:31:55.234885
File size    : 7038 bytes
STATUS       : ALREADY PROCESSED

Checking file: 2026-08-02/orders.csv
File time    : 2026-09-30 17:31:55.238209
File size    : 6616 bytes
STATUS       : ALREADY PROCESSED

Checking file: 2026-08-03/orders.csv
File time    : 2026-09-30 17:31:55.240505
File size    : 7100 bytes
STATUS       : ALREADY PROCESSED

Checking file: 2026-08-04/orders.csv
File time    : 2026-09-30 17:31:55.243625
File size    : 7731 bytes
STATUS       : ALREADY PROCESSED

Checking file: 2026-08-05/orders.csv
File time    : 2026-09-30 17:31:55.248171
File size    : 7671 bytes
STATUS       : ALREADY PROCESSED

Checking file: 2026-08-06/orders.csv
File time    : 2026-09-30 17:31:55.251172
File size    : 6806 bytes
STATUS       : ALREADY PROCESSED

Checking file: 2026-08-07/orders.csv
File time    : 2026-09-30 17:31:55.251566
File size    : 7533 bytes
STATUS       : ALREADY PROCESSED

Checking file: 2026-08-08/orders.csv
File time    : 2026-09-30 17:31:55.257895
File size    : 8923 bytes
STATUS       : ALREADY PROCESSED

Checking file: 2026-08-09/orders.csv
File time    : 2026-09-30 17:31:55.262298
File size    : 6499 bytes
STATUS       : ALREADY PROCESSED

Checking file: 2026-08-10/orders.csv
File time    : 2026-09-30 17:31:55.263283
File size    : 7294 bytes
STATUS       : ALREADY PROCESSED

Checking file: 2026-08-11/orders.csv
File time    : 2026-09-30 17:31:55.268116
File size    : 7649 bytes
STATUS       : ALREADY PROCESSED

Checking file: 2026-08-12/orders.csv
File time    : 2026-09-30 17:31:55.270113
File size    : 6565 bytes
STATUS       : ALREADY PROCESSED

Checking file: 2026-08-13/orders.csv
File time    : 2026-09-30 17:31:55.273525
File size    : 8202 bytes
STATUS       : ALREADY PROCESSED

Checking file: 2026-08-14/orders.csv
File time    : 2026-09-30 17:31:55.277876
File size    : 7933 bytes
STATUS       : ALREADY PROCESSED

Checking file: 2026-08-15/orders.csv
File time    : 2026-09-30 17:31:55.279878
File size    : 8167 bytes
STATUS       : ALREADY PROCESSED

Checking file: 2026-08-16/orders.csv
File time    : 2026-09-30 17:31:55.283165
File size    : 6210 bytes
STATUS       : ALREADY PROCESSED

Checking file: 2026-08-17/orders.csv
File time    : 2026-09-30 17:31:55.285148
File size    : 7458 bytes
STATUS       : ALREADY PROCESSED

Checking file: 2026-08-18/orders.csv
File time    : 2026-09-30 17:31:55.287061
File size    : 7595 bytes
STATUS       : ALREADY PROCESSED

Checking file: 2026-08-19/orders.csv
File time    : 2026-09-30 17:31:55.290851
File size    : 6917 bytes
STATUS       : ALREADY PROCESSED

Checking file: 2026-08-20/orders.csv
File time    : 2026-09-30 17:31:55.294918
File size    : 7844 bytes
STATUS       : ALREADY PROCESSED

Checking file: 2026-08-21/orders.csv
File time    : 2026-09-30 17:31:55.295914
File size    : 7309 bytes
STATUS       : ALREADY PROCESSED

Checking file: 2026-08-22/orders.csv
File time    : 2026-09-30 17:31:55.300605
File size    : 8560 bytes
STATUS       : ALREADY PROCESSED

Checking file: 2026-08-23/orders.csv
File time    : 2026-09-30 17:31:55.302603
File size    : 7333 bytes
STATUS       : ALREADY PROCESSED

Checking file: 2026-08-24/orders.csv
File time    : 2026-09-30 17:31:55.305826
File size    : 8105 bytes
STATUS       : ALREADY PROCESSED

Checking file: 2026-08-25/orders.csv
File time    : 2026-09-30 17:31:55.310096
File size    : 6680 bytes
STATUS       : ALREADY PROCESSED

Checking file: 2026-08-26/orders.csv
File time    : 2026-09-30 17:31:55.312129
File size    : 6719 bytes
STATUS       : ALREADY PROCESSED

Checking file: 2026-08-27/orders.csv
File time    : 2026-09-30 17:31:55.313094
File size    : 6650 bytes
STATUS       : ALREADY PROCESSED

Checking file: 2026-08-28/orders.csv
File time    : 2026-09-30 17:31:55.318099
File size    : 6991 bytes
STATUS       : ALREADY PROCESSED

Checking file: 2026-08-29/orders.csv
File time    : 2026-09-30 17:31:55.320022
File size    : 6693 bytes
STATUS       : ALREADY PROCESSED

Checking file: 2026-08-30/orders.csv
File time    : 2026-09-30 17:31:55.323462
File size    : 6523 bytes
STATUS       : ALREADY PROCESSED

NEW/MODIFIED CSV files selected: 0

No new or modified CSV files found.

No new or modified files for orders.

================================================================================
INCREMENTAL ORDERS ENRICHED ETL
================================================================================

Reading incremental data: D:\airflow_etl\raw\orders_enriched

Total CSV files found for orders_enriched: 607

Checking file: 2025-01-01/orders_enriched.csv
File time    : 2026-09-30 17:31:55.555667
File size    : 13786 bytes
STATUS       : ALREADY PROCESSED

Checking file: 2025-01-02/orders_enriched.csv
File time    : 2026-09-30 17:31:55.572340
File size    : 13501 bytes
STATUS       : ALREADY PROCESSED

Checking file: 2025-01-03/orders_enriched.csv
File time    : 2026-09-30 17:31:55.572340
File size    : 17448 bytes
STATUS       : ALREADY PROCESSED

Checking file: 2025-01-04/orders_enriched.csv
File time    : 2026-09-30 17:31:55.578371
File size    : 11655 bytes
STATUS       : ALREADY PROCESSED

Checking file: 2025-01-05/orders_enriched.csv
File time    : 2026-09-30 17:31:55.580298
File size    : 16830 bytes
STATUS       : ALREADY PROCESSED

Checking file: 2025-01-06/orders_enriched.csv
File time    : 2026-09-30 17:31:55.582300
File size    : 14390 bytes
STATUS       : ALREADY PROCESSED

Checking file: 2025-01-07/orders_enriched.csv
File time    : 2026-09-30 17:31:55.585847
File size    : 13691 bytes
STATUS       : ALREADY PROCESSED

Checking file: 2025-01-08/orders_enriched.csv
File time    : 2026-09-30 17:31:55.587825
File size    : 14940 bytes
STATUS       : ALREADY PROCESSED

Checking file: 2025-01-09/orders_enriched.csv
File time    : 2026-09-30 17:31:55.589748
File size    : 13354 bytes
STATUS       : ALREADY PROCESSED

Checking file: 2025-01-10/orders_enriched.csv
File time    : 2026-09-30 17:31:55.595576
File size    : 15030 bytes
STATUS       : ALREADY PROCESSED

Checking file: 2025-01-11/orders_enriched.csv
File time    : 2026-09-30 17:31:55.597576
File size    : 12811 bytes
STATUS       : ALREADY PROCESSED

Checking file: 2025-01-12/orders_enriched.csv
File time    : 2026-09-30 17:31:55.599574
File size    : 14378 bytes
STATUS       : ALREADY PROCESSED

Checking file: 2025-01-13/orders_enriched.csv
File time    : 2026-09-30 17:31:55.602746
File size    : 15267 bytes
STATUS       : ALREADY PROCESSED

Checking file: 2025-01-14/orders_enriched.csv
File time    : 2026-09-30 17:31:55.606621
File size    : 14572 bytes
STATUS       : ALREADY PROCESSED

Checking file: 2025-01-15/orders_enriched.csv
File time    : 2026-09-30 17:31:55.609551
File size    : 16592 bytes
STATUS       : ALREADY PROCESSED

Checking file: 2025-01-16/orders_enriched.csv
File time    : 2026-09-30 17:31:55.610104
File size    : 15301 bytes
STATUS       : ALREADY PROCESSED

Checking file: 2025-01-17/orders_enriched.csv
File time    : 2026-09-30 17:31:55.616517
File size    : 13574 bytes
STATUS       : ALREADY PROCESSED

Checking file: 2025-01-18/orders_enriched.csv
File time    : 2026-09-30 17:31:55.618512
File size    : 12238 bytes
STATUS       : ALREADY PROCESSED

Checking file: 2025-01-19/orders_enriched.csv
File time    : 2026-09-30 17:31:55.621205
File size    : 13027 bytes
STATUS       : ALREADY PROCESSED

Checking file: 2025-01-20/orders_enriched.csv
File time    : 2026-09-30 17:31:55.625642
File size    : 16854 bytes
STATUS       : ALREADY PROCESSED

Checking file: 2025-01-21/orders_enriched.csv
File time    : 2026-09-30 17:31:55.628637
File size    : 15508 bytes
STATUS       : ALREADY PROCESSED

Checking file: 2025-01-22/orders_enriched.csv
File time    : 2026-09-30 17:31:55.628637
File size    : 16822 bytes
STATUS       : ALREADY PROCESSED

Checking file: 2025-01-23/orders_enriched.csv
File time    : 2026-09-30 17:31:55.633886
File size    : 12160 bytes
STATUS       : ALREADY PROCESSED

Checking file: 2025-01-24/orders_enriched.csv
File time    : 2026-09-30 17:31:55.635816
File size    : 13122 bytes
STATUS       : ALREADY PROCESSED

Checking file: 2025-01-25/orders_enriched.csv
File time    : 2026-09-30 17:31:55.637820
File size    : 13116 bytes
STATUS       : ALREADY PROCESSED

Checking file: 2025-01-26/orders_enriched.csv
File time    : 2026-09-30 17:31:55.642460
File size    : 17419 bytes
STATUS       : ALREADY PROCESSED

Checking file: 2025-01-27/orders_enriched.csv
File time    : 2026-09-30 17:31:55.645445
File size    : 17597 bytes
STATUS       : ALREADY PROCESSED

Checking file: 2025-01-28/orders_enriched.csv
File time    : 2026-09-30 17:31:55.648064
File size    : 16589 bytes
STATUS       : ALREADY PROCESSED

Checking file: 2025-01-29/orders_enriched.csv
File time    : 2026-09-30 17:31:55.651080
File size    : 15788 bytes
STATUS       : ALREADY PROCESSED

Checking file: 2025-01-30/orders_enriched.csv
File time    : 2026-09-30 17:31:55.654080
File size    : 13425 bytes
STATUS       : ALREADY PROCESSED

Checking file: 2025-01-31/orders_enriched.csv
File time    : 2026-09-30 17:31:55.655849
File size    : 17065 bytes
STATUS       : ALREADY PROCESSED

Checking file: 2025-02-01/orders_enriched.csv
File time    : 2026-09-30 17:31:55.661443
File size    : 15642 bytes
STATUS       : ALREADY PROCESSED

Checking file: 2025-02-02/orders_enriched.csv
File time    : 2026-09-30 17:31:55.664450
File size    : 15101 bytes
STATUS       : ALREADY PROCESSED

Checking file: 2025-02-03/orders_enriched.csv
File time    : 2026-09-30 17:31:55.665379
File size    : 12507 bytes
STATUS       : ALREADY PROCESSED

Checking file: 2025-02-04/orders_enriched.csv
File time    : 2026-09-30 17:31:55.668960
File size    : 13954 bytes
STATUS       : ALREADY PROCESSED

Checking file: 2025-02-05/orders_enriched.csv
File time    : 2026-09-30 17:31:55.671966
File size    : 15101 bytes
STATUS       : ALREADY PROCESSED

Checking file: 2025-02-06/orders_enriched.csv
File time    : 2026-09-30 17:31:55.672885
File size    : 14754 bytes
STATUS       : ALREADY PROCESSED

Checking file: 2025-02-07/orders_enriched.csv
File time    : 2026-09-30 17:31:55.678698
File size    : 11876 bytes
STATUS       : ALREADY PROCESSED

Checking file: 2025-02-08/orders_enriched.csv
File time    : 2026-09-30 17:31:55.681677
File size    : 15885 bytes
STATUS       : ALREADY PROCESSED

Checking file: 2025-02-09/orders_enriched.csv
File time    : 2026-09-30 17:31:55.682607
File size    : 13845 bytes
STATUS       : ALREADY PROCESSED

Checking file: 2025-02-10/orders_enriched.csv
File time    : 2026-09-30 17:31:55.686634
File size    : 14645 bytes
STATUS       : ALREADY PROCESSED

Checking file: 2025-02-11/orders_enriched.csv
File time    : 2026-09-30 17:31:55.689559
File size    : 15927 bytes
STATUS       : ALREADY PROCESSED

Checking file: 2025-02-12/orders_enriched.csv
File time    : 2026-09-30 17:31:55.690633
File size    : 15965 bytes
STATUS       : ALREADY PROCESSED

Checking file: 2025-02-13/orders_enriched.csv
File time    : 2026-09-30 17:31:55.696569
File size    : 14014 bytes
STATUS       : ALREADY PROCESSED

Checking file: 2025-02-14/orders_enriched.csv
File time    : 2026-09-30 17:31:55.698570
File size    : 16695 bytes
STATUS       : ALREADY PROCESSED

Checking file: 2025-02-15/orders_enriched.csv
File time    : 2026-09-30 17:31:55.700497
File size    : 16256 bytes
STATUS       : ALREADY PROCESSED

Checking file: 2025-02-16/orders_enriched.csv
File time    : 2026-09-30 17:31:55.704234
File size    : 13860 bytes
STATUS       : ALREADY PROCESSED

Checking file: 2025-02-17/orders_enriched.csv
File time    : 2026-09-30 17:31:55.709019
File size    : 17468 bytes
STATUS       : ALREADY PROCESSED

Checking file: 2025-02-18/orders_enriched.csv
File time    : 2026-09-30 17:31:55.711617
File size    : 15674 bytes
STATUS       : ALREADY PROCESSED

Checking file: 2025-02-19/orders_enriched.csv
File time    : 2026-09-30 17:31:55.713615
File size    : 15239 bytes
STATUS       : ALREADY PROCESSED

Checking file: 2025-02-20/orders_enriched.csv
File time    : 2026-09-30 17:31:55.715546
File size    : 15099 bytes
STATUS       : ALREADY PROCESSED

Checking file: 2025-02-21/orders_enriched.csv
File time    : 2026-09-30 17:31:55.718684
File size    : 13393 bytes
STATUS       : ALREADY PROCESSED

Checking file: 2025-02-22/orders_enriched.csv
File time    : 2026-09-30 17:31:55.721764
File size    : 14369 bytes
STATUS       : ALREADY PROCESSED

Checking file: 2025-02-23/orders_enriched.csv
File time    : 2026-09-30 17:31:55.723106
File size    : 16277 bytes
STATUS       : ALREADY PROCESSED

Checking file: 2025-02-24/orders_enriched.csv
File time    : 2026-09-30 17:31:55.729111
File size    : 16224 bytes
STATUS       : ALREADY PROCESSED

Checking file: 2025-02-25/orders_enriched.csv
File time    : 2026-09-30 17:31:55.731039
File size    : 14404 bytes
STATUS       : ALREADY PROCESSED

Checking file: 2025-02-26/orders_enriched.csv
File time    : 2026-09-30 17:31:55.733082
File size    : 14604 bytes
STATUS       : ALREADY PROCESSED

Checking file: 2025-02-27/orders_enriched.csv
File time    : 2026-09-30 17:31:55.736778
File size    : 11230 bytes
STATUS       : ALREADY PROCESSED

Checking file: 2025-02-28/orders_enriched.csv
File time    : 2026-09-30 17:31:55.741289
File size    : 16856 bytes
STATUS       : ALREADY PROCESSED

Checking file: 2025-03-01/orders_enriched.csv
File time    : 2026-09-30 17:31:55.746382
File size    : 16346 bytes
STATUS       : ALREADY PROCESSED

Checking file: 2025-03-02/orders_enriched.csv
File time    : 2026-09-30 17:31:55.748362
File size    : 13771 bytes
STATUS       : ALREADY PROCESSED

Checking file: 2025-03-03/orders_enriched.csv
File time    : 2026-09-30 17:31:55.749362
File size    : 13900 bytes
STATUS       : ALREADY PROCESSED

Checking file: 2025-03-04/orders_enriched.csv
File time    : 2026-09-30 17:31:55.757616
File size    : 15922 bytes
STATUS       : ALREADY PROCESSED

Checking file: 2025-03-05/orders_enriched.csv
File time    : 2026-09-30 17:31:55.760776
File size    : 14645 bytes
STATUS       : ALREADY PROCESSED

Checking file: 2025-03-06/orders_enriched.csv
File time    : 2026-09-30 17:31:55.760776
File size    : 16415 bytes
STATUS       : ALREADY PROCESSED

Checking file: 2025-03-07/orders_enriched.csv
File time    : 2026-09-30 17:31:55.767844
File size    : 17459 bytes
STATUS       : ALREADY PROCESSED

Checking file: 2025-03-08/orders_enriched.csv
File time    : 2026-09-30 17:31:55.770838
File size    : 14791 bytes
STATUS       : ALREADY PROCESSED

Checking file: 2025-03-09/orders_enriched.csv
File time    : 2026-09-30 17:31:55.773278
File size    : 14269 bytes
STATUS       : ALREADY PROCESSED

Checking file: 2025-03-10/orders_enriched.csv
File time    : 2026-09-30 17:31:55.780435
File size    : 15148 bytes
STATUS       : ALREADY PROCESSED

Checking file: 2025-03-11/orders_enriched.csv
File time    : 2026-09-30 17:31:55.782440
File size    : 15833 bytes
STATUS       : ALREADY PROCESSED

Checking file: 2025-03-12/orders_enriched.csv
File time    : 2026-09-30 17:31:55.792625
File size    : 14338 bytes
STATUS       : ALREADY PROCESSED

Checking file: 2025-03-13/orders_enriched.csv
File time    : 2026-09-30 17:31:55.795018
File size    : 13784 bytes
STATUS       : ALREADY PROCESSED

Checking file: 2025-03-14/orders_enriched.csv
File time    : 2026-09-30 17:31:55.799598
File size    : 12494 bytes
STATUS       : ALREADY PROCESSED

Checking file: 2025-03-15/orders_enriched.csv
File time    : 2026-09-30 17:31:55.803939
File size    : 15077 bytes
STATUS       : ALREADY PROCESSED

Checking file: 2025-03-16/orders_enriched.csv
File time    : 2026-09-30 17:31:55.808510
File size    : 15875 bytes
STATUS       : ALREADY PROCESSED

Checking file: 2025-03-17/orders_enriched.csv
File time    : 2026-09-30 17:31:55.811925
File size    : 16669 bytes
STATUS       : ALREADY PROCESSED

Checking file: 2025-03-18/orders_enriched.csv
File time    : 2026-09-30 17:31:55.815925
File size    : 16735 bytes
STATUS       : ALREADY PROCESSED

Checking file: 2025-03-19/orders_enriched.csv
File time    : 2026-09-30 17:31:55.815925
File size    : 14997 bytes
STATUS       : ALREADY PROCESSED

Checking file: 2025-03-20/orders_enriched.csv
File time    : 2026-09-30 17:31:55.822562
File size    : 15420 bytes
STATUS       : ALREADY PROCESSED

Checking file: 2025-03-21/orders_enriched.csv
File time    : 2026-09-30 17:31:55.826027
File size    : 13233 bytes
STATUS       : ALREADY PROCESSED

Checking file: 2025-03-22/orders_enriched.csv
File time    : 2026-09-30 17:31:55.831575
File size    : 15364 bytes
STATUS       : ALREADY PROCESSED

Checking file: 2025-03-23/orders_enriched.csv
File time    : 2026-09-30 17:31:55.833576
File size    : 15438 bytes
STATUS       : ALREADY PROCESSED

Checking file: 2025-03-24/orders_enriched.csv
File time    : 2026-09-30 17:31:55.837658
File size    : 15852 bytes
STATUS       : ALREADY PROCESSED

Checking file: 2025-03-25/orders_enriched.csv
File time    : 2026-09-30 17:31:55.842302
File size    : 11813 bytes
STATUS       : ALREADY PROCESSED

Checking file: 2025-03-26/orders_enriched.csv
File time    : 2026-09-30 17:31:55.845290
File size    : 19056 bytes
STATUS       : ALREADY PROCESSED

Checking file: 2025-03-27/orders_enriched.csv
File time    : 2026-09-30 17:31:55.845290
File size    : 12999 bytes
STATUS       : ALREADY PROCESSED

Checking file: 2025-03-28/orders_enriched.csv
File time    : 2026-09-30 17:31:55.850810
File size    : 13913 bytes
STATUS       : ALREADY PROCESSED

Checking file: 2025-03-29/orders_enriched.csv
File time    : 2026-09-30 17:31:55.853806
File size    : 12534 bytes
STATUS       : ALREADY PROCESSED

Checking file: 2025-03-30/orders_enriched.csv
File time    : 2026-09-30 17:31:55.856451
File size    : 17489 bytes
STATUS       : ALREADY PROCESSED

Checking file: 2025-03-31/orders_enriched.csv
File time    : 2026-09-30 17:31:55.861502
File size    : 13973 bytes
STATUS       : ALREADY PROCESSED

Checking file: 2025-04-01/orders_enriched.csv
File time    : 2026-09-30 17:31:55.865419
File size    : 14717 bytes
STATUS       : ALREADY PROCESSED

Checking file: 2025-04-02/orders_enriched.csv
File time    : 2026-09-30 17:31:55.865419
File size    : 14322 bytes
STATUS       : ALREADY PROCESSED

Checking file: 2025-04-03/orders_enriched.csv
File time    : 2026-09-30 17:31:55.871925
File size    : 13645 bytes
STATUS       : ALREADY PROCESSED

Checking file: 2025-04-04/orders_enriched.csv
File time    : 2026-09-30 17:31:55.875044
File size    : 18677 bytes
STATUS       : ALREADY PROCESSED

Checking file: 2025-04-05/orders_enriched.csv
File time    : 2026-09-30 17:31:55.879441
File size    : 15782 bytes
STATUS       : ALREADY PROCESSED

Checking file: 2025-04-06/orders_enriched.csv
File time    : 2026-09-30 17:31:55.882366
File size    : 14327 bytes
STATUS       : ALREADY PROCESSED

Checking file: 2025-04-07/orders_enriched.csv
File time    : 2026-09-30 17:31:55.883365
File size    : 13127 bytes
STATUS       : ALREADY PROCESSED

Checking file: 2025-04-08/orders_enriched.csv
File time    : 2026-09-30 17:31:55.888789
File size    : 15460 bytes
STATUS       : ALREADY PROCESSED

Checking file: 2025-04-09/orders_enriched.csv
File time    : 2026-09-30 17:31:55.892415
File size    : 17276 bytes
STATUS       : ALREADY PROCESSED

Checking file: 2025-04-10/orders_enriched.csv
File time    : 2026-09-30 17:31:55.897599
File size    : 14499 bytes
STATUS       : ALREADY PROCESSED

Checking file: 2025-04-11/orders_enriched.csv
File time    : 2026-09-30 17:31:55.899678
File size    : 16359 bytes
STATUS       : ALREADY PROCESSED

Checking file: 2025-04-12/orders_enriched.csv
File time    : 2026-09-30 17:31:55.900592
File size    : 14675 bytes
STATUS       : ALREADY PROCESSED

Checking file: 2025-04-13/orders_enriched.csv
File time    : 2026-09-30 17:31:55.907647
File size    : 15884 bytes
STATUS       : ALREADY PROCESSED

Checking file: 2025-04-14/orders_enriched.csv
File time    : 2026-09-30 17:31:55.910641
File size    : 13930 bytes
STATUS       : ALREADY PROCESSED

Checking file: 2025-04-15/orders_enriched.csv
File time    : 2026-09-30 17:31:55.913735
File size    : 12519 bytes
STATUS       : ALREADY PROCESSED

Checking file: 2025-04-16/orders_enriched.csv
File time    : 2026-09-30 17:31:55.918453
File size    : 13279 bytes
STATUS       : ALREADY PROCESSED

Checking file: 2025-04-17/orders_enriched.csv
File time    : 2026-09-30 17:31:55.921450
File size    : 15128 bytes
STATUS       : ALREADY PROCESSED

Checking file: 2025-04-18/orders_enriched.csv
File time    : 2026-09-30 17:31:55.923207
File size    : 15543 bytes
STATUS       : ALREADY PROCESSED

Checking file: 2025-04-19/orders_enriched.csv
File time    : 2026-09-30 17:31:55.930022
File size    : 13897 bytes
STATUS       : ALREADY PROCESSED

Checking file: 2025-04-20/orders_enriched.csv
File time    : 2026-09-30 17:31:55.933019
File size    : 15248 bytes
STATUS       : ALREADY PROCESSED

Checking file: 2025-04-21/orders_enriched.csv
File time    : 2026-09-30 17:31:55.934002
File size    : 18908 bytes
STATUS       : ALREADY PROCESSED

Checking file: 2025-04-22/orders_enriched.csv
File time    : 2026-09-30 17:31:55.939929
File size    : 15452 bytes
STATUS       : ALREADY PROCESSED

Checking file: 2025-04-23/orders_enriched.csv
File time    : 2026-09-30 17:31:55.943004
File size    : 11956 bytes
STATUS       : ALREADY PROCESSED

Checking file: 2025-04-24/orders_enriched.csv
File time    : 2026-09-30 17:31:55.943004
File size    : 14934 bytes
STATUS       : ALREADY PROCESSED

Checking file: 2025-04-25/orders_enriched.csv
File time    : 2026-09-30 17:31:55.951024
File size    : 15961 bytes
STATUS       : ALREADY PROCESSED

Checking file: 2025-04-26/orders_enriched.csv
File time    : 2026-09-30 17:31:55.955010
File size    : 14758 bytes
STATUS       : ALREADY PROCESSED

Checking file: 2025-04-27/orders_enriched.csv
File time    : 2026-09-30 17:31:55.958162
File size    : 14861 bytes
STATUS       : ALREADY PROCESSED

Checking file: 2025-04-28/orders_enriched.csv
File time    : 2026-09-30 17:31:55.964153
File size    : 13776 bytes
STATUS       : ALREADY PROCESSED

Checking file: 2025-04-29/orders_enriched.csv
File time    : 2026-09-30 17:31:55.967161
File size    : 17034 bytes
STATUS       : ALREADY PROCESSED

Checking file: 2025-04-30/orders_enriched.csv
File time    : 2026-09-30 17:31:55.970899
File size    : 17457 bytes
STATUS       : ALREADY PROCESSED

Checking file: 2025-05-01/orders_enriched.csv
File time    : 2026-09-30 17:31:55.972899
File size    : 18539 bytes
STATUS       : ALREADY PROCESSED

Checking file: 2025-05-02/orders_enriched.csv
File time    : 2026-09-30 17:31:55.972899
File size    : 13193 bytes
STATUS       : ALREADY PROCESSED

Checking file: 2025-05-03/orders_enriched.csv
File time    : 2026-09-30 17:31:55.984848
File size    : 15145 bytes
STATUS       : ALREADY PROCESSED

Checking file: 2025-05-04/orders_enriched.csv
File time    : 2026-09-30 17:31:55.989844
File size    : 14142 bytes
STATUS       : ALREADY PROCESSED

Checking file: 2025-05-05/orders_enriched.csv
File time    : 2026-09-30 17:31:55.993876
File size    : 13538 bytes
STATUS       : ALREADY PROCESSED

Checking file: 2025-05-06/orders_enriched.csv
File time    : 2026-09-30 17:31:55.998386
File size    : 17092 bytes
STATUS       : ALREADY PROCESSED

Checking file: 2025-05-07/orders_enriched.csv
File time    : 2026-09-30 17:31:56.001381
File size    : 14726 bytes
STATUS       : ALREADY PROCESSED

Checking file: 2025-05-08/orders_enriched.csv
File time    : 2026-09-30 17:31:56.004009
File size    : 14085 bytes
STATUS       : ALREADY PROCESSED

Checking file: 2025-05-09/orders_enriched.csv
File time    : 2026-09-30 17:31:56.009928
File size    : 17723 bytes
STATUS       : ALREADY PROCESSED

Checking file: 2025-05-10/orders_enriched.csv
File time    : 2026-09-30 17:31:56.012931
File size    : 15086 bytes
STATUS       : ALREADY PROCESSED

Checking file: 2025-05-11/orders_enriched.csv
File time    : 2026-09-30 17:31:56.018401
File size    : 15337 bytes
STATUS       : ALREADY PROCESSED

Checking file: 2025-05-12/orders_enriched.csv
File time    : 2026-09-30 17:31:56.022329
File size    : 12620 bytes
STATUS       : ALREADY PROCESSED

Checking file: 2025-05-13/orders_enriched.csv
File time    : 2026-09-30 17:31:56.026390
File size    : 16159 bytes
STATUS       : ALREADY PROCESSED

Checking file: 2025-05-14/orders_enriched.csv
File time    : 2026-09-30 17:31:56.030237
File size    : 14624 bytes
STATUS       : ALREADY PROCESSED

Checking file: 2025-05-15/orders_enriched.csv
File time    : 2026-09-30 17:31:56.033236
File size    : 17684 bytes
STATUS       : ALREADY PROCESSED

Checking file: 2025-05-16/orders_enriched.csv
File time    : 2026-09-30 17:31:56.034234
File size    : 12633 bytes
STATUS       : ALREADY PROCESSED

Checking file: 2025-05-17/orders_enriched.csv
File time    : 2026-09-30 17:31:56.040868
File size    : 16987 bytes
STATUS       : ALREADY PROCESSED

Checking file: 2025-05-18/orders_enriched.csv
File time    : 2026-09-30 17:31:56.044875
File size    : 15494 bytes
STATUS       : ALREADY PROCESSED

Checking file: 2025-05-19/orders_enriched.csv
File time    : 2026-09-30 17:31:56.044875
File size    : 9989 bytes
STATUS       : ALREADY PROCESSED

Checking file: 2025-05-20/orders_enriched.csv
File time    : 2026-09-30 17:31:56.050995
File size    : 16719 bytes
STATUS       : ALREADY PROCESSED

Checking file: 2025-05-21/orders_enriched.csv
File time    : 2026-09-30 17:31:56.054008
File size    : 15948 bytes
STATUS       : ALREADY PROCESSED

Checking file: 2025-05-22/orders_enriched.csv
File time    : 2026-09-30 17:31:56.058746
File size    : 14623 bytes
STATUS       : ALREADY PROCESSED

Checking file: 2025-05-23/orders_enriched.csv
File time    : 2026-09-30 17:31:56.061743
File size    : 14617 bytes
STATUS       : ALREADY PROCESSED

Checking file: 2025-05-24/orders_enriched.csv
File time    : 2026-09-30 17:31:56.062730
File size    : 17301 bytes
STATUS       : ALREADY PROCESSED

Checking file: 2025-05-25/orders_enriched.csv
File time    : 2026-09-30 17:31:56.067742
File size    : 14354 bytes
STATUS       : ALREADY PROCESSED

Checking file: 2025-05-26/orders_enriched.csv
File time    : 2026-09-30 17:31:56.071076
File size    : 15934 bytes
STATUS       : ALREADY PROCESSED

Checking file: 2025-05-27/orders_enriched.csv
File time    : 2026-09-30 17:31:56.072080
File size    : 14271 bytes
STATUS       : ALREADY PROCESSED

Checking file: 2025-05-28/orders_enriched.csv
File time    : 2026-09-30 17:31:56.079505
File size    : 15039 bytes
STATUS       : ALREADY PROCESSED

Checking file: 2025-05-29/orders_enriched.csv
File time    : 2026-09-30 17:31:56.082502
File size    : 17093 bytes
STATUS       : ALREADY PROCESSED

Checking file: 2025-05-30/orders_enriched.csv
File time    : 2026-09-30 17:31:56.083487
File size    : 13799 bytes
STATUS       : ALREADY PROCESSED

Checking file: 2025-05-31/orders_enriched.csv
File time    : 2026-09-30 17:31:56.089428
File size    : 15551 bytes
STATUS       : ALREADY PROCESSED

Checking file: 2025-06-01/orders_enriched.csv
File time    : 2026-09-30 17:31:56.092621
File size    : 16397 bytes
STATUS       : ALREADY PROCESSED

Checking file: 2025-06-02/orders_enriched.csv
File time    : 2026-09-30 17:31:56.098624
File size    : 17758 bytes
STATUS       : ALREADY PROCESSED

Checking file: 2025-06-03/orders_enriched.csv
File time    : 2026-09-30 17:31:56.100628
File size    : 16718 bytes
STATUS       : ALREADY PROCESSED

Checking file: 2025-06-04/orders_enriched.csv
File time    : 2026-09-30 17:31:56.104118
File size    : 13750 bytes
STATUS       : ALREADY PROCESSED

Checking file: 2025-06-05/orders_enriched.csv
File time    : 2026-09-30 17:31:56.108656
File size    : 14341 bytes
STATUS       : ALREADY PROCESSED

Checking file: 2025-06-06/orders_enriched.csv
File time    : 2026-09-30 17:31:56.111657
File size    : 14384 bytes
STATUS       : ALREADY PROCESSED

Checking file: 2025-06-07/orders_enriched.csv
File time    : 2026-09-30 17:31:56.111657
File size    : 15333 bytes
STATUS       : ALREADY PROCESSED

Checking file: 2025-06-08/orders_enriched.csv
File time    : 2026-09-30 17:31:56.118415
File size    : 14791 bytes
STATUS       : ALREADY PROCESSED

Checking file: 2025-06-09/orders_enriched.csv
File time    : 2026-09-30 17:31:56.121397
File size    : 12072 bytes
STATUS       : ALREADY PROCESSED

Checking file: 2025-06-10/orders_enriched.csv
File time    : 2026-09-30 17:31:56.122392
File size    : 18022 bytes
STATUS       : ALREADY PROCESSED

Checking file: 2025-06-11/orders_enriched.csv
File time    : 2026-09-30 17:31:56.130437
File size    : 15604 bytes
STATUS       : ALREADY PROCESSED

Checking file: 2025-06-12/orders_enriched.csv
File time    : 2026-09-30 17:31:56.133433
File size    : 13946 bytes
STATUS       : ALREADY PROCESSED

Checking file: 2025-06-13/orders_enriched.csv
File time    : 2026-09-30 17:31:56.137544
File size    : 13736 bytes
STATUS       : ALREADY PROCESSED

Checking file: 2025-06-14/orders_enriched.csv
File time    : 2026-09-30 17:31:56.143115
File size    : 20077 bytes
STATUS       : ALREADY PROCESSED

Checking file: 2025-06-15/orders_enriched.csv
File time    : 2026-09-30 17:31:56.145419
File size    : 16384 bytes
STATUS       : ALREADY PROCESSED

Checking file: 2025-06-16/orders_enriched.csv
File time    : 2026-09-30 17:31:56.145419
File size    : 14781 bytes
STATUS       : ALREADY PROCESSED

Checking file: 2025-06-17/orders_enriched.csv
File time    : 2026-09-30 17:31:56.145419
File size    : 17395 bytes
STATUS       : ALREADY PROCESSED

Checking file: 2025-06-18/orders_enriched.csv
File time    : 2026-09-30 17:31:56.154569
File size    : 15398 bytes
STATUS       : ALREADY PROCESSED

Checking file: 2025-06-19/orders_enriched.csv
File time    : 2026-09-30 17:31:56.159199
File size    : 15535 bytes
STATUS       : ALREADY PROCESSED

Checking file: 2025-06-20/orders_enriched.csv
File time    : 2026-09-30 17:31:56.162427
File size    : 15870 bytes
STATUS       : ALREADY PROCESSED

Checking file: 2025-06-21/orders_enriched.csv
File time    : 2026-09-30 17:31:56.165420
File size    : 14429 bytes
STATUS       : ALREADY PROCESSED

Checking file: 2025-06-22/orders_enriched.csv
File time    : 2026-09-30 17:31:56.166419
File size    : 13924 bytes
STATUS       : ALREADY PROCESSED

Checking file: 2025-06-23/orders_enriched.csv
File time    : 2026-09-30 17:31:56.174278
File size    : 16025 bytes
STATUS       : ALREADY PROCESSED

Checking file: 2025-06-24/orders_enriched.csv
File time    : 2026-09-30 17:31:56.176264
File size    : 17024 bytes
STATUS       : ALREADY PROCESSED

Checking file: 2025-06-25/orders_enriched.csv
File time    : 2026-09-30 17:31:56.176264
File size    : 16580 bytes
STATUS       : ALREADY PROCESSED

Checking file: 2025-06-26/orders_enriched.csv
File time    : 2026-09-30 17:31:56.187081
File size    : 14063 bytes
STATUS       : ALREADY PROCESSED

Checking file: 2025-06-27/orders_enriched.csv
File time    : 2026-09-30 17:31:56.189999
File size    : 15526 bytes
STATUS       : ALREADY PROCESSED

Checking file: 2025-06-28/orders_enriched.csv
File time    : 2026-09-30 17:31:56.195994
File size    : 15784 bytes
STATUS       : ALREADY PROCESSED

Checking file: 2025-06-29/orders_enriched.csv
File time    : 2026-09-30 17:31:56.198991
File size    : 14232 bytes
STATUS       : ALREADY PROCESSED

Checking file: 2025-06-30/orders_enriched.csv
File time    : 2026-09-30 17:31:56.198991
File size    : 13772 bytes
STATUS       : ALREADY PROCESSED

Checking file: 2025-07-01/orders_enriched.csv
File time    : 2026-09-30 17:31:56.204809
File size    : 17362 bytes
STATUS       : ALREADY PROCESSED

Checking file: 2025-07-02/orders_enriched.csv
File time    : 2026-09-30 17:31:56.208897
File size    : 14795 bytes
STATUS       : ALREADY PROCESSED

Checking file: 2025-07-03/orders_enriched.csv
File time    : 2026-09-30 17:31:56.212261
File size    : 15429 bytes
STATUS       : ALREADY PROCESSED

Checking file: 2025-07-04/orders_enriched.csv
File time    : 2026-09-30 17:31:56.215242
File size    : 15484 bytes
STATUS       : ALREADY PROCESSED

Checking file: 2025-07-05/orders_enriched.csv
File time    : 2026-09-30 17:31:56.216244
File size    : 18045 bytes
STATUS       : ALREADY PROCESSED

Checking file: 2025-07-06/orders_enriched.csv
File time    : 2026-09-30 17:31:56.219818
File size    : 14492 bytes
STATUS       : ALREADY PROCESSED

Checking file: 2025-07-07/orders_enriched.csv
File time    : 2026-09-30 17:31:56.224565
File size    : 15959 bytes
STATUS       : ALREADY PROCESSED

Checking file: 2025-07-08/orders_enriched.csv
File time    : 2026-09-30 17:31:56.227171
File size    : 13908 bytes
STATUS       : ALREADY PROCESSED

Checking file: 2025-07-09/orders_enriched.csv
File time    : 2026-09-30 17:31:56.230169
File size    : 15629 bytes
STATUS       : ALREADY PROCESSED

Checking file: 2025-07-10/orders_enriched.csv
File time    : 2026-09-30 17:31:56.231152
File size    : 15323 bytes
STATUS       : ALREADY PROCESSED

Checking file: 2025-07-11/orders_enriched.csv
File time    : 2026-09-30 17:31:56.236291
File size    : 14582 bytes
STATUS       : ALREADY PROCESSED

Checking file: 2025-07-12/orders_enriched.csv
File time    : 2026-09-30 17:31:56.239022
File size    : 13996 bytes
STATUS       : ALREADY PROCESSED

Checking file: 2025-07-13/orders_enriched.csv
File time    : 2026-09-30 17:31:56.241093
File size    : 18610 bytes
STATUS       : ALREADY PROCESSED

Checking file: 2025-07-14/orders_enriched.csv
File time    : 2026-09-30 17:31:56.245402
File size    : 13699 bytes
STATUS       : ALREADY PROCESSED

Checking file: 2025-07-15/orders_enriched.csv
File time    : 2026-09-30 17:31:56.247419
File size    : 14652 bytes
STATUS       : ALREADY PROCESSED

Checking file: 2025-07-16/orders_enriched.csv
File time    : 2026-09-30 17:31:56.249406
File size    : 15819 bytes
STATUS       : ALREADY PROCESSED

Checking file: 2025-07-17/orders_enriched.csv
File time    : 2026-09-30 17:31:56.252394
File size    : 15363 bytes
STATUS       : ALREADY PROCESSED

Checking file: 2025-07-18/orders_enriched.csv
File time    : 2026-09-30 17:31:56.257180
File size    : 12515 bytes
STATUS       : ALREADY PROCESSED

Checking file: 2025-07-19/orders_enriched.csv
File time    : 2026-09-30 17:31:56.261646
File size    : 14413 bytes
STATUS       : ALREADY PROCESSED

Checking file: 2025-07-20/orders_enriched.csv
File time    : 2026-09-30 17:31:56.264645
File size    : 16964 bytes
STATUS       : ALREADY PROCESSED

Checking file: 2025-07-21/orders_enriched.csv
File time    : 2026-09-30 17:31:56.264645
File size    : 14900 bytes
STATUS       : ALREADY PROCESSED

Checking file: 2025-07-22/orders_enriched.csv
File time    : 2026-09-30 17:31:56.269958
File size    : 12954 bytes
STATUS       : ALREADY PROCESSED

Checking file: 2025-07-23/orders_enriched.csv
File time    : 2026-09-30 17:31:56.274054
File size    : 15244 bytes
STATUS       : ALREADY PROCESSED

Checking file: 2025-07-24/orders_enriched.csv
File time    : 2026-09-30 17:31:56.278583
File size    : 15063 bytes
STATUS       : ALREADY PROCESSED

Checking file: 2025-07-25/orders_enriched.csv
File time    : 2026-09-30 17:31:56.281637
File size    : 15003 bytes
STATUS       : ALREADY PROCESSED

Checking file: 2025-07-26/orders_enriched.csv
File time    : 2026-09-30 17:31:56.281637
File size    : 12759 bytes
STATUS       : ALREADY PROCESSED

Checking file: 2025-07-27/orders_enriched.csv
File time    : 2026-09-30 17:31:56.289296
File size    : 15280 bytes
STATUS       : ALREADY PROCESSED

Checking file: 2025-07-28/orders_enriched.csv
File time    : 2026-09-30 17:31:56.291370
File size    : 16102 bytes
STATUS       : ALREADY PROCESSED

Checking file: 2025-07-29/orders_enriched.csv
File time    : 2026-09-30 17:31:56.297480
File size    : 13625 bytes
STATUS       : ALREADY PROCESSED

Checking file: 2025-07-30/orders_enriched.csv
File time    : 2026-09-30 17:31:56.299530
File size    : 11724 bytes
STATUS       : ALREADY PROCESSED

Checking file: 2025-07-31/orders_enriched.csv
File time    : 2026-09-30 17:31:56.300581
File size    : 16045 bytes
STATUS       : ALREADY PROCESSED

Checking file: 2025-08-01/orders_enriched.csv
File time    : 2026-09-30 17:31:56.308196
File size    : 17642 bytes
STATUS       : ALREADY PROCESSED

Checking file: 2025-08-02/orders_enriched.csv
File time    : 2026-09-30 17:31:56.311177
File size    : 14433 bytes
STATUS       : ALREADY PROCESSED

Checking file: 2025-08-03/orders_enriched.csv
File time    : 2026-09-30 17:31:56.311177
File size    : 13122 bytes
STATUS       : ALREADY PROCESSED

Checking file: 2025-08-04/orders_enriched.csv
File time    : 2026-09-30 17:31:56.317477
File size    : 16124 bytes
STATUS       : ALREADY PROCESSED

Checking file: 2025-08-05/orders_enriched.csv
File time    : 2026-09-30 17:31:56.321648
File size    : 17280 bytes
STATUS       : ALREADY PROCESSED

Checking file: 2025-08-06/orders_enriched.csv
File time    : 2026-09-30 17:31:56.322648
File size    : 16887 bytes
STATUS       : ALREADY PROCESSED

Checking file: 2025-08-07/orders_enriched.csv
File time    : 2026-09-30 17:31:56.329945
File size    : 15524 bytes
STATUS       : ALREADY PROCESSED

Checking file: 2025-08-08/orders_enriched.csv
File time    : 2026-09-30 17:31:56.332927
File size    : 19196 bytes
STATUS       : ALREADY PROCESSED

Checking file: 2025-08-09/orders_enriched.csv
File time    : 2026-09-30 17:31:56.333936
File size    : 18022 bytes
STATUS       : ALREADY PROCESSED

Checking file: 2025-08-10/orders_enriched.csv
File time    : 2026-09-30 17:31:56.341636
File size    : 15584 bytes
STATUS       : ALREADY PROCESSED

Checking file: 2025-08-11/orders_enriched.csv
File time    : 2026-09-30 17:31:56.344564
File size    : 16805 bytes
STATUS       : ALREADY PROCESSED

Checking file: 2025-08-12/orders_enriched.csv
File time    : 2026-09-30 17:31:56.348068
File size    : 14594 bytes
STATUS       : ALREADY PROCESSED

Checking file: 2025-08-13/orders_enriched.csv
File time    : 2026-09-30 17:31:56.351063
File size    : 14361 bytes
STATUS       : ALREADY PROCESSED

Checking file: 2025-08-14/orders_enriched.csv
File time    : 2026-09-30 17:31:56.353971
File size    : 14121 bytes
STATUS       : ALREADY PROCESSED

Checking file: 2025-08-15/orders_enriched.csv
File time    : 2026-09-30 17:31:56.359366
File size    : 13323 bytes
STATUS       : ALREADY PROCESSED

Checking file: 2025-08-16/orders_enriched.csv
File time    : 2026-09-30 17:31:56.362932
File size    : 17112 bytes
STATUS       : ALREADY PROCESSED

Checking file: 2025-08-17/orders_enriched.csv
File time    : 2026-09-30 17:31:56.365926
File size    : 14053 bytes
STATUS       : ALREADY PROCESSED

Checking file: 2025-08-18/orders_enriched.csv
File time    : 2026-09-30 17:31:56.366925
File size    : 13974 bytes
STATUS       : ALREADY PROCESSED

Checking file: 2025-08-19/orders_enriched.csv
File time    : 2026-09-30 17:31:56.374594
File size    : 16667 bytes
STATUS       : ALREADY PROCESSED

Checking file: 2025-08-20/orders_enriched.csv
File time    : 2026-09-30 17:31:56.377594
File size    : 17191 bytes
STATUS       : ALREADY PROCESSED

Checking file: 2025-08-21/orders_enriched.csv
File time    : 2026-09-30 17:31:56.377594
File size    : 15102 bytes
STATUS       : ALREADY PROCESSED

Checking file: 2025-08-22/orders_enriched.csv
File time    : 2026-09-30 17:31:56.384214
File size    : 14204 bytes
STATUS       : ALREADY PROCESSED

Checking file: 2025-08-23/orders_enriched.csv
File time    : 2026-09-30 17:31:56.387206
File size    : 13345 bytes
STATUS       : ALREADY PROCESSED

Checking file: 2025-08-24/orders_enriched.csv
File time    : 2026-09-30 17:31:56.389206
File size    : 13563 bytes
STATUS       : ALREADY PROCESSED

Checking file: 2025-08-25/orders_enriched.csv
File time    : 2026-09-30 17:31:56.395224
File size    : 16790 bytes
STATUS       : ALREADY PROCESSED

Checking file: 2025-08-26/orders_enriched.csv
File time    : 2026-09-30 17:31:56.398222
File size    : 14418 bytes
STATUS       : ALREADY PROCESSED

Checking file: 2025-08-27/orders_enriched.csv
File time    : 2026-09-30 17:31:56.401687
File size    : 13646 bytes
STATUS       : ALREADY PROCESSED

Checking file: 2025-08-28/orders_enriched.csv
File time    : 2026-09-30 17:31:56.406857
File size    : 14844 bytes
STATUS       : ALREADY PROCESSED

Checking file: 2025-08-29/orders_enriched.csv
File time    : 2026-09-30 17:31:56.408743
File size    : 16491 bytes
STATUS       : ALREADY PROCESSED

Checking file: 2025-08-30/orders_enriched.csv
File time    : 2026-09-30 17:31:56.408743
File size    : 15588 bytes
STATUS       : ALREADY PROCESSED

Checking file: 2025-08-31/orders_enriched.csv
File time    : 2026-09-30 17:31:56.417092
File size    : 17790 bytes
STATUS       : ALREADY PROCESSED

Checking file: 2025-09-01/orders_enriched.csv
File time    : 2026-09-30 17:31:56.420436
File size    : 14178 bytes
STATUS       : ALREADY PROCESSED

Checking file: 2025-09-02/orders_enriched.csv
File time    : 2026-09-30 17:31:56.422222
File size    : 15276 bytes
STATUS       : ALREADY PROCESSED

Checking file: 2025-09-03/orders_enriched.csv
File time    : 2026-09-30 17:31:56.429091
File size    : 16653 bytes
STATUS       : ALREADY PROCESSED

Checking file: 2025-09-04/orders_enriched.csv
File time    : 2026-09-30 17:31:56.432020
File size    : 17276 bytes
STATUS       : ALREADY PROCESSED

Checking file: 2025-09-05/orders_enriched.csv
File time    : 2026-09-30 17:31:56.432020
File size    : 17243 bytes
STATUS       : ALREADY PROCESSED

Checking file: 2025-09-06/orders_enriched.csv
File time    : 2026-09-30 17:31:56.439942
File size    : 13674 bytes
STATUS       : ALREADY PROCESSED

Checking file: 2025-09-07/orders_enriched.csv
File time    : 2026-09-30 17:31:56.441988
File size    : 15696 bytes
STATUS       : ALREADY PROCESSED

Checking file: 2025-09-08/orders_enriched.csv
File time    : 2026-09-30 17:31:56.441988
File size    : 14908 bytes
STATUS       : ALREADY PROCESSED

Checking file: 2025-09-09/orders_enriched.csv
File time    : 2026-09-30 17:31:56.448795
File size    : 13975 bytes
STATUS       : ALREADY PROCESSED

Checking file: 2025-09-10/orders_enriched.csv
File time    : 2026-09-30 17:31:56.451812
File size    : 16015 bytes
STATUS       : ALREADY PROCESSED

Checking file: 2025-09-11/orders_enriched.csv
File time    : 2026-09-30 17:31:56.454866
File size    : 13916 bytes
STATUS       : ALREADY PROCESSED

Checking file: 2025-09-12/orders_enriched.csv
File time    : 2026-09-30 17:31:56.459861
File size    : 17570 bytes
STATUS       : ALREADY PROCESSED

Checking file: 2025-09-13/orders_enriched.csv
File time    : 2026-09-30 17:31:56.461854
File size    : 16086 bytes
STATUS       : ALREADY PROCESSED

Checking file: 2025-09-14/orders_enriched.csv
File time    : 2026-09-30 17:31:56.461854
File size    : 18011 bytes
STATUS       : ALREADY PROCESSED

Checking file: 2025-09-15/orders_enriched.csv
File time    : 2026-09-30 17:31:56.467530
File size    : 12355 bytes
STATUS       : ALREADY PROCESSED

Checking file: 2025-09-16/orders_enriched.csv
File time    : 2026-09-30 17:31:56.469533
File size    : 16009 bytes
STATUS       : ALREADY PROCESSED

Checking file: 2025-09-17/orders_enriched.csv
File time    : 2026-09-30 17:31:56.472203
File size    : 13482 bytes
STATUS       : ALREADY PROCESSED

Checking file: 2025-09-18/orders_enriched.csv
File time    : 2026-09-30 17:31:56.478117
File size    : 14339 bytes
STATUS       : ALREADY PROCESSED

Checking file: 2025-09-19/orders_enriched.csv
File time    : 2026-09-30 17:31:56.480071
File size    : 14279 bytes
STATUS       : ALREADY PROCESSED

Checking file: 2025-09-20/orders_enriched.csv
File time    : 2026-09-30 17:31:56.482033
File size    : 19144 bytes
STATUS       : ALREADY PROCESSED

Checking file: 2025-09-21/orders_enriched.csv
File time    : 2026-09-30 17:31:56.489398
File size    : 14982 bytes
STATUS       : ALREADY PROCESSED

Checking file: 2025-09-22/orders_enriched.csv
File time    : 2026-09-30 17:31:56.492413
File size    : 16072 bytes
STATUS       : ALREADY PROCESSED

Checking file: 2025-09-23/orders_enriched.csv
File time    : 2026-09-30 17:31:56.495886
File size    : 17235 bytes
STATUS       : ALREADY PROCESSED

Checking file: 2025-09-24/orders_enriched.csv
File time    : 2026-09-30 17:31:56.498860
File size    : 15223 bytes
STATUS       : ALREADY PROCESSED

Checking file: 2025-09-25/orders_enriched.csv
File time    : 2026-09-30 17:31:56.500788
File size    : 14336 bytes
STATUS       : ALREADY PROCESSED

Checking file: 2025-09-26/orders_enriched.csv
File time    : 2026-09-30 17:31:56.504169
File size    : 17233 bytes
STATUS       : ALREADY PROCESSED

Checking file: 2025-09-27/orders_enriched.csv
File time    : 2026-09-30 17:31:56.508848
File size    : 13918 bytes
STATUS       : ALREADY PROCESSED

Checking file: 2025-09-28/orders_enriched.csv
File time    : 2026-09-30 17:31:56.510756
File size    : 15374 bytes
STATUS       : ALREADY PROCESSED

Checking file: 2025-09-29/orders_enriched.csv
File time    : 2026-09-30 17:31:56.510756
File size    : 15385 bytes
STATUS       : ALREADY PROCESSED

Checking file: 2025-09-30/orders_enriched.csv
File time    : 2026-09-30 17:31:56.516737
File size    : 13878 bytes
STATUS       : ALREADY PROCESSED

Checking file: 2025-10-01/orders_enriched.csv
File time    : 2026-09-30 17:31:56.518740
File size    : 16815 bytes
STATUS       : ALREADY PROCESSED

Checking file: 2025-10-02/orders_enriched.csv
File time    : 2026-09-30 17:31:56.522000
File size    : 13845 bytes
STATUS       : ALREADY PROCESSED

Checking file: 2025-10-03/orders_enriched.csv
File time    : 2026-09-30 17:31:56.527168
File size    : 17945 bytes
STATUS       : ALREADY PROCESSED

Checking file: 2025-10-04/orders_enriched.csv
File time    : 2026-09-30 17:31:56.530177
File size    : 13679 bytes
STATUS       : ALREADY PROCESSED

Checking file: 2025-10-05/orders_enriched.csv
File time    : 2026-09-30 17:31:56.532569
File size    : 16537 bytes
STATUS       : ALREADY PROCESSED

Checking file: 2025-10-06/orders_enriched.csv
File time    : 2026-09-30 17:31:56.534645
File size    : 13601 bytes
STATUS       : ALREADY PROCESSED

Checking file: 2025-10-07/orders_enriched.csv
File time    : 2026-09-30 17:31:56.537654
File size    : 16893 bytes
STATUS       : ALREADY PROCESSED

Checking file: 2025-10-08/orders_enriched.csv
File time    : 2026-09-30 17:31:56.539901
File size    : 17337 bytes
STATUS       : ALREADY PROCESSED

Checking file: 2025-10-09/orders_enriched.csv
File time    : 2026-09-30 17:31:56.545085
File size    : 9746 bytes
STATUS       : ALREADY PROCESSED

Checking file: 2025-10-10/orders_enriched.csv
File time    : 2026-09-30 17:31:56.548116
File size    : 15010 bytes
STATUS       : ALREADY PROCESSED

Checking file: 2025-10-11/orders_enriched.csv
File time    : 2026-09-30 17:31:56.549027
File size    : 14817 bytes
STATUS       : ALREADY PROCESSED

Checking file: 2025-10-12/orders_enriched.csv
File time    : 2026-09-30 17:31:56.553550
File size    : 14065 bytes
STATUS       : ALREADY PROCESSED

Checking file: 2025-10-13/orders_enriched.csv
File time    : 2026-09-30 17:31:56.557057
File size    : 15173 bytes
STATUS       : ALREADY PROCESSED

Checking file: 2025-10-14/orders_enriched.csv
File time    : 2026-09-30 17:31:56.557057
File size    : 15223 bytes
STATUS       : ALREADY PROCESSED

Checking file: 2025-10-15/orders_enriched.csv
File time    : 2026-09-30 17:31:56.563318
File size    : 17055 bytes
STATUS       : ALREADY PROCESSED

Checking file: 2025-10-16/orders_enriched.csv
File time    : 2026-09-30 17:31:56.566321
File size    : 17806 bytes
STATUS       : ALREADY PROCESSED

Checking file: 2025-10-17/orders_enriched.csv
File time    : 2026-09-30 17:31:56.567287
File size    : 12302 bytes
STATUS       : ALREADY PROCESSED

Checking file: 2025-10-18/orders_enriched.csv
File time    : 2026-09-30 17:31:56.572312
File size    : 13482 bytes
STATUS       : ALREADY PROCESSED

Checking file: 2025-10-19/orders_enriched.csv
File time    : 2026-09-30 17:31:56.575835
File size    : 15253 bytes
STATUS       : ALREADY PROCESSED

Checking file: 2025-10-20/orders_enriched.csv
File time    : 2026-09-30 17:31:56.575835
File size    : 17599 bytes
STATUS       : ALREADY PROCESSED

Checking file: 2025-10-21/orders_enriched.csv
File time    : 2026-09-30 17:31:56.582378
File size    : 10964 bytes
STATUS       : ALREADY PROCESSED

Checking file: 2025-10-22/orders_enriched.csv
File time    : 2026-09-30 17:31:56.585381
File size    : 16152 bytes
STATUS       : ALREADY PROCESSED

Checking file: 2025-10-23/orders_enriched.csv
File time    : 2026-09-30 17:31:56.589047
File size    : 16564 bytes
STATUS       : ALREADY PROCESSED

Checking file: 2025-10-24/orders_enriched.csv
File time    : 2026-09-30 17:31:56.593337
File size    : 18976 bytes
STATUS       : ALREADY PROCESSED

Checking file: 2025-10-25/orders_enriched.csv
File time    : 2026-09-30 17:31:56.594359
File size    : 15695 bytes
STATUS       : ALREADY PROCESSED

Checking file: 2025-10-26/orders_enriched.csv
File time    : 2026-09-30 17:31:56.599768
File size    : 16013 bytes
STATUS       : ALREADY PROCESSED

Checking file: 2025-10-27/orders_enriched.csv
File time    : 2026-09-30 17:31:56.601860
File size    : 13736 bytes
STATUS       : ALREADY PROCESSED

Checking file: 2025-10-28/orders_enriched.csv
File time    : 2026-09-30 17:31:56.604768
File size    : 13068 bytes
STATUS       : ALREADY PROCESSED

Checking file: 2025-10-29/orders_enriched.csv
File time    : 2026-09-30 17:31:56.609053
File size    : 13950 bytes
STATUS       : ALREADY PROCESSED

Checking file: 2025-10-30/orders_enriched.csv
File time    : 2026-09-30 17:31:56.612022
File size    : 14015 bytes
STATUS       : ALREADY PROCESSED

Checking file: 2025-10-31/orders_enriched.csv
File time    : 2026-09-30 17:31:56.612932
File size    : 12236 bytes
STATUS       : ALREADY PROCESSED

Checking file: 2025-11-01/orders_enriched.csv
File time    : 2026-09-30 17:31:56.616822
File size    : 14212 bytes
STATUS       : ALREADY PROCESSED

Checking file: 2025-11-02/orders_enriched.csv
File time    : 2026-09-30 17:31:56.619824
File size    : 16070 bytes
STATUS       : ALREADY PROCESSED

Checking file: 2025-11-03/orders_enriched.csv
File time    : 2026-09-30 17:31:56.622080
File size    : 15969 bytes
STATUS       : ALREADY PROCESSED

Checking file: 2025-11-04/orders_enriched.csv
File time    : 2026-09-30 17:31:56.627001
File size    : 11764 bytes
STATUS       : ALREADY PROCESSED

Checking file: 2025-11-05/orders_enriched.csv
File time    : 2026-09-30 17:31:56.630000
File size    : 16903 bytes
STATUS       : ALREADY PROCESSED

Checking file: 2025-11-06/orders_enriched.csv
File time    : 2026-09-30 17:31:56.630970
File size    : 15300 bytes
STATUS       : ALREADY PROCESSED

Checking file: 2025-11-07/orders_enriched.csv
File time    : 2026-09-30 17:31:56.634568
File size    : 14355 bytes
STATUS       : ALREADY PROCESSED

Checking file: 2025-11-08/orders_enriched.csv
File time    : 2026-09-30 17:31:56.637492
File size    : 14510 bytes
STATUS       : ALREADY PROCESSED

Checking file: 2025-11-09/orders_enriched.csv
File time    : 2026-09-30 17:31:56.638442
File size    : 14056 bytes
STATUS       : ALREADY PROCESSED

Checking file: 2025-11-10/orders_enriched.csv
File time    : 2026-09-30 17:31:56.645411
File size    : 15820 bytes
STATUS       : ALREADY PROCESSED

Checking file: 2025-11-11/orders_enriched.csv
File time    : 2026-09-30 17:31:56.647483
File size    : 15426 bytes
STATUS       : ALREADY PROCESSED

Checking file: 2025-11-12/orders_enriched.csv
File time    : 2026-09-30 17:31:56.649408
File size    : 15169 bytes
STATUS       : ALREADY PROCESSED

Checking file: 2025-11-13/orders_enriched.csv
File time    : 2026-09-30 17:31:56.652707
File size    : 14786 bytes
STATUS       : ALREADY PROCESSED

Checking file: 2025-11-14/orders_enriched.csv
File time    : 2026-09-30 17:31:56.656879
File size    : 15963 bytes
STATUS       : ALREADY PROCESSED

Checking file: 2025-11-15/orders_enriched.csv
File time    : 2026-09-30 17:31:56.662012
File size    : 16102 bytes
STATUS       : ALREADY PROCESSED

Checking file: 2025-11-16/orders_enriched.csv
File time    : 2026-09-30 17:31:56.664005
File size    : 12953 bytes
STATUS       : ALREADY PROCESSED

Checking file: 2025-11-17/orders_enriched.csv
File time    : 2026-09-30 17:31:56.664926
File size    : 12250 bytes
STATUS       : ALREADY PROCESSED

Checking file: 2025-11-18/orders_enriched.csv
File time    : 2026-09-30 17:31:56.669133
File size    : 15038 bytes
STATUS       : ALREADY PROCESSED

Checking file: 2025-11-19/orders_enriched.csv
File time    : 2026-09-30 17:31:56.672472
File size    : 14209 bytes
STATUS       : ALREADY PROCESSED

Checking file: 2025-11-20/orders_enriched.csv
File time    : 2026-09-30 17:31:56.673530
File size    : 15538 bytes
STATUS       : ALREADY PROCESSED

Checking file: 2025-11-21/orders_enriched.csv
File time    : 2026-09-30 17:31:56.679092
File size    : 14161 bytes
STATUS       : ALREADY PROCESSED

Checking file: 2025-11-22/orders_enriched.csv
File time    : 2026-09-30 17:31:56.682018
File size    : 14572 bytes
STATUS       : ALREADY PROCESSED

Checking file: 2025-11-23/orders_enriched.csv
File time    : 2026-09-30 17:31:56.683017
File size    : 12751 bytes
STATUS       : ALREADY PROCESSED

Checking file: 2025-11-24/orders_enriched.csv
File time    : 2026-09-30 17:31:56.686808
File size    : 15167 bytes
STATUS       : ALREADY PROCESSED

Checking file: 2025-11-25/orders_enriched.csv
File time    : 2026-09-30 17:31:56.691782
File size    : 13858 bytes
STATUS       : ALREADY PROCESSED

Checking file: 2025-11-26/orders_enriched.csv
File time    : 2026-09-30 17:31:56.691782
File size    : 14273 bytes
STATUS       : ALREADY PROCESSED

Checking file: 2025-11-27/orders_enriched.csv
File time    : 2026-09-30 17:31:56.697142
File size    : 12155 bytes
STATUS       : ALREADY PROCESSED

Checking file: 2025-11-28/orders_enriched.csv
File time    : 2026-09-30 17:31:56.699134
File size    : 14814 bytes
STATUS       : ALREADY PROCESSED

Checking file: 2025-11-29/orders_enriched.csv
File time    : 2026-09-30 17:31:56.701060
File size    : 16121 bytes
STATUS       : ALREADY PROCESSED

Checking file: 2025-11-30/orders_enriched.csv
File time    : 2026-09-30 17:31:56.705310
File size    : 16118 bytes
STATUS       : ALREADY PROCESSED

Checking file: 2025-12-01/orders_enriched.csv
File time    : 2026-09-30 17:31:56.708968
File size    : 15755 bytes
STATUS       : ALREADY PROCESSED

Checking file: 2025-12-02/orders_enriched.csv
File time    : 2026-09-30 17:31:56.708968
File size    : 15728 bytes
STATUS       : ALREADY PROCESSED

Checking file: 2025-12-03/orders_enriched.csv
File time    : 2026-09-30 17:31:56.714833
File size    : 15956 bytes
STATUS       : ALREADY PROCESSED

Checking file: 2025-12-04/orders_enriched.csv
File time    : 2026-09-30 17:31:56.716810
File size    : 15450 bytes
STATUS       : ALREADY PROCESSED

Checking file: 2025-12-05/orders_enriched.csv
File time    : 2026-09-30 17:31:56.719076
File size    : 13391 bytes
STATUS       : ALREADY PROCESSED

Checking file: 2025-12-06/orders_enriched.csv
File time    : 2026-09-30 17:31:56.723652
File size    : 17504 bytes
STATUS       : ALREADY PROCESSED

Checking file: 2025-12-07/orders_enriched.csv
File time    : 2026-09-30 17:31:56.726688
File size    : 15365 bytes
STATUS       : ALREADY PROCESSED

Checking file: 2025-12-08/orders_enriched.csv
File time    : 2026-09-30 17:31:56.727695
File size    : 16056 bytes
STATUS       : ALREADY PROCESSED

Checking file: 2025-12-09/orders_enriched.csv
File time    : 2026-09-30 17:31:56.732893
File size    : 15375 bytes
STATUS       : ALREADY PROCESSED

Checking file: 2025-12-10/orders_enriched.csv
File time    : 2026-09-30 17:31:56.734818
File size    : 17579 bytes
STATUS       : ALREADY PROCESSED

Checking file: 2025-12-11/orders_enriched.csv
File time    : 2026-09-30 17:31:56.739451
File size    : 16678 bytes
STATUS       : ALREADY PROCESSED

Checking file: 2025-12-12/orders_enriched.csv
File time    : 2026-09-30 17:31:56.743464
File size    : 15535 bytes
STATUS       : ALREADY PROCESSED

Checking file: 2025-12-13/orders_enriched.csv
File time    : 2026-09-30 17:31:56.746908
File size    : 14850 bytes
STATUS       : ALREADY PROCESSED

Checking file: 2025-12-14/orders_enriched.csv
File time    : 2026-09-30 17:31:56.749263
File size    : 12548 bytes
STATUS       : ALREADY PROCESSED

Checking file: 2025-12-15/orders_enriched.csv
File time    : 2026-09-30 17:31:56.752263
File size    : 12649 bytes
STATUS       : ALREADY PROCESSED

Checking file: 2025-12-16/orders_enriched.csv
File time    : 2026-09-30 17:31:56.755264
File size    : 15037 bytes
STATUS       : ALREADY PROCESSED

Checking file: 2025-12-17/orders_enriched.csv
File time    : 2026-09-30 17:31:56.760609
File size    : 12521 bytes
STATUS       : ALREADY PROCESSED

Checking file: 2025-12-18/orders_enriched.csv
File time    : 2026-09-30 17:31:56.763701
File size    : 18314 bytes
STATUS       : ALREADY PROCESSED

Checking file: 2025-12-19/orders_enriched.csv
File time    : 2026-09-30 17:31:56.764654
File size    : 14140 bytes
STATUS       : ALREADY PROCESSED

Checking file: 2025-12-20/orders_enriched.csv
File time    : 2026-09-30 17:31:56.770683
File size    : 14505 bytes
STATUS       : ALREADY PROCESSED

Checking file: 2025-12-21/orders_enriched.csv
File time    : 2026-09-30 17:31:56.773961
File size    : 13062 bytes
STATUS       : ALREADY PROCESSED

Checking file: 2025-12-22/orders_enriched.csv
File time    : 2026-09-30 17:31:56.779337
File size    : 17233 bytes
STATUS       : ALREADY PROCESSED

Checking file: 2025-12-23/orders_enriched.csv
File time    : 2026-09-30 17:31:56.782341
File size    : 16404 bytes
STATUS       : ALREADY PROCESSED

Checking file: 2025-12-24/orders_enriched.csv
File time    : 2026-09-30 17:31:56.782341
File size    : 16478 bytes
STATUS       : ALREADY PROCESSED

Checking file: 2025-12-25/orders_enriched.csv
File time    : 2026-09-30 17:31:56.789163
File size    : 12832 bytes
STATUS       : ALREADY PROCESSED

Checking file: 2025-12-26/orders_enriched.csv
File time    : 2026-09-30 17:31:56.794688
File size    : 15700 bytes
STATUS       : ALREADY PROCESSED

Checking file: 2025-12-27/orders_enriched.csv
File time    : 2026-09-30 17:31:56.796698
File size    : 12956 bytes
STATUS       : ALREADY PROCESSED

Checking file: 2025-12-28/orders_enriched.csv
File time    : 2026-09-30 17:31:56.799788
File size    : 13682 bytes
STATUS       : ALREADY PROCESSED

Checking file: 2025-12-29/orders_enriched.csv
File time    : 2026-09-30 17:31:56.802708
File size    : 17366 bytes
STATUS       : ALREADY PROCESSED

Checking file: 2025-12-30/orders_enriched.csv
File time    : 2026-09-30 17:31:56.805359
File size    : 12978 bytes
STATUS       : ALREADY PROCESSED

Checking file: 2025-12-31/orders_enriched.csv
File time    : 2026-09-30 17:31:56.811064
File size    : 16535 bytes
STATUS       : ALREADY PROCESSED

Checking file: 2026-01-01/orders_enriched.csv
File time    : 2026-09-30 17:31:56.815064
File size    : 13929 bytes
STATUS       : ALREADY PROCESSED

Checking file: 2026-01-02/orders_enriched.csv
File time    : 2026-09-30 17:31:56.815064
File size    : 15443 bytes
STATUS       : ALREADY PROCESSED

Checking file: 2026-01-03/orders_enriched.csv
File time    : 2026-09-30 17:31:56.822062
File size    : 13062 bytes
STATUS       : ALREADY PROCESSED

Checking file: 2026-01-04/orders_enriched.csv
File time    : 2026-09-30 17:31:56.825259
File size    : 13255 bytes
STATUS       : ALREADY PROCESSED

Checking file: 2026-01-05/orders_enriched.csv
File time    : 2026-09-30 17:31:56.831190
File size    : 16757 bytes
STATUS       : ALREADY PROCESSED

Checking file: 2026-01-06/orders_enriched.csv
File time    : 2026-09-30 17:31:56.834191
File size    : 15992 bytes
STATUS       : ALREADY PROCESSED

Checking file: 2026-01-07/orders_enriched.csv
File time    : 2026-09-30 17:31:56.838287
File size    : 15340 bytes
STATUS       : ALREADY PROCESSED

Checking file: 2026-01-08/orders_enriched.csv
File time    : 2026-09-30 17:31:56.842840
File size    : 14585 bytes
STATUS       : ALREADY PROCESSED

Checking file: 2026-01-09/orders_enriched.csv
File time    : 2026-09-30 17:31:56.845897
File size    : 15149 bytes
STATUS       : ALREADY PROCESSED

Checking file: 2026-01-10/orders_enriched.csv
File time    : 2026-09-30 17:31:56.849317
File size    : 15885 bytes
STATUS       : ALREADY PROCESSED

Checking file: 2026-01-11/orders_enriched.csv
File time    : 2026-09-30 17:31:56.850226
File size    : 16981 bytes
STATUS       : ALREADY PROCESSED

Checking file: 2026-01-12/orders_enriched.csv
File time    : 2026-09-30 17:31:56.856282
File size    : 13722 bytes
STATUS       : ALREADY PROCESSED

Checking file: 2026-01-13/orders_enriched.csv
File time    : 2026-09-30 17:31:56.860459
File size    : 14568 bytes
STATUS       : ALREADY PROCESSED

Checking file: 2026-01-14/orders_enriched.csv
File time    : 2026-09-30 17:31:56.860459
File size    : 13686 bytes
STATUS       : ALREADY PROCESSED

Checking file: 2026-01-15/orders_enriched.csv
File time    : 2026-09-30 17:31:56.867539
File size    : 15023 bytes
STATUS       : ALREADY PROCESSED

Checking file: 2026-01-16/orders_enriched.csv
File time    : 2026-09-30 17:31:56.870534
File size    : 13639 bytes
STATUS       : ALREADY PROCESSED

Checking file: 2026-01-17/orders_enriched.csv
File time    : 2026-09-30 17:31:56.871812
File size    : 17448 bytes
STATUS       : ALREADY PROCESSED

Checking file: 2026-01-18/orders_enriched.csv
File time    : 2026-09-30 17:31:56.878973
File size    : 17660 bytes
STATUS       : ALREADY PROCESSED

Checking file: 2026-01-19/orders_enriched.csv
File time    : 2026-09-30 17:31:56.881976
File size    : 16696 bytes
STATUS       : ALREADY PROCESSED

Checking file: 2026-01-20/orders_enriched.csv
File time    : 2026-09-30 17:31:56.886769
File size    : 16551 bytes
STATUS       : ALREADY PROCESSED

Checking file: 2026-01-21/orders_enriched.csv
File time    : 2026-09-30 17:31:56.891344
File size    : 15804 bytes
STATUS       : ALREADY PROCESSED

Checking file: 2026-01-22/orders_enriched.csv
File time    : 2026-09-30 17:31:56.894509
File size    : 15838 bytes
STATUS       : ALREADY PROCESSED

Checking file: 2026-01-23/orders_enriched.csv
File time    : 2026-09-30 17:31:56.894509
File size    : 16095 bytes
STATUS       : ALREADY PROCESSED

Checking file: 2026-01-24/orders_enriched.csv
File time    : 2026-09-30 17:31:56.894509
File size    : 17287 bytes
STATUS       : ALREADY PROCESSED

Checking file: 2026-01-25/orders_enriched.csv
File time    : 2026-09-30 17:31:56.906426
File size    : 17693 bytes
STATUS       : ALREADY PROCESSED

Checking file: 2026-01-26/orders_enriched.csv
File time    : 2026-09-30 17:31:56.908314
File size    : 13652 bytes
STATUS       : ALREADY PROCESSED

Checking file: 2026-01-27/orders_enriched.csv
File time    : 2026-09-30 17:31:56.912486
File size    : 14674 bytes
STATUS       : ALREADY PROCESSED

Checking file: 2026-01-28/orders_enriched.csv
File time    : 2026-09-30 17:31:56.916536
File size    : 15164 bytes
STATUS       : ALREADY PROCESSED

Checking file: 2026-01-29/orders_enriched.csv
File time    : 2026-09-30 17:31:56.920004
File size    : 17367 bytes
STATUS       : ALREADY PROCESSED

Checking file: 2026-01-30/orders_enriched.csv
File time    : 2026-09-30 17:31:56.922001
File size    : 14283 bytes
STATUS       : ALREADY PROCESSED

Checking file: 2026-01-31/orders_enriched.csv
File time    : 2026-09-30 17:31:56.928977
File size    : 14704 bytes
STATUS       : ALREADY PROCESSED

Checking file: 2026-02-01/orders_enriched.csv
File time    : 2026-09-30 17:31:56.931977
File size    : 14317 bytes
STATUS       : ALREADY PROCESSED

Checking file: 2026-02-02/orders_enriched.csv
File time    : 2026-09-30 17:31:56.931977
File size    : 19257 bytes
STATUS       : ALREADY PROCESSED

Checking file: 2026-02-03/orders_enriched.csv
File time    : 2026-09-30 17:31:56.941053
File size    : 16236 bytes
STATUS       : ALREADY PROCESSED

Checking file: 2026-02-04/orders_enriched.csv
File time    : 2026-09-30 17:31:56.944216
File size    : 14875 bytes
STATUS       : ALREADY PROCESSED

Checking file: 2026-02-05/orders_enriched.csv
File time    : 2026-09-30 17:31:56.944216
File size    : 15643 bytes
STATUS       : ALREADY PROCESSED

Checking file: 2026-02-06/orders_enriched.csv
File time    : 2026-09-30 17:31:56.944216
File size    : 14048 bytes
STATUS       : ALREADY PROCESSED

Checking file: 2026-02-07/orders_enriched.csv
File time    : 2026-09-30 17:31:56.955696
File size    : 19745 bytes
STATUS       : ALREADY PROCESSED

Checking file: 2026-02-08/orders_enriched.csv
File time    : 2026-09-30 17:31:56.957826
File size    : 13309 bytes
STATUS       : ALREADY PROCESSED

Checking file: 2026-02-09/orders_enriched.csv
File time    : 2026-09-30 17:31:56.963514
File size    : 15613 bytes
STATUS       : ALREADY PROCESSED

Checking file: 2026-02-10/orders_enriched.csv
File time    : 2026-09-30 17:31:56.966432
File size    : 15886 bytes
STATUS       : ALREADY PROCESSED

Checking file: 2026-02-11/orders_enriched.csv
File time    : 2026-09-30 17:31:56.970040
File size    : 14592 bytes
STATUS       : ALREADY PROCESSED

Checking file: 2026-02-12/orders_enriched.csv
File time    : 2026-09-30 17:31:56.975501
File size    : 14600 bytes
STATUS       : ALREADY PROCESSED

Checking file: 2026-02-13/orders_enriched.csv
File time    : 2026-09-30 17:31:56.979524
File size    : 15372 bytes
STATUS       : ALREADY PROCESSED

Checking file: 2026-02-14/orders_enriched.csv
File time    : 2026-09-30 17:31:56.984346
File size    : 16618 bytes
STATUS       : ALREADY PROCESSED

Checking file: 2026-02-15/orders_enriched.csv
File time    : 2026-09-30 17:31:56.988130
File size    : 17869 bytes
STATUS       : ALREADY PROCESSED

Checking file: 2026-02-16/orders_enriched.csv
File time    : 2026-09-30 17:31:56.993820
File size    : 13736 bytes
STATUS       : ALREADY PROCESSED

Checking file: 2026-02-17/orders_enriched.csv
File time    : 2026-09-30 17:31:56.997867
File size    : 13394 bytes
STATUS       : ALREADY PROCESSED

Checking file: 2026-02-18/orders_enriched.csv
File time    : 2026-09-30 17:31:56.997867
File size    : 17516 bytes
STATUS       : ALREADY PROCESSED

Checking file: 2026-02-19/orders_enriched.csv
File time    : 2026-09-30 17:31:57.003220
File size    : 15009 bytes
STATUS       : ALREADY PROCESSED

Checking file: 2026-02-20/orders_enriched.csv
File time    : 2026-09-30 17:31:57.007224
File size    : 14736 bytes
STATUS       : ALREADY PROCESSED

Checking file: 2026-02-21/orders_enriched.csv
File time    : 2026-09-30 17:31:57.009530
File size    : 14607 bytes
STATUS       : ALREADY PROCESSED

Checking file: 2026-02-22/orders_enriched.csv
File time    : 2026-09-30 17:31:57.012789
File size    : 14542 bytes
STATUS       : ALREADY PROCESSED

Checking file: 2026-02-23/orders_enriched.csv
File time    : 2026-09-30 17:31:57.014790
File size    : 15566 bytes
STATUS       : ALREADY PROCESSED

Checking file: 2026-02-24/orders_enriched.csv
File time    : 2026-09-30 17:31:57.016705
File size    : 15106 bytes
STATUS       : ALREADY PROCESSED

Checking file: 2026-02-25/orders_enriched.csv
File time    : 2026-09-30 17:31:57.019994
File size    : 12319 bytes
STATUS       : ALREADY PROCESSED

Checking file: 2026-02-26/orders_enriched.csv
File time    : 2026-09-30 17:31:57.024902
File size    : 16255 bytes
STATUS       : ALREADY PROCESSED

Checking file: 2026-02-27/orders_enriched.csv
File time    : 2026-09-30 17:31:57.027784
File size    : 14228 bytes
STATUS       : ALREADY PROCESSED

Checking file: 2026-02-28/orders_enriched.csv
File time    : 2026-09-30 17:31:57.029779
File size    : 14180 bytes
STATUS       : ALREADY PROCESSED

Checking file: 2026-03-01/orders_enriched.csv
File time    : 2026-09-30 17:31:57.031778
File size    : 15655 bytes
STATUS       : ALREADY PROCESSED

Checking file: 2026-03-02/orders_enriched.csv
File time    : 2026-09-30 17:31:57.035731
File size    : 15025 bytes
STATUS       : ALREADY PROCESSED

Checking file: 2026-03-03/orders_enriched.csv
File time    : 2026-09-30 17:31:57.040355
File size    : 17551 bytes
STATUS       : ALREADY PROCESSED

Checking file: 2026-03-04/orders_enriched.csv
File time    : 2026-09-30 17:31:57.040355
File size    : 15187 bytes
STATUS       : ALREADY PROCESSED

Checking file: 2026-03-05/orders_enriched.csv
File time    : 2026-09-30 17:31:57.045646
File size    : 16435 bytes
STATUS       : ALREADY PROCESSED

Checking file: 2026-03-06/orders_enriched.csv
File time    : 2026-09-30 17:31:57.048648
File size    : 14859 bytes
STATUS       : ALREADY PROCESSED

Checking file: 2026-03-07/orders_enriched.csv
File time    : 2026-09-30 17:31:57.049571
File size    : 15183 bytes
STATUS       : ALREADY PROCESSED

Checking file: 2026-03-08/orders_enriched.csv
File time    : 2026-09-30 17:31:57.054769
File size    : 16548 bytes
STATUS       : ALREADY PROCESSED

Checking file: 2026-03-09/orders_enriched.csv
File time    : 2026-09-30 17:31:57.058913
File size    : 14712 bytes
STATUS       : ALREADY PROCESSED

Checking file: 2026-03-10/orders_enriched.csv
File time    : 2026-09-30 17:31:57.058913
File size    : 14549 bytes
STATUS       : ALREADY PROCESSED

Checking file: 2026-03-11/orders_enriched.csv
File time    : 2026-09-30 17:31:57.063953
File size    : 14845 bytes
STATUS       : ALREADY PROCESSED

Checking file: 2026-03-12/orders_enriched.csv
File time    : 2026-09-30 17:31:57.065881
File size    : 13506 bytes
STATUS       : ALREADY PROCESSED

Checking file: 2026-03-13/orders_enriched.csv
File time    : 2026-09-30 17:31:57.067882
File size    : 15743 bytes
STATUS       : ALREADY PROCESSED

Checking file: 2026-03-14/orders_enriched.csv
File time    : 2026-09-30 17:31:57.073228
File size    : 18987 bytes
STATUS       : ALREADY PROCESSED

Checking file: 2026-03-15/orders_enriched.csv
File time    : 2026-09-30 17:31:57.076262
File size    : 14910 bytes
STATUS       : ALREADY PROCESSED

Checking file: 2026-03-16/orders_enriched.csv
File time    : 2026-09-30 17:31:57.077189
File size    : 15355 bytes
STATUS       : ALREADY PROCESSED

Checking file: 2026-03-17/orders_enriched.csv
File time    : 2026-09-30 17:31:57.082611
File size    : 15148 bytes
STATUS       : ALREADY PROCESSED

Checking file: 2026-03-18/orders_enriched.csv
File time    : 2026-09-30 17:31:57.085613
File size    : 18296 bytes
STATUS       : ALREADY PROCESSED

Checking file: 2026-03-19/orders_enriched.csv
File time    : 2026-09-30 17:31:57.087924
File size    : 13024 bytes
STATUS       : ALREADY PROCESSED

Checking file: 2026-03-20/orders_enriched.csv
File time    : 2026-09-30 17:31:57.092590
File size    : 17066 bytes
STATUS       : ALREADY PROCESSED

Checking file: 2026-03-21/orders_enriched.csv
File time    : 2026-09-30 17:31:57.095586
File size    : 14673 bytes
STATUS       : ALREADY PROCESSED

Checking file: 2026-03-22/orders_enriched.csv
File time    : 2026-09-30 17:31:57.096514
File size    : 15195 bytes
STATUS       : ALREADY PROCESSED

Checking file: 2026-03-23/orders_enriched.csv
File time    : 2026-09-30 17:31:57.101480
File size    : 16361 bytes
STATUS       : ALREADY PROCESSED

Checking file: 2026-03-24/orders_enriched.csv
File time    : 2026-09-30 17:31:57.104623
File size    : 13524 bytes
STATUS       : ALREADY PROCESSED

Checking file: 2026-03-25/orders_enriched.csv
File time    : 2026-09-30 17:31:57.104623
File size    : 14126 bytes
STATUS       : ALREADY PROCESSED

Checking file: 2026-03-26/orders_enriched.csv
File time    : 2026-09-30 17:31:57.111418
File size    : 14927 bytes
STATUS       : ALREADY PROCESSED

Checking file: 2026-03-27/orders_enriched.csv
File time    : 2026-09-30 17:31:57.114411
File size    : 14244 bytes
STATUS       : ALREADY PROCESSED

Checking file: 2026-03-28/orders_enriched.csv
File time    : 2026-09-30 17:31:57.115311
File size    : 16541 bytes
STATUS       : ALREADY PROCESSED

Checking file: 2026-03-29/orders_enriched.csv
File time    : 2026-09-30 17:31:57.119182
File size    : 16688 bytes
STATUS       : ALREADY PROCESSED

Checking file: 2026-03-30/orders_enriched.csv
File time    : 2026-09-30 17:31:57.122932
File size    : 15140 bytes
STATUS       : ALREADY PROCESSED

Checking file: 2026-03-31/orders_enriched.csv
File time    : 2026-09-30 17:31:57.126599
File size    : 14273 bytes
STATUS       : ALREADY PROCESSED

Checking file: 2026-04-01/orders_enriched.csv
File time    : 2026-09-30 17:31:57.128553
File size    : 14163 bytes
STATUS       : ALREADY PROCESSED

Checking file: 2026-04-02/orders_enriched.csv
File time    : 2026-09-30 17:31:57.130513
File size    : 13530 bytes
STATUS       : ALREADY PROCESSED

Checking file: 2026-04-03/orders_enriched.csv
File time    : 2026-09-30 17:31:57.130513
File size    : 15757 bytes
STATUS       : ALREADY PROCESSED

Checking file: 2026-04-04/orders_enriched.csv
File time    : 2026-09-30 17:31:57.136427
File size    : 13498 bytes
STATUS       : ALREADY PROCESSED

Checking file: 2026-04-05/orders_enriched.csv
File time    : 2026-09-30 17:31:57.140477
File size    : 14191 bytes
STATUS       : ALREADY PROCESSED

Checking file: 2026-04-06/orders_enriched.csv
File time    : 2026-09-30 17:31:57.140477
File size    : 13796 bytes
STATUS       : ALREADY PROCESSED

Checking file: 2026-04-07/orders_enriched.csv
File time    : 2026-09-30 17:31:57.145487
File size    : 12951 bytes
STATUS       : ALREADY PROCESSED

Checking file: 2026-04-08/orders_enriched.csv
File time    : 2026-09-30 17:31:57.148579
File size    : 17117 bytes
STATUS       : ALREADY PROCESSED

Checking file: 2026-04-09/orders_enriched.csv
File time    : 2026-09-30 17:31:57.150505
File size    : 12959 bytes
STATUS       : ALREADY PROCESSED

Checking file: 2026-04-10/orders_enriched.csv
File time    : 2026-09-30 17:31:57.154161
File size    : 18539 bytes
STATUS       : ALREADY PROCESSED

Checking file: 2026-04-11/orders_enriched.csv
File time    : 2026-09-30 17:31:57.158498
File size    : 18354 bytes
STATUS       : ALREADY PROCESSED

Checking file: 2026-04-12/orders_enriched.csv
File time    : 2026-09-30 17:31:57.161685
File size    : 15975 bytes
STATUS       : ALREADY PROCESSED

Checking file: 2026-04-13/orders_enriched.csv
File time    : 2026-09-30 17:31:57.164685
File size    : 17301 bytes
STATUS       : ALREADY PROCESSED

Checking file: 2026-04-14/orders_enriched.csv
File time    : 2026-09-30 17:31:57.165614
File size    : 16186 bytes
STATUS       : ALREADY PROCESSED

Checking file: 2026-04-15/orders_enriched.csv
File time    : 2026-09-30 17:31:57.169835
File size    : 15616 bytes
STATUS       : ALREADY PROCESSED

Checking file: 2026-04-16/orders_enriched.csv
File time    : 2026-09-30 17:31:57.173631
File size    : 12575 bytes
STATUS       : ALREADY PROCESSED

Checking file: 2026-04-17/orders_enriched.csv
File time    : 2026-09-30 17:31:57.174632
File size    : 12545 bytes
STATUS       : ALREADY PROCESSED

Checking file: 2026-04-18/orders_enriched.csv
File time    : 2026-09-30 17:31:57.179404
File size    : 18670 bytes
STATUS       : ALREADY PROCESSED

Checking file: 2026-04-19/orders_enriched.csv
File time    : 2026-09-30 17:31:57.182328
File size    : 14365 bytes
STATUS       : ALREADY PROCESSED

Checking file: 2026-04-20/orders_enriched.csv
File time    : 2026-09-30 17:31:57.183329
File size    : 15836 bytes
STATUS       : ALREADY PROCESSED

Checking file: 2026-04-21/orders_enriched.csv
File time    : 2026-09-30 17:31:57.187026
File size    : 13858 bytes
STATUS       : ALREADY PROCESSED

Checking file: 2026-04-22/orders_enriched.csv
File time    : 2026-09-30 17:31:57.191777
File size    : 16082 bytes
STATUS       : ALREADY PROCESSED

Checking file: 2026-04-23/orders_enriched.csv
File time    : 2026-09-30 17:31:57.194702
File size    : 13719 bytes
STATUS       : ALREADY PROCESSED

Checking file: 2026-04-24/orders_enriched.csv
File time    : 2026-09-30 17:31:57.197722
File size    : 13547 bytes
STATUS       : ALREADY PROCESSED

Checking file: 2026-04-25/orders_enriched.csv
File time    : 2026-09-30 17:31:57.198637
File size    : 14944 bytes
STATUS       : ALREADY PROCESSED

Checking file: 2026-04-26/orders_enriched.csv
File time    : 2026-09-30 17:31:57.202394
File size    : 12915 bytes
STATUS       : ALREADY PROCESSED

Checking file: 2026-04-27/orders_enriched.csv
File time    : 2026-09-30 17:31:57.206491
File size    : 18304 bytes
STATUS       : ALREADY PROCESSED

Checking file: 2026-04-28/orders_enriched.csv
File time    : 2026-09-30 17:31:57.209962
File size    : 12327 bytes
STATUS       : ALREADY PROCESSED

Checking file: 2026-04-29/orders_enriched.csv
File time    : 2026-09-30 17:31:57.211956
File size    : 15313 bytes
STATUS       : ALREADY PROCESSED

Checking file: 2026-04-30/orders_enriched.csv
File time    : 2026-09-30 17:31:57.213923
File size    : 16810 bytes
STATUS       : ALREADY PROCESSED

Checking file: 2026-05-01/orders_enriched.csv
File time    : 2026-09-30 17:31:57.218076
File size    : 14659 bytes
STATUS       : ALREADY PROCESSED

Checking file: 2026-05-02/orders_enriched.csv
File time    : 2026-09-30 17:31:57.221890
File size    : 17858 bytes
STATUS       : ALREADY PROCESSED

Checking file: 2026-05-03/orders_enriched.csv
File time    : 2026-09-30 17:31:57.226544
File size    : 17176 bytes
STATUS       : ALREADY PROCESSED

Checking file: 2026-05-04/orders_enriched.csv
File time    : 2026-09-30 17:31:57.229552
File size    : 12920 bytes
STATUS       : ALREADY PROCESSED

Checking file: 2026-05-05/orders_enriched.csv
File time    : 2026-09-30 17:31:57.230474
File size    : 17634 bytes
STATUS       : ALREADY PROCESSED

Checking file: 2026-05-06/orders_enriched.csv
File time    : 2026-09-30 17:31:57.235403
File size    : 15852 bytes
STATUS       : ALREADY PROCESSED

Checking file: 2026-05-07/orders_enriched.csv
File time    : 2026-09-30 17:31:57.238172
File size    : 14921 bytes
STATUS       : ALREADY PROCESSED

Checking file: 2026-05-08/orders_enriched.csv
File time    : 2026-09-30 17:31:57.239237
File size    : 15929 bytes
STATUS       : ALREADY PROCESSED

Checking file: 2026-05-09/orders_enriched.csv
File time    : 2026-09-30 17:31:57.244634
File size    : 11246 bytes
STATUS       : ALREADY PROCESSED

Checking file: 2026-05-10/orders_enriched.csv
File time    : 2026-09-30 17:31:57.247968
File size    : 19089 bytes
STATUS       : ALREADY PROCESSED

Checking file: 2026-05-11/orders_enriched.csv
File time    : 2026-09-30 17:31:57.249963
File size    : 17093 bytes
STATUS       : ALREADY PROCESSED

Checking file: 2026-05-12/orders_enriched.csv
File time    : 2026-09-30 17:31:57.252748
File size    : 10522 bytes
STATUS       : ALREADY PROCESSED

Checking file: 2026-05-13/orders_enriched.csv
File time    : 2026-09-30 17:31:57.257629
File size    : 13586 bytes
STATUS       : ALREADY PROCESSED

Checking file: 2026-05-14/orders_enriched.csv
File time    : 2026-09-30 17:31:57.260855
File size    : 13823 bytes
STATUS       : ALREADY PROCESSED

Checking file: 2026-05-15/orders_enriched.csv
File time    : 2026-09-30 17:31:57.264816
File size    : 19972 bytes
STATUS       : ALREADY PROCESSED

Checking file: 2026-05-16/orders_enriched.csv
File time    : 2026-09-30 17:31:57.264816
File size    : 15776 bytes
STATUS       : ALREADY PROCESSED

Checking file: 2026-05-17/orders_enriched.csv
File time    : 2026-09-30 17:31:57.271657
File size    : 16574 bytes
STATUS       : ALREADY PROCESSED

Checking file: 2026-05-18/orders_enriched.csv
File time    : 2026-09-30 17:31:57.274958
File size    : 14359 bytes
STATUS       : ALREADY PROCESSED

Checking file: 2026-05-19/orders_enriched.csv
File time    : 2026-09-30 17:31:57.274958
File size    : 10594 bytes
STATUS       : ALREADY PROCESSED

Checking file: 2026-05-20/orders_enriched.csv
File time    : 2026-09-30 17:31:57.283368
File size    : 15255 bytes
STATUS       : ALREADY PROCESSED

Checking file: 2026-05-21/orders_enriched.csv
File time    : 2026-09-30 17:31:57.285332
File size    : 17238 bytes
STATUS       : ALREADY PROCESSED

Checking file: 2026-05-22/orders_enriched.csv
File time    : 2026-09-30 17:31:57.290108
File size    : 13587 bytes
STATUS       : ALREADY PROCESSED

Checking file: 2026-05-23/orders_enriched.csv
File time    : 2026-09-30 17:31:57.295132
File size    : 15756 bytes
STATUS       : ALREADY PROCESSED

Checking file: 2026-05-24/orders_enriched.csv
File time    : 2026-09-30 17:31:57.298138
File size    : 15881 bytes
STATUS       : ALREADY PROCESSED

Checking file: 2026-05-25/orders_enriched.csv
File time    : 2026-09-30 17:31:57.298138
File size    : 12296 bytes
STATUS       : ALREADY PROCESSED

Checking file: 2026-05-26/orders_enriched.csv
File time    : 2026-09-30 17:31:57.304535
File size    : 15280 bytes
STATUS       : ALREADY PROCESSED

Checking file: 2026-05-27/orders_enriched.csv
File time    : 2026-09-30 17:31:57.308195
File size    : 13973 bytes
STATUS       : ALREADY PROCESSED

Checking file: 2026-05-28/orders_enriched.csv
File time    : 2026-09-30 17:31:57.311615
File size    : 14854 bytes
STATUS       : ALREADY PROCESSED

Checking file: 2026-05-29/orders_enriched.csv
File time    : 2026-09-30 17:31:57.315867
File size    : 13318 bytes
STATUS       : ALREADY PROCESSED

Checking file: 2026-05-30/orders_enriched.csv
File time    : 2026-09-30 17:31:57.319581
File size    : 15003 bytes
STATUS       : ALREADY PROCESSED

Checking file: 2026-05-31/orders_enriched.csv
File time    : 2026-09-30 17:31:57.321576
File size    : 15272 bytes
STATUS       : ALREADY PROCESSED

Checking file: 2026-06-01/orders_enriched.csv
File time    : 2026-09-30 17:31:57.327382
File size    : 15582 bytes
STATUS       : ALREADY PROCESSED

Checking file: 2026-06-02/orders_enriched.csv
File time    : 2026-09-30 17:31:57.330390
File size    : 13001 bytes
STATUS       : ALREADY PROCESSED

Checking file: 2026-06-03/orders_enriched.csv
File time    : 2026-09-30 17:31:57.333706
File size    : 12487 bytes
STATUS       : ALREADY PROCESSED

Checking file: 2026-06-04/orders_enriched.csv
File time    : 2026-09-30 17:31:57.336230
File size    : 14905 bytes
STATUS       : ALREADY PROCESSED

Checking file: 2026-06-05/orders_enriched.csv
File time    : 2026-09-30 17:31:57.340881
File size    : 18186 bytes
STATUS       : ALREADY PROCESSED

Checking file: 2026-06-06/orders_enriched.csv
File time    : 2026-09-30 17:31:57.344268
File size    : 15576 bytes
STATUS       : ALREADY PROCESSED

Checking file: 2026-06-07/orders_enriched.csv
File time    : 2026-09-30 17:31:57.347163
File size    : 17755 bytes
STATUS       : ALREADY PROCESSED

Checking file: 2026-06-08/orders_enriched.csv
File time    : 2026-09-30 17:31:57.348159
File size    : 13813 bytes
STATUS       : ALREADY PROCESSED

Checking file: 2026-06-09/orders_enriched.csv
File time    : 2026-09-30 17:31:57.354986
File size    : 15030 bytes
STATUS       : ALREADY PROCESSED

Checking file: 2026-06-10/orders_enriched.csv
File time    : 2026-09-30 17:31:57.358052
File size    : 12913 bytes
STATUS       : ALREADY PROCESSED

Checking file: 2026-06-11/orders_enriched.csv
File time    : 2026-09-30 17:31:57.362222
File size    : 15263 bytes
STATUS       : ALREADY PROCESSED

Checking file: 2026-06-12/orders_enriched.csv
File time    : 2026-09-30 17:31:57.365398
File size    : 15434 bytes
STATUS       : ALREADY PROCESSED

Checking file: 2026-06-13/orders_enriched.csv
File time    : 2026-09-30 17:31:57.368397
File size    : 18141 bytes
STATUS       : ALREADY PROCESSED

Checking file: 2026-06-14/orders_enriched.csv
File time    : 2026-09-30 17:31:57.371636
File size    : 15816 bytes
STATUS       : ALREADY PROCESSED

Checking file: 2026-06-15/orders_enriched.csv
File time    : 2026-09-30 17:31:57.377518
File size    : 14052 bytes
STATUS       : ALREADY PROCESSED

Checking file: 2026-06-16/orders_enriched.csv
File time    : 2026-09-30 17:31:57.380517
File size    : 15899 bytes
STATUS       : ALREADY PROCESSED

Checking file: 2026-06-17/orders_enriched.csv
File time    : 2026-09-30 17:31:57.380517
File size    : 15714 bytes
STATUS       : ALREADY PROCESSED

Checking file: 2026-06-18/orders_enriched.csv
File time    : 2026-09-30 17:31:57.387409
File size    : 14236 bytes
STATUS       : ALREADY PROCESSED

Checking file: 2026-06-19/orders_enriched.csv
File time    : 2026-09-30 17:31:57.390378
File size    : 14867 bytes
STATUS       : ALREADY PROCESSED

Checking file: 2026-06-20/orders_enriched.csv
File time    : 2026-09-30 17:31:57.395658
File size    : 15706 bytes
STATUS       : ALREADY PROCESSED

Checking file: 2026-06-21/orders_enriched.csv
File time    : 2026-09-30 17:31:57.398585
File size    : 15737 bytes
STATUS       : ALREADY PROCESSED

Checking file: 2026-06-22/orders_enriched.csv
File time    : 2026-09-30 17:31:57.398585
File size    : 15872 bytes
STATUS       : ALREADY PROCESSED

Checking file: 2026-06-23/orders_enriched.csv
File time    : 2026-09-30 17:31:57.406160
File size    : 13820 bytes
STATUS       : ALREADY PROCESSED

Checking file: 2026-06-24/orders_enriched.csv
File time    : 2026-09-30 17:31:57.409250
File size    : 10949 bytes
STATUS       : ALREADY PROCESSED

Checking file: 2026-06-25/orders_enriched.csv
File time    : 2026-09-30 17:31:57.410241
File size    : 12767 bytes
STATUS       : ALREADY PROCESSED

Checking file: 2026-06-26/orders_enriched.csv
File time    : 2026-09-30 17:31:57.415459
File size    : 16505 bytes
STATUS       : ALREADY PROCESSED

Checking file: 2026-06-27/orders_enriched.csv
File time    : 2026-09-30 17:31:57.418454
File size    : 17555 bytes
STATUS       : ALREADY PROCESSED

Checking file: 2026-06-28/orders_enriched.csv
File time    : 2026-09-30 17:31:57.422932
File size    : 15500 bytes
STATUS       : ALREADY PROCESSED

Checking file: 2026-06-29/orders_enriched.csv
File time    : 2026-09-30 17:31:57.427079
File size    : 13463 bytes
STATUS       : ALREADY PROCESSED

Checking file: 2026-06-30/orders_enriched.csv
File time    : 2026-09-30 17:31:57.427943
File size    : 12656 bytes
STATUS       : ALREADY PROCESSED

Checking file: 2026-07-01/orders_enriched.csv
File time    : 2026-09-30 17:31:57.433944
File size    : 14741 bytes
STATUS       : ALREADY PROCESSED

Checking file: 2026-07-02/orders_enriched.csv
File time    : 2026-09-30 17:31:57.437851
File size    : 17059 bytes
STATUS       : ALREADY PROCESSED

Checking file: 2026-07-03/orders_enriched.csv
File time    : 2026-09-30 17:31:57.459143
File size    : 16196 bytes
STATUS       : ALREADY PROCESSED

Checking file: 2026-07-04/orders_enriched.csv
File time    : 2026-09-30 17:31:57.459143
File size    : 13335 bytes
STATUS       : ALREADY PROCESSED

Checking file: 2026-07-05/orders_enriched.csv
File time    : 2026-09-30 17:31:57.459143
File size    : 14853 bytes
STATUS       : ALREADY PROCESSED

Checking file: 2026-07-06/orders_enriched.csv
File time    : 2026-09-30 17:31:57.470208
File size    : 17257 bytes
STATUS       : ALREADY PROCESSED

Checking file: 2026-07-07/orders_enriched.csv
File time    : 2026-09-30 17:31:57.474055
File size    : 16883 bytes
STATUS       : ALREADY PROCESSED

Checking file: 2026-07-08/orders_enriched.csv
File time    : 2026-09-30 17:31:57.479239
File size    : 15420 bytes
STATUS       : ALREADY PROCESSED

Checking file: 2026-07-09/orders_enriched.csv
File time    : 2026-09-30 17:31:57.482141
File size    : 13214 bytes
STATUS       : ALREADY PROCESSED

Checking file: 2026-07-10/orders_enriched.csv
File time    : 2026-09-30 17:31:57.489721
File size    : 14799 bytes
STATUS       : ALREADY PROCESSED

Checking file: 2026-07-11/orders_enriched.csv
File time    : 2026-09-30 17:31:57.493134
File size    : 13574 bytes
STATUS       : ALREADY PROCESSED

Checking file: 2026-07-12/orders_enriched.csv
File time    : 2026-09-30 17:31:57.495145
File size    : 18600 bytes
STATUS       : ALREADY PROCESSED

Checking file: 2026-07-13/orders_enriched.csv
File time    : 2026-09-30 17:31:57.500296
File size    : 13661 bytes
STATUS       : ALREADY PROCESSED

Checking file: 2026-07-14/orders_enriched.csv
File time    : 2026-09-30 17:31:57.503202
File size    : 15413 bytes
STATUS       : ALREADY PROCESSED

Checking file: 2026-07-15/orders_enriched.csv
File time    : 2026-09-30 17:31:57.507863
File size    : 15516 bytes
STATUS       : ALREADY PROCESSED

Checking file: 2026-07-16/orders_enriched.csv
File time    : 2026-09-30 17:31:57.511488
File size    : 12926 bytes
STATUS       : ALREADY PROCESSED

Checking file: 2026-07-17/orders_enriched.csv
File time    : 2026-09-30 17:31:57.514489
File size    : 14319 bytes
STATUS       : ALREADY PROCESSED

Checking file: 2026-07-18/orders_enriched.csv
File time    : 2026-09-30 17:31:57.515459
File size    : 15139 bytes
STATUS       : ALREADY PROCESSED

Checking file: 2026-07-19/orders_enriched.csv
File time    : 2026-09-30 17:31:57.521821
File size    : 17052 bytes
STATUS       : ALREADY PROCESSED

Checking file: 2026-07-20/orders_enriched.csv
File time    : 2026-09-30 17:31:57.525921
File size    : 15373 bytes
STATUS       : ALREADY PROCESSED

Checking file: 2026-07-21/orders_enriched.csv
File time    : 2026-09-30 17:31:57.525921
File size    : 12402 bytes
STATUS       : ALREADY PROCESSED

Checking file: 2026-07-22/orders_enriched.csv
File time    : 2026-09-30 17:31:57.533304
File size    : 14423 bytes
STATUS       : ALREADY PROCESSED

Checking file: 2026-07-23/orders_enriched.csv
File time    : 2026-09-30 17:31:57.537896
File size    : 14024 bytes
STATUS       : ALREADY PROCESSED

Checking file: 2026-07-24/orders_enriched.csv
File time    : 2026-09-30 17:31:57.537896
File size    : 15056 bytes
STATUS       : ALREADY PROCESSED

Checking file: 2026-07-25/orders_enriched.csv
File time    : 2026-09-30 17:31:57.546866
File size    : 16133 bytes
STATUS       : ALREADY PROCESSED

Checking file: 2026-07-26/orders_enriched.csv
File time    : 2026-09-30 17:31:57.549872
File size    : 14992 bytes
STATUS       : ALREADY PROCESSED

Checking file: 2026-07-27/orders_enriched.csv
File time    : 2026-09-30 17:31:57.552787
File size    : 14655 bytes
STATUS       : ALREADY PROCESSED

Checking file: 2026-07-28/orders_enriched.csv
File time    : 2026-09-30 17:31:57.558088
File size    : 14134 bytes
STATUS       : ALREADY PROCESSED

Checking file: 2026-07-29/orders_enriched.csv
File time    : 2026-09-30 17:31:57.559072
File size    : 13499 bytes
STATUS       : ALREADY PROCESSED

Checking file: 2026-07-30/orders_enriched.csv
File time    : 2026-09-30 17:31:57.559072
File size    : 17177 bytes
STATUS       : ALREADY PROCESSED

Checking file: 2026-07-31/orders_enriched.csv
File time    : 2026-09-30 17:31:57.559072
File size    : 15051 bytes
STATUS       : ALREADY PROCESSED

Checking file: 2026-08-01/orders_enriched.csv
File time    : 2026-09-30 17:31:57.568549
File size    : 15089 bytes
STATUS       : ALREADY PROCESSED

Checking file: 2026-08-02/orders_enriched.csv
File time    : 2026-09-30 17:31:57.572587
File size    : 14114 bytes
STATUS       : ALREADY PROCESSED

Checking file: 2026-08-03/orders_enriched.csv
File time    : 2026-09-30 17:31:57.576004
File size    : 15264 bytes
STATUS       : ALREADY PROCESSED

Checking file: 2026-08-04/orders_enriched.csv
File time    : 2026-09-30 17:31:57.578021
File size    : 16589 bytes
STATUS       : ALREADY PROCESSED

Checking file: 2026-08-05/orders_enriched.csv
File time    : 2026-09-30 17:31:57.579930
File size    : 16590 bytes
STATUS       : ALREADY PROCESSED

Checking file: 2026-08-06/orders_enriched.csv
File time    : 2026-09-30 17:31:57.583541
File size    : 14553 bytes
STATUS       : ALREADY PROCESSED

Checking file: 2026-08-07/orders_enriched.csv
File time    : 2026-09-30 17:31:57.586467
File size    : 16080 bytes
STATUS       : ALREADY PROCESSED

Checking file: 2026-08-08/orders_enriched.csv
File time    : 2026-09-30 17:31:57.587465
File size    : 19224 bytes
STATUS       : ALREADY PROCESSED

Checking file: 2026-08-09/orders_enriched.csv
File time    : 2026-09-30 17:31:57.593893
File size    : 13949 bytes
STATUS       : ALREADY PROCESSED

Checking file: 2026-08-10/orders_enriched.csv
File time    : 2026-09-30 17:31:57.595809
File size    : 15698 bytes
STATUS       : ALREADY PROCESSED

Checking file: 2026-08-11/orders_enriched.csv
File time    : 2026-09-30 17:31:57.597808
File size    : 16478 bytes
STATUS       : ALREADY PROCESSED

Checking file: 2026-08-12/orders_enriched.csv
File time    : 2026-09-30 17:31:57.601656
File size    : 14086 bytes
STATUS       : ALREADY PROCESSED

Checking file: 2026-08-13/orders_enriched.csv
File time    : 2026-09-30 17:31:57.606339
File size    : 17654 bytes
STATUS       : ALREADY PROCESSED

Checking file: 2026-08-14/orders_enriched.csv
File time    : 2026-09-30 17:31:57.609807
File size    : 17087 bytes
STATUS       : ALREADY PROCESSED

Checking file: 2026-08-15/orders_enriched.csv
File time    : 2026-09-30 17:31:57.612834
File size    : 17770 bytes
STATUS       : ALREADY PROCESSED

Checking file: 2026-08-16/orders_enriched.csv
File time    : 2026-09-30 17:31:57.613797
File size    : 13424 bytes
STATUS       : ALREADY PROCESSED

Checking file: 2026-08-17/orders_enriched.csv
File time    : 2026-09-30 17:31:57.618280
File size    : 15998 bytes
STATUS       : ALREADY PROCESSED

Checking file: 2026-08-18/orders_enriched.csv
File time    : 2026-09-30 17:31:57.621666
File size    : 16408 bytes
STATUS       : ALREADY PROCESSED

Checking file: 2026-08-19/orders_enriched.csv
File time    : 2026-09-30 17:31:57.622741
File size    : 14834 bytes
STATUS       : ALREADY PROCESSED

Checking file: 2026-08-20/orders_enriched.csv
File time    : 2026-09-30 17:31:57.629234
File size    : 16887 bytes
STATUS       : ALREADY PROCESSED

Checking file: 2026-08-21/orders_enriched.csv
File time    : 2026-09-30 17:31:57.631247
File size    : 15686 bytes
STATUS       : ALREADY PROCESSED

Checking file: 2026-08-22/orders_enriched.csv
File time    : 2026-09-30 17:31:57.633301
File size    : 18360 bytes
STATUS       : ALREADY PROCESSED

Checking file: 2026-08-23/orders_enriched.csv
File time    : 2026-09-30 17:31:57.637794
File size    : 15760 bytes
STATUS       : ALREADY PROCESSED

Checking file: 2026-08-24/orders_enriched.csv
File time    : 2026-09-30 17:31:57.640849
File size    : 17483 bytes
STATUS       : ALREADY PROCESSED

Checking file: 2026-08-25/orders_enriched.csv
File time    : 2026-09-30 17:31:57.644567
File size    : 14461 bytes
STATUS       : ALREADY PROCESSED

Checking file: 2026-08-26/orders_enriched.csv
File time    : 2026-09-30 17:31:57.647655
File size    : 14491 bytes
STATUS       : ALREADY PROCESSED

Checking file: 2026-08-27/orders_enriched.csv
File time    : 2026-09-30 17:31:57.649652
File size    : 14298 bytes
STATUS       : ALREADY PROCESSED

Checking file: 2026-08-28/orders_enriched.csv
File time    : 2026-09-30 17:31:57.652692
File size    : 15043 bytes
STATUS       : ALREADY PROCESSED

Checking file: 2026-08-29/orders_enriched.csv
File time    : 2026-09-30 17:31:57.657352
File size    : 14370 bytes
STATUS       : ALREADY PROCESSED

Checking file: 2026-08-30/orders_enriched.csv
File time    : 2026-09-30 17:31:57.659303
File size    : 14086 bytes
STATUS       : ALREADY PROCESSED

NEW/MODIFIED CSV files selected: 0

No new or modified CSV files found.

No new or modified files for orders_enriched.

================================================================================
ORDER SUMMARY
================================================================================
Reading curated orders: D:\airflow_etl\curated\orders\orders.parquet

Order summary written: D:\airflow_etl\curated\order_summary\order_summary.parquet
Summary records: 607

================================================================================
INCREMENTAL ETL JOB COMPLETED
================================================================================

IMPORTANT:
Previously processed RAW CSV files were not reread.
Only NEW / MODIFIED RAW CSV files were read.
Existing curated Parquet files were used for UPSERT and reference validation.

Control file: D:\airflow_etl\processed\incremental_control.json
================================================================================

2026-10-08 12:02:56,723 | INFO | ================================================================================
2026-10-08 12:02:56,724 | INFO | TASK COMPLETED SUCCESSFULLY: EXTRACT RAW DATA
2026-10-08 12:02:56,724 | INFO | ================================================================================
2026-10-08 12:02:56,724 | INFO | 
2026-10-08 12:02:56,724 | INFO | ================================================================================
2026-10-08 12:02:56,724 | INFO | STARTING TASK: ICEBERG TABLE CREATION / LOAD
2026-10-08 12:02:56,724 | INFO | ================================================================================
2026-10-08 12:02:56,724 | INFO | Script: D:\airflow_etl\src\glue_job\Table_format_generate_by_PYICEBURG.py
2026-10-08 12:02:56,724 | INFO | Python: D:\airflow_etl\.venv\Scripts\python.exe
2026-10-08 12:02:56,724 | INFO | Working directory: D:\airflow_etl
2026-10-08 12:02:56,724 | INFO | Execution attempt 1/3
2026-10-08 12:02:59,813 | INFO | SCRIPT OUTPUT:

====================================================================================================
INITIALIZING APACHE ICEBERG
====================================================================================================
Warehouse : D:\airflow_etl\Warehouse
Catalog DB: D:\airflow_etl\Warehouse\pyiceberg_catalog.db
Metadata  : D:\airflow_etl\Warehouse\iceberg_processed_files.json
Namespace already exists: default

Incremental metadata loaded.
  customers: 1 processed file(s)
  order_summary: 1 processed file(s)
  orders: 1 processed file(s)
  orders_enriched: 1 processed file(s)
  products: 1 processed file(s)

====================================================================================================
CURATED PARQUET → APACHE ICEBERG
INCREMENTAL FILE PROCESSING
====================================================================================================

Source : D:\airflow_etl\curated
Target : D:\airflow_etl\Warehouse

Processed file metadata:
D:\airflow_etl\Warehouse\iceberg_processed_files.json

Tables discovered:
  - customers
  - order_summary
  - orders
  - orders_enriched
  - products

====================================================================================================
PROCESSING TABLE: customers
====================================================================================================

Total Parquet files found: 1

SKIP - Already processed:
  customers/customers.parquet

====================================================================================================
NO NEW FILES FOR: customers
Nothing to append to Iceberg.
====================================================================================================

====================================================================================================
PROCESSING TABLE: order_summary
====================================================================================================

Total Parquet files found: 1

SKIP - Already processed:
  order_summary/order_summary.parquet

====================================================================================================
NO NEW FILES FOR: order_summary
Nothing to append to Iceberg.
====================================================================================================

====================================================================================================
PROCESSING TABLE: orders
====================================================================================================

Total Parquet files found: 1

SKIP - Already processed:
  orders/orders.parquet

====================================================================================================
NO NEW FILES FOR: orders
Nothing to append to Iceberg.
====================================================================================================

====================================================================================================
PROCESSING TABLE: orders_enriched
====================================================================================================

Total Parquet files found: 1

SKIP - Already processed:
  orders_enriched/orders_enriched.parquet

====================================================================================================
NO NEW FILES FOR: orders_enriched
Nothing to append to Iceberg.
====================================================================================================

====================================================================================================
PROCESSING TABLE: products
====================================================================================================

Total Parquet files found: 1

SKIP - Already processed:
  products/products.parquet

====================================================================================================
NO NEW FILES FOR: products
Nothing to append to Iceberg.
====================================================================================================

====================================================================================================
ICEBERG TABLES
====================================================================================================
  - ('default', 'customers')
  - ('default', 'order_summary')
  - ('default', 'orders')
  - ('default', 'orders_enriched')
  - ('default', 'products')

====================================================================================================
INCREMENTAL CONVERSION COMPLETED
====================================================================================================

Iceberg Warehouse:
D:\airflow_etl\Warehouse

Processed-file metadata:
D:\airflow_etl\Warehouse\iceberg_processed_files.json

2026-10-08 12:02:59,813 | INFO | ================================================================================
2026-10-08 12:02:59,813 | INFO | TASK COMPLETED SUCCESSFULLY: ICEBERG TABLE CREATION / LOAD
2026-10-08 12:02:59,814 | INFO | ================================================================================
2026-10-08 12:02:59,814 | INFO | 
2026-10-08 12:02:59,814 | INFO | ================================================================================
2026-10-08 12:02:59,814 | INFO | STARTING TASK: FACT / DIMENSION + SCD TYPE 2
2026-10-08 12:02:59,814 | INFO | ================================================================================
2026-10-08 12:02:59,814 | INFO | Script: D:\airflow_etl\src\glue_job\Fact_dim_table_create_with_scd_2.py
2026-10-08 12:02:59,815 | INFO | Python: D:\airflow_etl\.venv\Scripts\python.exe
2026-10-08 12:02:59,815 | INFO | Working directory: D:\airflow_etl
2026-10-08 12:02:59,815 | INFO | Execution attempt 1/3
2026-10-08 12:03:03,747 | INFO | SCRIPT OUTPUT:

====================================================================================================
TASK 7 + TASK 8
FULL STAR SCHEMA + SCD TYPE 2
====================================================================================================

Project root       : D:\airflow_etl
Curated            : D:\airflow_etl\curated
Dimensional DB     : D:\airflow_etl\Warehouse\dimensional_model_catalog.db
Dimensional Store  : D:\airflow_etl\Warehouse\dimensional_model
Namespace          : star_schema
SCD run date       : 2026-10-08

====================================================================================================
READING COMPLETE CURATED DATA
====================================================================================================

Reading curated dataset: customers
Files found: 1
  Reading: D:\airflow_etl\curated\customers\customers.parquet
    Rows=1001, Columns=8

Reading curated dataset: products
Files found: 1
  Reading: D:\airflow_etl\curated\products\products.parquet
    Rows=200, Columns=6

Reading curated dataset: orders
Files found: 1
  Reading: D:\airflow_etl\curated\orders\orders.parquet
    Rows=50000, Columns=13

====================================================================================================
SCD2 INITIAL EFFECTIVE DATE
====================================================================================================

RUN_DATE: 2026-10-08
Earliest order date: 2025-01-01

Initial customer versions will start from the earliest order date.
Dropping existing table: star_schema.dim_customer
Dropped: star_schema.dim_customer

Creating Iceberg table: star_schema.dim_customer
Created: star_schema.dim_customer
Rows: 1001

dim_customer: 0 new customer(s)
dim_customer: 0 changed customer(s)
dim_customer total rows: 1001

====================================================================================================
DIMENSION - dim_product
====================================================================================================
Dropping existing table: star_schema.dim_product
Dropped: star_schema.dim_product

Creating Iceberg table: star_schema.dim_product
Created: star_schema.dim_product
Rows: 200
dim_product: 200 row(s)

====================================================================================================
DIMENSION - dim_store
====================================================================================================
Dropping existing table: star_schema.dim_store
Dropped: star_schema.dim_store

Creating Iceberg table: star_schema.dim_store
Created: star_schema.dim_store
Rows: 50
dim_store: 50 row(s)

====================================================================================================
DIMENSION - dim_date
====================================================================================================
Dropping existing table: star_schema.dim_date
Dropped: star_schema.dim_date

Creating Iceberg table: star_schema.dim_date
Created: star_schema.dim_date
Rows: 607
dim_date: 607 row(s)

====================================================================================================
FACT - fact_sales
====================================================================================================
Unique orders: 50000

Applying customer SCD2 lookup...
Orders after customer SCD2 lookup: 50000
Applying product lookup...
Applying store lookup...
Applying date lookup...

Missing customer keys: 0
Missing product keys : 0
Missing store keys   : 0
Missing date keys    : 0
Dropping existing table: star_schema.fact_sales
Dropped: star_schema.fact_sales

Creating Iceberg table: star_schema.fact_sales
Created: star_schema.fact_sales
Rows: 50000

fact_sales: 50000 row(s)

====================================================================================================
DIMENSIONAL MODEL VERIFICATION
====================================================================================================

Catalog DB:
  D:\airflow_etl\Warehouse\dimensional_model_catalog.db

Dimensional Warehouse:
  D:\airflow_etl\Warehouse\dimensional_model

----------------------------------------------------------------------------------------------------
TABLE: star_schema.dim_customer
Rows: 1001
Columns: 12
Schema:
customer_key: int64
customer_id: large_string
customer_name: large_string
email: large_string
city: large_string
state: large_string
signup_date: date32[day]
customer_segment: large_string
effective_from: date32[day]
effective_to: date32[day]
is_current: bool
version: int32
Snapshots: 1

----------------------------------------------------------------------------------------------------
TABLE: star_schema.dim_product
Rows: 200
Columns: 6
Schema:
product_key: int64
product_id: large_string
product_name: large_string
category: large_string
price: double
supplier: large_string
Snapshots: 1

----------------------------------------------------------------------------------------------------
TABLE: star_schema.dim_store
Rows: 50
Columns: 2
Schema:
store_key: int64
store_id: large_string
Snapshots: 1

----------------------------------------------------------------------------------------------------
TABLE: star_schema.dim_date
Rows: 607
Columns: 10
Schema:
date_key: int32
full_date: date32[day]
year: int32
quarter: int32
month: int32
month_name: large_string
day: int32
day_of_week: int32
day_name: large_string
week_of_year: int32
Snapshots: 1

----------------------------------------------------------------------------------------------------
TABLE: star_schema.fact_sales
Rows: 50000
Columns: 8
Schema:
sale_id: large_string
customer_key: int64
product_key: int64
store_key: int64
date_key: int32
quantity: int64
sales_amount: double
discount: double
Snapshots: 1

====================================================================================================
SCD TYPE 2 VERIFICATION
====================================================================================================

Total customer rows : 1001
Current records     : 1001
Historical records : 0

PASS: One current record per customer.
PASS: Effective date ranges are valid.

fact_sales rows: 50000

PASS: fact_sales schema is correct.
PASS: No duplicate sale_id values.

====================================================================================================
STAR SCHEMA
====================================================================================================


                         dim_customer
                         ------------
                         customer_key
                              |
                              |
                              |
dim_product -----------> fact_sales <----------- dim_store
------------              ----------              ---------
product_key               sale_id                 store_key
product_id                customer_key            store_id
                          product_key
                          store_key
                          date_key
                          quantity
                          sales_amount
                          discount
                              |
                              |
                           dim_date
                           --------
                           date_key
                           full_date

DIMENSIONS:
  1. dim_customer  -> SCD Type 2
  2. dim_product
  3. dim_store
  4. dim_date

FACT:
  5. fact_sales

FACT COLUMNS:
  sale_id
  customer_key
  product_key
  store_key
  date_key
  quantity
  sales_amount
  discount

====================================================================================================
TASK 7 + TASK 8 COMPLETED SUCCESSFULLY
====================================================================================================

CATALOG:
  D:\airflow_etl\Warehouse\dimensional_model_catalog.db

WAREHOUSE:
  D:\airflow_etl\Warehouse\dimensional_model

NAMESPACE:
  star_schema

TABLES:
  1. star_schema.dim_customer
  2. star_schema.dim_product
  3. star_schema.dim_store
  4. star_schema.dim_date
  5. star_schema.fact_sales

ROW COUNTS:
  dim_customer : 1001
  dim_product  : 200
  dim_store    : 50
  dim_date     : 607
  fact_sales   : 50000

====================================================================================================

2026-10-08 12:03:03,748 | WARNING | SCRIPT STDERR:
D:\airflow_etl\.venv\Lib\site-packages\pyiceberg\avro\decoder.py:185: UserWarning: Falling back to pure Python Avro decoder, missing Cython implementation
  warnings.warn("Falling back to pure Python Avro decoder, missing Cython implementation")

2026-10-08 12:03:03,748 | INFO | ================================================================================
2026-10-08 12:03:03,748 | INFO | TASK COMPLETED SUCCESSFULLY: FACT / DIMENSION + SCD TYPE 2
2026-10-08 12:03:03,748 | INFO | ================================================================================
2026-10-08 12:03:03,748 | INFO | 
2026-10-08 12:03:03,748 | INFO | ================================================================================
2026-10-08 12:03:03,749 | INFO | STARTING TASK: ANALYTICS
2026-10-08 12:03:03,749 | INFO | ================================================================================
2026-10-08 12:03:03,749 | INFO | Script: D:\airflow_etl\src\glue_job\query_for_anylytics.py
2026-10-08 12:03:03,749 | INFO | Python: D:\airflow_etl\.venv\Scripts\python.exe
2026-10-08 12:03:03,749 | INFO | Working directory: D:\airflow_etl
2026-10-08 12:03:03,749 | INFO | Execution attempt 1/3
2026-10-08 12:03:05,884 | INFO | SCRIPT OUTPUT:

Reading: star_schema.dim_customer
Rows: 1001
Columns: 12

Reading: star_schema.dim_product
Rows: 200
Columns: 6

Reading: star_schema.dim_store
Rows: 50
Columns: 2

Reading: star_schema.dim_date
Rows: 607
Columns: 10

Reading: star_schema.fact_sales
Rows: 50000
Columns: 8


====================================================================================================
QUESTION 1
TOP 10 PRODUCTS BY REVENUE
====================================================================================================


====================================================================================================
Q1 — Top 10 Products by Revenue
====================================================================================================
Result rows: 10
shape: (10, 5)
┌────────────┬──────────────┬─────────────┬──────────┬────────────┐
│ product_id ┆ product_name ┆ category    ┆ revenue  ┆ units_sold │
│ ---        ┆ ---          ┆ ---         ┆ ---      ┆ ---        │
│ str        ┆ str          ┆ str         ┆ f64      ┆ i64        │
╞════════════╪══════════════╪═════════════╪══════════╪════════════╡
│ 157        ┆ Product_0157 ┆ ELECTRONICS ┆ 5.8210e7 ┆ 775        │
│ 179        ┆ Product_0179 ┆ FURNITURE   ┆ 5.8084e7 ┆ 794        │
│ 135        ┆ Product_0135 ┆ FURNITURE   ┆ 5.7982e7 ┆ 776        │
│ 68         ┆ Product_0068 ┆ ELECTRONICS ┆ 5.2339e7 ┆ 791        │
│ 89         ┆ Product_0089 ┆ ELECTRONICS ┆ 5.1686e7 ┆ 698        │
│ 124        ┆ Product_0124 ┆ ELECTRONICS ┆ 5.0012e7 ┆ 663        │
│ 72         ┆ Product_0072 ┆ FURNITURE   ┆ 4.9750e7 ┆ 681        │
│ 143        ┆ Product_0143 ┆ FURNITURE   ┆ 4.7181e7 ┆ 753        │
│ 108        ┆ Product_0108 ┆ ELECTRONICS ┆ 4.4583e7 ┆ 649        │
│ 73         ┆ Product_0073 ┆ ELECTRONICS ┆ 4.3912e7 ┆ 664        │
└────────────┴──────────────┴─────────────┴──────────┴────────────┘


====================================================================================================
QUESTION 2
CITIES WITH HIGHEST SALES
====================================================================================================


====================================================================================================
Q2 — Cities Ranked by Sales
====================================================================================================
Result rows: 20
shape: (20, 3)
┌───────────┬─────────────┬────────┐
│ city      ┆ total_sales ┆ orders │
│ ---       ┆ ---         ┆ ---    │
│ str       ┆ f64         ┆ u32    │
╞═══════════╪═════════════╪════════╡
│ Mumbai    ┆ 1.6245e8    ┆ 3217   │
│ Ahmedabad ┆ 1.4628e8    ┆ 2754   │
│ Kochi     ┆ 1.4606e8    ┆ 2805   │
│ Jaipur    ┆ 1.4428e8    ┆ 2811   │
│ Kolkata   ┆ 1.3841e8    ┆ 2995   │
│ …         ┆ …           ┆ …      │
│ Hyderabad ┆ 1.1396e8    ┆ 2296   │
│ Noida     ┆ 1.1228e8    ┆ 2259   │
│ Chennai   ┆ 9.8671e7    ┆ 1968   │
│ Patna     ┆ 9.5536e7    ┆ 1905   │
│ Gurugram  ┆ 7.7483e7    ┆ 1576   │
└───────────┴─────────────┴────────┘


====================================================================================================
QUESTION 3
MONTH-OVER-MONTH REVENUE
====================================================================================================


====================================================================================================
Q3 — Month-over-Month Revenue
====================================================================================================
Result rows: 20
shape: (20, 5)
┌────────────┬──────────┬────────┬────────────────────────┬────────────────────┐
│ month      ┆ revenue  ┆ orders ┆ previous_month_revenue ┆ mom_growth_percent │
│ ---        ┆ ---      ┆ ---    ┆ ---                    ┆ ---                │
│ date       ┆ f64      ┆ u32    ┆ f64                    ┆ f64                │
╞════════════╪══════════╪════════╪════════════════════════╪════════════════════╡
│ 2025-01-01 ┆ 1.2290e8 ┆ 2486   ┆ null                   ┆ null               │
│ 2025-02-01 ┆ 1.1471e8 ┆ 2264   ┆ 1.2290e8               ┆ -6.662076          │
│ 2025-03-01 ┆ 1.2840e8 ┆ 2528   ┆ 1.1471e8               ┆ 11.937866          │
│ 2025-04-01 ┆ 1.2627e8 ┆ 2460   ┆ 1.2840e8               ┆ -1.66239           │
│ 2025-05-01 ┆ 1.3223e8 ┆ 2554   ┆ 1.2627e8               ┆ 4.720801           │
│ …          ┆ …        ┆ …      ┆ …                      ┆ …                  │
│ 2026-04-01 ┆ 1.2389e8 ┆ 2451   ┆ 1.2879e8               ┆ -3.802916          │
│ 2026-05-01 ┆ 1.2892e8 ┆ 2537   ┆ 1.2389e8               ┆ 4.061959           │
│ 2026-06-01 ┆ 1.2148e8 ┆ 2437   ┆ 1.2892e8               ┆ -5.770253          │
│ 2026-07-01 ┆ 1.3200e8 ┆ 2535   ┆ 1.2148e8               ┆ 8.656791           │
│ 2026-08-01 ┆ 1.2240e8 ┆ 2562   ┆ 1.3200e8               ┆ -7.275243          │
└────────────┴──────────┴────────┴────────────────────────┴────────────────────┘


====================================================================================================
QUESTION 4
CUSTOMERS WHO HAVE NOT PLACED AN ORDER IN THE LAST 90 DAYS
====================================================================================================
Latest order date : 2026-08-30
90-day cutoff     : 2026-06-01


====================================================================================================
Q4 — Customers Without Orders in Last 90 Days
====================================================================================================
Result rows: 1
shape: (1, 8)
┌─────────────┬─────────────┬─────────────┬────────────┬───────┬─────────┬────────────┬────────────┐
│ customer_ke ┆ customer_id ┆ customer_na ┆ email      ┆ city  ┆ state   ┆ customer_s ┆ effective_ │
│ y           ┆ ---         ┆ me          ┆ ---        ┆ ---   ┆ ---     ┆ egment     ┆ from       │
│ ---         ┆ str         ┆ ---         ┆ str        ┆ str   ┆ str     ┆ ---        ┆ ---        │
│ i64         ┆             ┆ str         ┆            ┆       ┆         ┆ str        ┆ date       │
╞═════════════╪═════════════╪═════════════╪════════════╪═══════╪═════════╪════════════╪════════════╡
│ 746         ┆ 5000        ┆ Customer_50 ┆ customer50 ┆ Surat ┆ GUJARAT ┆ SMB        ┆ 2025-01-01 │
│             ┆             ┆ 00          ┆ 00@example ┆       ┆         ┆            ┆            │
│             ┆             ┆             ┆ .com       ┆       ┆         ┆            ┆            │
└─────────────┴─────────────┴─────────────┴────────────┴───────┴─────────┴────────────┴────────────┘


====================================================================================================
QUESTION 5
PRODUCT CATEGORIES WITH DECLINING SALES
====================================================================================================
Previous month: 2026-07-01
Latest month  : 2026-08-01


====================================================================================================
Q5 — Product Categories With Declining Sales
====================================================================================================
Result rows: 3
shape: (3, 5)
┌─────────────────┬───────────────────────┬──────────────────────┬────────────────┬────────────────┐
│ category        ┆ previous_month_revenu ┆ latest_month_revenue ┆ revenue_change ┆ change_percent │
│ ---             ┆ e                     ┆ ---                  ┆ ---            ┆ ---            │
│ str             ┆ ---                   ┆ f64                  ┆ f64            ┆ f64            │
│                 ┆ f64                   ┆                      ┆                ┆                │
╞═════════════════╪═══════════════════════╪══════════════════════╪════════════════╪════════════════╡
│ ELECTRONICS     ┆ 4.1649e7              ┆ 3.7096e7             ┆ -4.5533e6      ┆ -10.932478     │
│ HOME APPLIANCES ┆ 2.7369e7              ┆ 2.4005e7             ┆ -3.3637e6      ┆ -12.290261     │
│ FURNITURE       ┆ 5.0986e7              ┆ 4.8427e7             ┆ -2.5592e6      ┆ -5.019447      │
└─────────────────┴───────────────────────┴──────────────────────┴────────────────┴────────────────┘


====================================================================================================
TASK 9 COMPLETED SUCCESSFULLY
====================================================================================================

Q1 - Top 10 products by revenue
    Result rows: 10

Q2 - Cities ranked by sales
    Result rows: 20

Q3 - Month-over-month revenue
    Result rows: 20

Q4 - Customers without orders in last 90 days
    Result rows: 1

Q5 - Product categories with declining sales
    Result rows: 3

Results saved to:
D:\airflow_etl\task9_results

====================================================================================================
ALL ANALYTICS QUERIES COMPLETED
====================================================================================================

2026-10-08 12:03:05,884 | WARNING | SCRIPT STDERR:
D:\airflow_etl\.venv\Lib\site-packages\pyiceberg\avro\decoder.py:185: UserWarning: Falling back to pure Python Avro decoder, missing Cython implementation
  warnings.warn("Falling back to pure Python Avro decoder, missing Cython implementation")

2026-10-08 12:03:05,884 | INFO | ================================================================================
2026-10-08 12:03:05,885 | INFO | TASK COMPLETED SUCCESSFULLY: ANALYTICS
2026-10-08 12:03:05,885 | INFO | ================================================================================
2026-10-08 12:03:05,885 | INFO | 
2026-10-08 12:03:05,885 | INFO | ################################################################################
2026-10-08 12:03:05,885 | INFO | PIPELINE COMPLETED SUCCESSFULLY
2026-10-08 12:03:05,885 | INFO | ################################################################################
2026-10-08 12:03:05,886 | INFO | Start time: 2026-10-08 12:02:53.249344
2026-10-08 12:03:05,886 | INFO | End time: 2026-10-08 12:03:05.885467
2026-10-08 12:03:05,886 | INFO | Total duration: 0:00:12.636123
2026-10-08 12:03:05,886 | INFO | Log file: D:\airflow_etl\logs\pipeline_20261008_120253.log
2026-10-08 12:03:05,886 | INFO | ################################################################################
